Copyright 1986-2022 Xilinx, Inc. All Rights Reserved. Copyright 2022-2024 Advanced Micro Devices, Inc. All Rights Reserved.
---------------------------------------------------------------------------------------------------------------------------------------------------------------------------------------------------------------------------------------------
| Tool Version : Vivado v.2024.2 (win64) Build 5239630 Fri Nov 08 22:35:27 MST 2024
| Date         : Thu Mar 20 00:58:59 2025
| Host         : LAPTOP-D6BOEUU6 running 64-bit major release  (build 9200)
| Command      : report_timing_summary -max_paths 10 -report_unconstrained -file design_1_wrapper_timing_summary_routed.rpt -pb design_1_wrapper_timing_summary_routed.pb -rpx design_1_wrapper_timing_summary_routed.rpx -warn_on_violation
| Design       : design_1_wrapper
| Device       : 7z020-clg400
| Speed File   : -1  PRODUCTION 1.12 2019-11-22
| Design State : Routed
---------------------------------------------------------------------------------------------------------------------------------------------------------------------------------------------------------------------------------------------

Timing Summary Report

------------------------------------------------------------------------------------------------
| Timer Settings
| --------------
------------------------------------------------------------------------------------------------

  Enable Multi Corner Analysis               :  Yes
  Enable Pessimism Removal                   :  Yes
  Pessimism Removal Resolution               :  Nearest Common Node
  Enable Input Delay Default Clock           :  No
  Enable Preset / Clear Arcs                 :  No
  Disable Flight Delays                      :  No
  Ignore I/O Paths                           :  No
  Timing Early Launch at Borrowing Latches   :  No
  Borrow Time for Max Delay Exceptions       :  Yes
  Merge Timing Exceptions                    :  Yes
  Inter-SLR Compensation                     :  Conservative

  Corner  Analyze    Analyze    
  Name    Max Paths  Min Paths  
  ------  ---------  ---------  
  Slow    Yes        Yes        
  Fast    Yes        Yes        


------------------------------------------------------------------------------------------------
| Report Methodology
| ------------------
------------------------------------------------------------------------------------------------

Rule     Severity  Description                   Violations  
-------  --------  ----------------------------  ----------  
LUTAR-1  Warning   LUT drives async reset alert  3           

Note: This report is based on the most recent report_methodology run and may not be up-to-date. Run report_methodology on the current design for the latest report.



check_timing report

Table of Contents
-----------------
1. checking no_clock (0)
2. checking constant_clock (0)
3. checking pulse_width_clock (0)
4. checking unconstrained_internal_endpoints (0)
5. checking no_input_delay (0)
6. checking no_output_delay (0)
7. checking multiple_clock (0)
8. checking generated_clocks (0)
9. checking loops (0)
10. checking partial_input_delay (0)
11. checking partial_output_delay (0)
12. checking latch_loops (0)

1. checking no_clock (0)
------------------------
 There are 0 register/latch pins with no clock.


2. checking constant_clock (0)
------------------------------
 There are 0 register/latch pins with constant_clock.


3. checking pulse_width_clock (0)
---------------------------------
 There are 0 register/latch pins which need pulse_width check


4. checking unconstrained_internal_endpoints (0)
------------------------------------------------
 There are 0 pins that are not constrained for maximum delay.

 There are 0 pins that are not constrained for maximum delay due to constant clock.


5. checking no_input_delay (0)
------------------------------
 There are 0 input ports with no input delay specified.

 There are 0 input ports with no input delay but user has a false path constraint.


6. checking no_output_delay (0)
-------------------------------
 There are 0 ports with no output delay specified.

 There are 0 ports with no output delay but user has a false path constraint

 There are 0 ports with no output delay but with a timing clock defined on it or propagating through it


7. checking multiple_clock (0)
------------------------------
 There are 0 register/latch pins with multiple clocks.


8. checking generated_clocks (0)
--------------------------------
 There are 0 generated clocks that are not connected to a clock source.


9. checking loops (0)
---------------------
 There are 0 combinational loops in the design.


10. checking partial_input_delay (0)
------------------------------------
 There are 0 input ports with partial input delay specified.


11. checking partial_output_delay (0)
-------------------------------------
 There are 0 ports with partial output delay specified.


12. checking latch_loops (0)
----------------------------
 There are 0 combinational latch loops in the design through latch input



------------------------------------------------------------------------------------------------
| Design Timing Summary
| ---------------------
------------------------------------------------------------------------------------------------

    WNS(ns)      TNS(ns)  TNS Failing Endpoints  TNS Total Endpoints      WHS(ns)      THS(ns)  THS Failing Endpoints  THS Total Endpoints     WPWS(ns)     TPWS(ns)  TPWS Failing Endpoints  TPWS Total Endpoints  
    -------      -------  ---------------------  -------------------      -------      -------  ---------------------  -------------------     --------     --------  ----------------------  --------------------  
      0.251        0.000                      0                52919        0.011        0.000                      0                52919        3.750        0.000                       0                 22013  


All user specified timing constraints are met.


------------------------------------------------------------------------------------------------
| Clock Summary
| -------------
------------------------------------------------------------------------------------------------

Clock       Waveform(ns)       Period(ns)      Frequency(MHz)
-----       ------------       ----------      --------------
clk_fpga_0  {0.000 5.000}      10.000          100.000         


------------------------------------------------------------------------------------------------
| Intra Clock Table
| -----------------
------------------------------------------------------------------------------------------------

Clock             WNS(ns)      TNS(ns)  TNS Failing Endpoints  TNS Total Endpoints      WHS(ns)      THS(ns)  THS Failing Endpoints  THS Total Endpoints     WPWS(ns)     TPWS(ns)  TPWS Failing Endpoints  TPWS Total Endpoints  
-----             -------      -------  ---------------------  -------------------      -------      -------  ---------------------  -------------------     --------     --------  ----------------------  --------------------  
clk_fpga_0          0.251        0.000                      0                52823        0.011        0.000                      0                52823        3.750        0.000                       0                 22013  


------------------------------------------------------------------------------------------------
| Inter Clock Table
| -----------------
------------------------------------------------------------------------------------------------

From Clock    To Clock          WNS(ns)      TNS(ns)  TNS Failing Endpoints  TNS Total Endpoints      WHS(ns)      THS(ns)  THS Failing Endpoints  THS Total Endpoints  
----------    --------          -------      -------  ---------------------  -------------------      -------      -------  ---------------------  -------------------  


------------------------------------------------------------------------------------------------
| Other Path Groups Table
| -----------------------
------------------------------------------------------------------------------------------------

Path Group         From Clock         To Clock               WNS(ns)      TNS(ns)  TNS Failing Endpoints  TNS Total Endpoints      WHS(ns)      THS(ns)  THS Failing Endpoints  THS Total Endpoints  
----------         ----------         --------               -------      -------  ---------------------  -------------------      -------      -------  ---------------------  -------------------  
**async_default**  clk_fpga_0         clk_fpga_0               5.861        0.000                      0                   96        0.643        0.000                      0                   96  


------------------------------------------------------------------------------------------------
| User Ignored Path Table
| -----------------------
------------------------------------------------------------------------------------------------

Path Group    From Clock    To Clock    
----------    ----------    --------    
(none)                      clk_fpga_0    
(none)        clk_fpga_0    clk_fpga_0    


------------------------------------------------------------------------------------------------
| Unconstrained Path Table
| ------------------------
------------------------------------------------------------------------------------------------

Path Group    From Clock    To Clock    
----------    ----------    --------    
(none)                      clk_fpga_0    


------------------------------------------------------------------------------------------------
| Timing Details
| --------------
------------------------------------------------------------------------------------------------


---------------------------------------------------------------------------------------------------
From Clock:  clk_fpga_0
  To Clock:  clk_fpga_0

Setup :            0  Failing Endpoints,  Worst Slack        0.251ns,  Total Violation        0.000ns
Hold  :            0  Failing Endpoints,  Worst Slack        0.011ns,  Total Violation        0.000ns
PW    :            0  Failing Endpoints,  Worst Slack        3.750ns,  Total Violation        0.000ns
---------------------------------------------------------------------------------------------------


Max Delay Paths
--------------------------------------------------------------------------------------
Slack (MET) :             0.251ns  (required time - arrival time)
  Source:                 design_1_i/filter_kernel_0/inst/grp_filter_kernel_Pipeline_VITIS_LOOP_137_8_fu_296/uitofp_32ns_32_6_no_dsp_1_U78/ce_r_reg/C
                            (rising edge-triggered cell FDRE clocked by clk_fpga_0  {rise@0.000ns fall@5.000ns period=10.000ns})
  Destination:            <hidden>
                            (rising edge-triggered cell DSP48E1 clocked by clk_fpga_0  {rise@0.000ns fall@5.000ns period=10.000ns})
  Path Group:             clk_fpga_0
  Path Type:              Setup (Max at Slow Process Corner)
  Requirement:            10.000ns  (clk_fpga_0 rise@10.000ns - clk_fpga_0 rise@0.000ns)
  Data Path Delay:        9.130ns  (logic 0.456ns (4.994%)  route 8.674ns (95.006%))
  Logic Levels:           0  
  Clock Path Skew:        0.059ns (DCD - SCD + CPR)
    Destination Clock Delay (DCD):    2.889ns = ( 12.889 - 10.000 ) 
    Source Clock Delay      (SCD):    2.959ns
    Clock Pessimism Removal (CPR):    0.129ns
  Clock Uncertainty:      0.154ns  ((TSJ^2 + TIJ^2)^1/2 + DJ) / 2 + PE
    Total System Jitter     (TSJ):    0.071ns
    Total Input Jitter      (TIJ):    0.300ns
    Discrete Jitter          (DJ):    0.000ns
    Phase Error              (PE):    0.000ns

    Location             Delay type                Incr(ns)  Path(ns)    Netlist Resource(s)
  -------------------------------------------------------------------    -------------------
                         (clock clk_fpga_0 rise edge)
                                                      0.000     0.000 r  
    PS7_X0Y0             PS7                          0.000     0.000 r  design_1_i/processing_system7_0/inst/PS7_i/FCLKCLK[0]
                         net (fo=1, routed)           1.193     1.193    design_1_i/processing_system7_0/inst/FCLK_CLK_unbuffered[0]
    BUFGCTRL_X0Y16       BUFG (Prop_bufg_I_O)         0.101     1.294 r  design_1_i/processing_system7_0/inst/buffer_fclk_clk_0.FCLK_CLK_0_BUFG/O
                         net (fo=22095, routed)       1.665     2.959    design_1_i/filter_kernel_0/inst/grp_filter_kernel_Pipeline_VITIS_LOOP_137_8_fu_296/uitofp_32ns_32_6_no_dsp_1_U78/ap_clk
    SLICE_X48Y40         FDRE                                         r  design_1_i/filter_kernel_0/inst/grp_filter_kernel_Pipeline_VITIS_LOOP_137_8_fu_296/uitofp_32ns_32_6_no_dsp_1_U78/ce_r_reg/C
  -------------------------------------------------------------------    -------------------
    SLICE_X48Y40         FDRE (Prop_fdre_C_Q)         0.456     3.415 r  design_1_i/filter_kernel_0/inst/grp_filter_kernel_Pipeline_VITIS_LOOP_137_8_fu_296/uitofp_32ns_32_6_no_dsp_1_U78/ce_r_reg/Q
                         net (fo=2988, routed)        8.674    12.089    <hidden>
    DSP48_X4Y14          DSP48E1                                      r  <hidden>
  -------------------------------------------------------------------    -------------------

                         (clock clk_fpga_0 rise edge)
                                                     10.000    10.000 r  
    PS7_X0Y0             PS7                          0.000    10.000 r  design_1_i/processing_system7_0/inst/PS7_i/FCLKCLK[0]
                         net (fo=1, routed)           1.088    11.088    design_1_i/processing_system7_0/inst/FCLK_CLK_unbuffered[0]
    BUFGCTRL_X0Y16       BUFG (Prop_bufg_I_O)         0.091    11.179 r  design_1_i/processing_system7_0/inst/buffer_fclk_clk_0.FCLK_CLK_0_BUFG/O
                         net (fo=22095, routed)       1.710    12.889    <hidden>
    DSP48_X4Y14          DSP48E1                                      r  <hidden>
                         clock pessimism              0.129    13.018    
                         clock uncertainty           -0.154    12.864    
    DSP48_X4Y14          DSP48E1 (Setup_dsp48e1_CLK_CEP)
                                                     -0.524    12.340    <hidden>
  -------------------------------------------------------------------
                         required time                         12.340    
                         arrival time                         -12.089    
  -------------------------------------------------------------------
                         slack                                  0.251    

Slack (MET) :             0.422ns  (required time - arrival time)
  Source:                 design_1_i/filter_kernel_0/inst/grp_filter_kernel_Pipeline_VITIS_LOOP_137_8_fu_296/fadd_32ns_32ns_32_5_full_dsp_1_U34/ce_r_reg/C
                            (rising edge-triggered cell FDRE clocked by clk_fpga_0  {rise@0.000ns fall@5.000ns period=10.000ns})
  Destination:            <hidden>
                            (rising edge-triggered cell FDRE clocked by clk_fpga_0  {rise@0.000ns fall@5.000ns period=10.000ns})
  Path Group:             clk_fpga_0
  Path Type:              Setup (Max at Slow Process Corner)
  Requirement:            10.000ns  (clk_fpga_0 rise@10.000ns - clk_fpga_0 rise@0.000ns)
  Data Path Delay:        8.958ns  (logic 0.456ns (5.090%)  route 8.502ns (94.910%))
  Logic Levels:           0  
  Clock Path Skew:        -0.260ns (DCD - SCD + CPR)
    Destination Clock Delay (DCD):    2.659ns = ( 12.659 - 10.000 ) 
    Source Clock Delay      (SCD):    3.034ns
    Clock Pessimism Removal (CPR):    0.115ns
  Clock Uncertainty:      0.154ns  ((TSJ^2 + TIJ^2)^1/2 + DJ) / 2 + PE
    Total System Jitter     (TSJ):    0.071ns
    Total Input Jitter      (TIJ):    0.300ns
    Discrete Jitter          (DJ):    0.000ns
    Phase Error              (PE):    0.000ns

    Location             Delay type                Incr(ns)  Path(ns)    Netlist Resource(s)
  -------------------------------------------------------------------    -------------------
                         (clock clk_fpga_0 rise edge)
                                                      0.000     0.000 r  
    PS7_X0Y0             PS7                          0.000     0.000 r  design_1_i/processing_system7_0/inst/PS7_i/FCLKCLK[0]
                         net (fo=1, routed)           1.193     1.193    design_1_i/processing_system7_0/inst/FCLK_CLK_unbuffered[0]
    BUFGCTRL_X0Y16       BUFG (Prop_bufg_I_O)         0.101     1.294 r  design_1_i/processing_system7_0/inst/buffer_fclk_clk_0.FCLK_CLK_0_BUFG/O
                         net (fo=22095, routed)       1.740     3.034    design_1_i/filter_kernel_0/inst/grp_filter_kernel_Pipeline_VITIS_LOOP_137_8_fu_296/fadd_32ns_32ns_32_5_full_dsp_1_U34/ap_clk
    SLICE_X88Y48         FDRE                                         r  design_1_i/filter_kernel_0/inst/grp_filter_kernel_Pipeline_VITIS_LOOP_137_8_fu_296/fadd_32ns_32ns_32_5_full_dsp_1_U34/ce_r_reg/C
  -------------------------------------------------------------------    -------------------
    SLICE_X88Y48         FDRE (Prop_fdre_C_Q)         0.456     3.490 r  design_1_i/filter_kernel_0/inst/grp_filter_kernel_Pipeline_VITIS_LOOP_137_8_fu_296/fadd_32ns_32ns_32_5_full_dsp_1_U34/ce_r_reg/Q
                         net (fo=5976, routed)        8.502    11.992    <hidden>
    SLICE_X37Y52         FDRE                                         r  <hidden>
  -------------------------------------------------------------------    -------------------

                         (clock clk_fpga_0 rise edge)
                                                     10.000    10.000 r  
    PS7_X0Y0             PS7                          0.000    10.000 r  design_1_i/processing_system7_0/inst/PS7_i/FCLKCLK[0]
                         net (fo=1, routed)           1.088    11.088    design_1_i/processing_system7_0/inst/FCLK_CLK_unbuffered[0]
    BUFGCTRL_X0Y16       BUFG (Prop_bufg_I_O)         0.091    11.179 r  design_1_i/processing_system7_0/inst/buffer_fclk_clk_0.FCLK_CLK_0_BUFG/O
                         net (fo=22095, routed)       1.480    12.659    <hidden>
    SLICE_X37Y52         FDRE                                         r  <hidden>
                         clock pessimism              0.115    12.774    
                         clock uncertainty           -0.154    12.620    
    SLICE_X37Y52         FDRE (Setup_fdre_C_CE)      -0.205    12.415    <hidden>
  -------------------------------------------------------------------
                         required time                         12.415    
                         arrival time                         -11.992    
  -------------------------------------------------------------------
                         slack                                  0.422    

Slack (MET) :             0.422ns  (required time - arrival time)
  Source:                 design_1_i/filter_kernel_0/inst/grp_filter_kernel_Pipeline_VITIS_LOOP_137_8_fu_296/fadd_32ns_32ns_32_5_full_dsp_1_U34/ce_r_reg/C
                            (rising edge-triggered cell FDRE clocked by clk_fpga_0  {rise@0.000ns fall@5.000ns period=10.000ns})
  Destination:            <hidden>
                            (rising edge-triggered cell FDRE clocked by clk_fpga_0  {rise@0.000ns fall@5.000ns period=10.000ns})
  Path Group:             clk_fpga_0
  Path Type:              Setup (Max at Slow Process Corner)
  Requirement:            10.000ns  (clk_fpga_0 rise@10.000ns - clk_fpga_0 rise@0.000ns)
  Data Path Delay:        8.958ns  (logic 0.456ns (5.090%)  route 8.502ns (94.910%))
  Logic Levels:           0  
  Clock Path Skew:        -0.260ns (DCD - SCD + CPR)
    Destination Clock Delay (DCD):    2.659ns = ( 12.659 - 10.000 ) 
    Source Clock Delay      (SCD):    3.034ns
    Clock Pessimism Removal (CPR):    0.115ns
  Clock Uncertainty:      0.154ns  ((TSJ^2 + TIJ^2)^1/2 + DJ) / 2 + PE
    Total System Jitter     (TSJ):    0.071ns
    Total Input Jitter      (TIJ):    0.300ns
    Discrete Jitter          (DJ):    0.000ns
    Phase Error              (PE):    0.000ns

    Location             Delay type                Incr(ns)  Path(ns)    Netlist Resource(s)
  -------------------------------------------------------------------    -------------------
                         (clock clk_fpga_0 rise edge)
                                                      0.000     0.000 r  
    PS7_X0Y0             PS7                          0.000     0.000 r  design_1_i/processing_system7_0/inst/PS7_i/FCLKCLK[0]
                         net (fo=1, routed)           1.193     1.193    design_1_i/processing_system7_0/inst/FCLK_CLK_unbuffered[0]
    BUFGCTRL_X0Y16       BUFG (Prop_bufg_I_O)         0.101     1.294 r  design_1_i/processing_system7_0/inst/buffer_fclk_clk_0.FCLK_CLK_0_BUFG/O
                         net (fo=22095, routed)       1.740     3.034    design_1_i/filter_kernel_0/inst/grp_filter_kernel_Pipeline_VITIS_LOOP_137_8_fu_296/fadd_32ns_32ns_32_5_full_dsp_1_U34/ap_clk
    SLICE_X88Y48         FDRE                                         r  design_1_i/filter_kernel_0/inst/grp_filter_kernel_Pipeline_VITIS_LOOP_137_8_fu_296/fadd_32ns_32ns_32_5_full_dsp_1_U34/ce_r_reg/C
  -------------------------------------------------------------------    -------------------
    SLICE_X88Y48         FDRE (Prop_fdre_C_Q)         0.456     3.490 r  design_1_i/filter_kernel_0/inst/grp_filter_kernel_Pipeline_VITIS_LOOP_137_8_fu_296/fadd_32ns_32ns_32_5_full_dsp_1_U34/ce_r_reg/Q
                         net (fo=5976, routed)        8.502    11.992    <hidden>
    SLICE_X37Y52         FDRE                                         r  <hidden>
  -------------------------------------------------------------------    -------------------

                         (clock clk_fpga_0 rise edge)
                                                     10.000    10.000 r  
    PS7_X0Y0             PS7                          0.000    10.000 r  design_1_i/processing_system7_0/inst/PS7_i/FCLKCLK[0]
                         net (fo=1, routed)           1.088    11.088    design_1_i/processing_system7_0/inst/FCLK_CLK_unbuffered[0]
    BUFGCTRL_X0Y16       BUFG (Prop_bufg_I_O)         0.091    11.179 r  design_1_i/processing_system7_0/inst/buffer_fclk_clk_0.FCLK_CLK_0_BUFG/O
                         net (fo=22095, routed)       1.480    12.659    <hidden>
    SLICE_X37Y52         FDRE                                         r  <hidden>
                         clock pessimism              0.115    12.774    
                         clock uncertainty           -0.154    12.620    
    SLICE_X37Y52         FDRE (Setup_fdre_C_CE)      -0.205    12.415    <hidden>
  -------------------------------------------------------------------
                         required time                         12.415    
                         arrival time                         -11.992    
  -------------------------------------------------------------------
                         slack                                  0.422    

Slack (MET) :             0.422ns  (required time - arrival time)
  Source:                 design_1_i/filter_kernel_0/inst/grp_filter_kernel_Pipeline_VITIS_LOOP_137_8_fu_296/fadd_32ns_32ns_32_5_full_dsp_1_U34/ce_r_reg/C
                            (rising edge-triggered cell FDRE clocked by clk_fpga_0  {rise@0.000ns fall@5.000ns period=10.000ns})
  Destination:            design_1_i/filter_kernel_0/inst/grp_filter_kernel_Pipeline_VITIS_LOOP_137_8_fu_296/uitofp_32ns_32_6_no_dsp_1_U79/dout_r_reg[21]/CE
                            (rising edge-triggered cell FDRE clocked by clk_fpga_0  {rise@0.000ns fall@5.000ns period=10.000ns})
  Path Group:             clk_fpga_0
  Path Type:              Setup (Max at Slow Process Corner)
  Requirement:            10.000ns  (clk_fpga_0 rise@10.000ns - clk_fpga_0 rise@0.000ns)
  Data Path Delay:        8.958ns  (logic 0.456ns (5.090%)  route 8.502ns (94.910%))
  Logic Levels:           0  
  Clock Path Skew:        -0.260ns (DCD - SCD + CPR)
    Destination Clock Delay (DCD):    2.659ns = ( 12.659 - 10.000 ) 
    Source Clock Delay      (SCD):    3.034ns
    Clock Pessimism Removal (CPR):    0.115ns
  Clock Uncertainty:      0.154ns  ((TSJ^2 + TIJ^2)^1/2 + DJ) / 2 + PE
    Total System Jitter     (TSJ):    0.071ns
    Total Input Jitter      (TIJ):    0.300ns
    Discrete Jitter          (DJ):    0.000ns
    Phase Error              (PE):    0.000ns

    Location             Delay type                Incr(ns)  Path(ns)    Netlist Resource(s)
  -------------------------------------------------------------------    -------------------
                         (clock clk_fpga_0 rise edge)
                                                      0.000     0.000 r  
    PS7_X0Y0             PS7                          0.000     0.000 r  design_1_i/processing_system7_0/inst/PS7_i/FCLKCLK[0]
                         net (fo=1, routed)           1.193     1.193    design_1_i/processing_system7_0/inst/FCLK_CLK_unbuffered[0]
    BUFGCTRL_X0Y16       BUFG (Prop_bufg_I_O)         0.101     1.294 r  design_1_i/processing_system7_0/inst/buffer_fclk_clk_0.FCLK_CLK_0_BUFG/O
                         net (fo=22095, routed)       1.740     3.034    design_1_i/filter_kernel_0/inst/grp_filter_kernel_Pipeline_VITIS_LOOP_137_8_fu_296/fadd_32ns_32ns_32_5_full_dsp_1_U34/ap_clk
    SLICE_X88Y48         FDRE                                         r  design_1_i/filter_kernel_0/inst/grp_filter_kernel_Pipeline_VITIS_LOOP_137_8_fu_296/fadd_32ns_32ns_32_5_full_dsp_1_U34/ce_r_reg/C
  -------------------------------------------------------------------    -------------------
    SLICE_X88Y48         FDRE (Prop_fdre_C_Q)         0.456     3.490 r  design_1_i/filter_kernel_0/inst/grp_filter_kernel_Pipeline_VITIS_LOOP_137_8_fu_296/fadd_32ns_32ns_32_5_full_dsp_1_U34/ce_r_reg/Q
                         net (fo=5976, routed)        8.502    11.992    design_1_i/filter_kernel_0/inst/grp_filter_kernel_Pipeline_VITIS_LOOP_137_8_fu_296/uitofp_32ns_32_6_no_dsp_1_U79/ce_r
    SLICE_X37Y52         FDRE                                         r  design_1_i/filter_kernel_0/inst/grp_filter_kernel_Pipeline_VITIS_LOOP_137_8_fu_296/uitofp_32ns_32_6_no_dsp_1_U79/dout_r_reg[21]/CE
  -------------------------------------------------------------------    -------------------

                         (clock clk_fpga_0 rise edge)
                                                     10.000    10.000 r  
    PS7_X0Y0             PS7                          0.000    10.000 r  design_1_i/processing_system7_0/inst/PS7_i/FCLKCLK[0]
                         net (fo=1, routed)           1.088    11.088    design_1_i/processing_system7_0/inst/FCLK_CLK_unbuffered[0]
    BUFGCTRL_X0Y16       BUFG (Prop_bufg_I_O)         0.091    11.179 r  design_1_i/processing_system7_0/inst/buffer_fclk_clk_0.FCLK_CLK_0_BUFG/O
                         net (fo=22095, routed)       1.480    12.659    design_1_i/filter_kernel_0/inst/grp_filter_kernel_Pipeline_VITIS_LOOP_137_8_fu_296/uitofp_32ns_32_6_no_dsp_1_U79/ap_clk
    SLICE_X37Y52         FDRE                                         r  design_1_i/filter_kernel_0/inst/grp_filter_kernel_Pipeline_VITIS_LOOP_137_8_fu_296/uitofp_32ns_32_6_no_dsp_1_U79/dout_r_reg[21]/C
                         clock pessimism              0.115    12.774    
                         clock uncertainty           -0.154    12.620    
    SLICE_X37Y52         FDRE (Setup_fdre_C_CE)      -0.205    12.415    design_1_i/filter_kernel_0/inst/grp_filter_kernel_Pipeline_VITIS_LOOP_137_8_fu_296/uitofp_32ns_32_6_no_dsp_1_U79/dout_r_reg[21]
  -------------------------------------------------------------------
                         required time                         12.415    
                         arrival time                         -11.992    
  -------------------------------------------------------------------
                         slack                                  0.422    

Slack (MET) :             0.422ns  (required time - arrival time)
  Source:                 design_1_i/filter_kernel_0/inst/grp_filter_kernel_Pipeline_VITIS_LOOP_137_8_fu_296/fadd_32ns_32ns_32_5_full_dsp_1_U34/ce_r_reg/C
                            (rising edge-triggered cell FDRE clocked by clk_fpga_0  {rise@0.000ns fall@5.000ns period=10.000ns})
  Destination:            design_1_i/filter_kernel_0/inst/grp_filter_kernel_Pipeline_VITIS_LOOP_137_8_fu_296/uitofp_32ns_32_6_no_dsp_1_U79/dout_r_reg[9]/CE
                            (rising edge-triggered cell FDRE clocked by clk_fpga_0  {rise@0.000ns fall@5.000ns period=10.000ns})
  Path Group:             clk_fpga_0
  Path Type:              Setup (Max at Slow Process Corner)
  Requirement:            10.000ns  (clk_fpga_0 rise@10.000ns - clk_fpga_0 rise@0.000ns)
  Data Path Delay:        8.958ns  (logic 0.456ns (5.090%)  route 8.502ns (94.910%))
  Logic Levels:           0  
  Clock Path Skew:        -0.260ns (DCD - SCD + CPR)
    Destination Clock Delay (DCD):    2.659ns = ( 12.659 - 10.000 ) 
    Source Clock Delay      (SCD):    3.034ns
    Clock Pessimism Removal (CPR):    0.115ns
  Clock Uncertainty:      0.154ns  ((TSJ^2 + TIJ^2)^1/2 + DJ) / 2 + PE
    Total System Jitter     (TSJ):    0.071ns
    Total Input Jitter      (TIJ):    0.300ns
    Discrete Jitter          (DJ):    0.000ns
    Phase Error              (PE):    0.000ns

    Location             Delay type                Incr(ns)  Path(ns)    Netlist Resource(s)
  -------------------------------------------------------------------    -------------------
                         (clock clk_fpga_0 rise edge)
                                                      0.000     0.000 r  
    PS7_X0Y0             PS7                          0.000     0.000 r  design_1_i/processing_system7_0/inst/PS7_i/FCLKCLK[0]
                         net (fo=1, routed)           1.193     1.193    design_1_i/processing_system7_0/inst/FCLK_CLK_unbuffered[0]
    BUFGCTRL_X0Y16       BUFG (Prop_bufg_I_O)         0.101     1.294 r  design_1_i/processing_system7_0/inst/buffer_fclk_clk_0.FCLK_CLK_0_BUFG/O
                         net (fo=22095, routed)       1.740     3.034    design_1_i/filter_kernel_0/inst/grp_filter_kernel_Pipeline_VITIS_LOOP_137_8_fu_296/fadd_32ns_32ns_32_5_full_dsp_1_U34/ap_clk
    SLICE_X88Y48         FDRE                                         r  design_1_i/filter_kernel_0/inst/grp_filter_kernel_Pipeline_VITIS_LOOP_137_8_fu_296/fadd_32ns_32ns_32_5_full_dsp_1_U34/ce_r_reg/C
  -------------------------------------------------------------------    -------------------
    SLICE_X88Y48         FDRE (Prop_fdre_C_Q)         0.456     3.490 r  design_1_i/filter_kernel_0/inst/grp_filter_kernel_Pipeline_VITIS_LOOP_137_8_fu_296/fadd_32ns_32ns_32_5_full_dsp_1_U34/ce_r_reg/Q
                         net (fo=5976, routed)        8.502    11.992    design_1_i/filter_kernel_0/inst/grp_filter_kernel_Pipeline_VITIS_LOOP_137_8_fu_296/uitofp_32ns_32_6_no_dsp_1_U79/ce_r
    SLICE_X37Y52         FDRE                                         r  design_1_i/filter_kernel_0/inst/grp_filter_kernel_Pipeline_VITIS_LOOP_137_8_fu_296/uitofp_32ns_32_6_no_dsp_1_U79/dout_r_reg[9]/CE
  -------------------------------------------------------------------    -------------------

                         (clock clk_fpga_0 rise edge)
                                                     10.000    10.000 r  
    PS7_X0Y0             PS7                          0.000    10.000 r  design_1_i/processing_system7_0/inst/PS7_i/FCLKCLK[0]
                         net (fo=1, routed)           1.088    11.088    design_1_i/processing_system7_0/inst/FCLK_CLK_unbuffered[0]
    BUFGCTRL_X0Y16       BUFG (Prop_bufg_I_O)         0.091    11.179 r  design_1_i/processing_system7_0/inst/buffer_fclk_clk_0.FCLK_CLK_0_BUFG/O
                         net (fo=22095, routed)       1.480    12.659    design_1_i/filter_kernel_0/inst/grp_filter_kernel_Pipeline_VITIS_LOOP_137_8_fu_296/uitofp_32ns_32_6_no_dsp_1_U79/ap_clk
    SLICE_X37Y52         FDRE                                         r  design_1_i/filter_kernel_0/inst/grp_filter_kernel_Pipeline_VITIS_LOOP_137_8_fu_296/uitofp_32ns_32_6_no_dsp_1_U79/dout_r_reg[9]/C
                         clock pessimism              0.115    12.774    
                         clock uncertainty           -0.154    12.620    
    SLICE_X37Y52         FDRE (Setup_fdre_C_CE)      -0.205    12.415    design_1_i/filter_kernel_0/inst/grp_filter_kernel_Pipeline_VITIS_LOOP_137_8_fu_296/uitofp_32ns_32_6_no_dsp_1_U79/dout_r_reg[9]
  -------------------------------------------------------------------
                         required time                         12.415    
                         arrival time                         -11.992    
  -------------------------------------------------------------------
                         slack                                  0.422    

Slack (MET) :             0.457ns  (required time - arrival time)
  Source:                 design_1_i/filter_kernel_0/inst/grp_filter_kernel_Pipeline_VITIS_LOOP_137_8_fu_296/fadd_32ns_32ns_32_5_full_dsp_1_U34/ce_r_reg/C
                            (rising edge-triggered cell FDRE clocked by clk_fpga_0  {rise@0.000ns fall@5.000ns period=10.000ns})
  Destination:            design_1_i/filter_kernel_0/inst/grp_filter_kernel_Pipeline_VITIS_LOOP_137_8_fu_296/uitofp_32ns_32_6_no_dsp_1_U80/dout_r_reg[20]/CE
                            (rising edge-triggered cell FDRE clocked by clk_fpga_0  {rise@0.000ns fall@5.000ns period=10.000ns})
  Path Group:             clk_fpga_0
  Path Type:              Setup (Max at Slow Process Corner)
  Requirement:            10.000ns  (clk_fpga_0 rise@10.000ns - clk_fpga_0 rise@0.000ns)
  Data Path Delay:        8.954ns  (logic 0.456ns (5.093%)  route 8.498ns (94.907%))
  Logic Levels:           0  
  Clock Path Skew:        -0.230ns (DCD - SCD + CPR)
    Destination Clock Delay (DCD):    2.675ns = ( 12.675 - 10.000 ) 
    Source Clock Delay      (SCD):    3.034ns
    Clock Pessimism Removal (CPR):    0.129ns
  Clock Uncertainty:      0.154ns  ((TSJ^2 + TIJ^2)^1/2 + DJ) / 2 + PE
    Total System Jitter     (TSJ):    0.071ns
    Total Input Jitter      (TIJ):    0.300ns
    Discrete Jitter          (DJ):    0.000ns
    Phase Error              (PE):    0.000ns

    Location             Delay type                Incr(ns)  Path(ns)    Netlist Resource(s)
  -------------------------------------------------------------------    -------------------
                         (clock clk_fpga_0 rise edge)
                                                      0.000     0.000 r  
    PS7_X0Y0             PS7                          0.000     0.000 r  design_1_i/processing_system7_0/inst/PS7_i/FCLKCLK[0]
                         net (fo=1, routed)           1.193     1.193    design_1_i/processing_system7_0/inst/FCLK_CLK_unbuffered[0]
    BUFGCTRL_X0Y16       BUFG (Prop_bufg_I_O)         0.101     1.294 r  design_1_i/processing_system7_0/inst/buffer_fclk_clk_0.FCLK_CLK_0_BUFG/O
                         net (fo=22095, routed)       1.740     3.034    design_1_i/filter_kernel_0/inst/grp_filter_kernel_Pipeline_VITIS_LOOP_137_8_fu_296/fadd_32ns_32ns_32_5_full_dsp_1_U34/ap_clk
    SLICE_X88Y48         FDRE                                         r  design_1_i/filter_kernel_0/inst/grp_filter_kernel_Pipeline_VITIS_LOOP_137_8_fu_296/fadd_32ns_32ns_32_5_full_dsp_1_U34/ce_r_reg/C
  -------------------------------------------------------------------    -------------------
    SLICE_X88Y48         FDRE (Prop_fdre_C_Q)         0.456     3.490 r  design_1_i/filter_kernel_0/inst/grp_filter_kernel_Pipeline_VITIS_LOOP_137_8_fu_296/fadd_32ns_32ns_32_5_full_dsp_1_U34/ce_r_reg/Q
                         net (fo=5976, routed)        8.498    11.988    design_1_i/filter_kernel_0/inst/grp_filter_kernel_Pipeline_VITIS_LOOP_137_8_fu_296/uitofp_32ns_32_6_no_dsp_1_U80/ce_r
    SLICE_X40Y49         FDRE                                         r  design_1_i/filter_kernel_0/inst/grp_filter_kernel_Pipeline_VITIS_LOOP_137_8_fu_296/uitofp_32ns_32_6_no_dsp_1_U80/dout_r_reg[20]/CE
  -------------------------------------------------------------------    -------------------

                         (clock clk_fpga_0 rise edge)
                                                     10.000    10.000 r  
    PS7_X0Y0             PS7                          0.000    10.000 r  design_1_i/processing_system7_0/inst/PS7_i/FCLKCLK[0]
                         net (fo=1, routed)           1.088    11.088    design_1_i/processing_system7_0/inst/FCLK_CLK_unbuffered[0]
    BUFGCTRL_X0Y16       BUFG (Prop_bufg_I_O)         0.091    11.179 r  design_1_i/processing_system7_0/inst/buffer_fclk_clk_0.FCLK_CLK_0_BUFG/O
                         net (fo=22095, routed)       1.496    12.675    design_1_i/filter_kernel_0/inst/grp_filter_kernel_Pipeline_VITIS_LOOP_137_8_fu_296/uitofp_32ns_32_6_no_dsp_1_U80/ap_clk
    SLICE_X40Y49         FDRE                                         r  design_1_i/filter_kernel_0/inst/grp_filter_kernel_Pipeline_VITIS_LOOP_137_8_fu_296/uitofp_32ns_32_6_no_dsp_1_U80/dout_r_reg[20]/C
                         clock pessimism              0.129    12.804    
                         clock uncertainty           -0.154    12.650    
    SLICE_X40Y49         FDRE (Setup_fdre_C_CE)      -0.205    12.445    design_1_i/filter_kernel_0/inst/grp_filter_kernel_Pipeline_VITIS_LOOP_137_8_fu_296/uitofp_32ns_32_6_no_dsp_1_U80/dout_r_reg[20]
  -------------------------------------------------------------------
                         required time                         12.445    
                         arrival time                         -11.988    
  -------------------------------------------------------------------
                         slack                                  0.457    

Slack (MET) :             0.457ns  (required time - arrival time)
  Source:                 design_1_i/filter_kernel_0/inst/grp_filter_kernel_Pipeline_VITIS_LOOP_137_8_fu_296/fadd_32ns_32ns_32_5_full_dsp_1_U34/ce_r_reg/C
                            (rising edge-triggered cell FDRE clocked by clk_fpga_0  {rise@0.000ns fall@5.000ns period=10.000ns})
  Destination:            <hidden>
                            (rising edge-triggered cell FDRE clocked by clk_fpga_0  {rise@0.000ns fall@5.000ns period=10.000ns})
  Path Group:             clk_fpga_0
  Path Type:              Setup (Max at Slow Process Corner)
  Requirement:            10.000ns  (clk_fpga_0 rise@10.000ns - clk_fpga_0 rise@0.000ns)
  Data Path Delay:        8.954ns  (logic 0.456ns (5.093%)  route 8.498ns (94.907%))
  Logic Levels:           0  
  Clock Path Skew:        -0.230ns (DCD - SCD + CPR)
    Destination Clock Delay (DCD):    2.675ns = ( 12.675 - 10.000 ) 
    Source Clock Delay      (SCD):    3.034ns
    Clock Pessimism Removal (CPR):    0.129ns
  Clock Uncertainty:      0.154ns  ((TSJ^2 + TIJ^2)^1/2 + DJ) / 2 + PE
    Total System Jitter     (TSJ):    0.071ns
    Total Input Jitter      (TIJ):    0.300ns
    Discrete Jitter          (DJ):    0.000ns
    Phase Error              (PE):    0.000ns

    Location             Delay type                Incr(ns)  Path(ns)    Netlist Resource(s)
  -------------------------------------------------------------------    -------------------
                         (clock clk_fpga_0 rise edge)
                                                      0.000     0.000 r  
    PS7_X0Y0             PS7                          0.000     0.000 r  design_1_i/processing_system7_0/inst/PS7_i/FCLKCLK[0]
                         net (fo=1, routed)           1.193     1.193    design_1_i/processing_system7_0/inst/FCLK_CLK_unbuffered[0]
    BUFGCTRL_X0Y16       BUFG (Prop_bufg_I_O)         0.101     1.294 r  design_1_i/processing_system7_0/inst/buffer_fclk_clk_0.FCLK_CLK_0_BUFG/O
                         net (fo=22095, routed)       1.740     3.034    design_1_i/filter_kernel_0/inst/grp_filter_kernel_Pipeline_VITIS_LOOP_137_8_fu_296/fadd_32ns_32ns_32_5_full_dsp_1_U34/ap_clk
    SLICE_X88Y48         FDRE                                         r  design_1_i/filter_kernel_0/inst/grp_filter_kernel_Pipeline_VITIS_LOOP_137_8_fu_296/fadd_32ns_32ns_32_5_full_dsp_1_U34/ce_r_reg/C
  -------------------------------------------------------------------    -------------------
    SLICE_X88Y48         FDRE (Prop_fdre_C_Q)         0.456     3.490 r  design_1_i/filter_kernel_0/inst/grp_filter_kernel_Pipeline_VITIS_LOOP_137_8_fu_296/fadd_32ns_32ns_32_5_full_dsp_1_U34/ce_r_reg/Q
                         net (fo=5976, routed)        8.498    11.988    <hidden>
    SLICE_X40Y49         FDRE                                         r  <hidden>
  -------------------------------------------------------------------    -------------------

                         (clock clk_fpga_0 rise edge)
                                                     10.000    10.000 r  
    PS7_X0Y0             PS7                          0.000    10.000 r  design_1_i/processing_system7_0/inst/PS7_i/FCLKCLK[0]
                         net (fo=1, routed)           1.088    11.088    design_1_i/processing_system7_0/inst/FCLK_CLK_unbuffered[0]
    BUFGCTRL_X0Y16       BUFG (Prop_bufg_I_O)         0.091    11.179 r  design_1_i/processing_system7_0/inst/buffer_fclk_clk_0.FCLK_CLK_0_BUFG/O
                         net (fo=22095, routed)       1.496    12.675    <hidden>
    SLICE_X40Y49         FDRE                                         r  <hidden>
                         clock pessimism              0.129    12.804    
                         clock uncertainty           -0.154    12.650    
    SLICE_X40Y49         FDRE (Setup_fdre_C_CE)      -0.205    12.445    <hidden>
  -------------------------------------------------------------------
                         required time                         12.445    
                         arrival time                         -11.988    
  -------------------------------------------------------------------
                         slack                                  0.457    

Slack (MET) :             0.457ns  (required time - arrival time)
  Source:                 design_1_i/filter_kernel_0/inst/grp_filter_kernel_Pipeline_VITIS_LOOP_137_8_fu_296/fadd_32ns_32ns_32_5_full_dsp_1_U34/ce_r_reg/C
                            (rising edge-triggered cell FDRE clocked by clk_fpga_0  {rise@0.000ns fall@5.000ns period=10.000ns})
  Destination:            <hidden>
                            (rising edge-triggered cell FDRE clocked by clk_fpga_0  {rise@0.000ns fall@5.000ns period=10.000ns})
  Path Group:             clk_fpga_0
  Path Type:              Setup (Max at Slow Process Corner)
  Requirement:            10.000ns  (clk_fpga_0 rise@10.000ns - clk_fpga_0 rise@0.000ns)
  Data Path Delay:        8.954ns  (logic 0.456ns (5.093%)  route 8.498ns (94.907%))
  Logic Levels:           0  
  Clock Path Skew:        -0.230ns (DCD - SCD + CPR)
    Destination Clock Delay (DCD):    2.675ns = ( 12.675 - 10.000 ) 
    Source Clock Delay      (SCD):    3.034ns
    Clock Pessimism Removal (CPR):    0.129ns
  Clock Uncertainty:      0.154ns  ((TSJ^2 + TIJ^2)^1/2 + DJ) / 2 + PE
    Total System Jitter     (TSJ):    0.071ns
    Total Input Jitter      (TIJ):    0.300ns
    Discrete Jitter          (DJ):    0.000ns
    Phase Error              (PE):    0.000ns

    Location             Delay type                Incr(ns)  Path(ns)    Netlist Resource(s)
  -------------------------------------------------------------------    -------------------
                         (clock clk_fpga_0 rise edge)
                                                      0.000     0.000 r  
    PS7_X0Y0             PS7                          0.000     0.000 r  design_1_i/processing_system7_0/inst/PS7_i/FCLKCLK[0]
                         net (fo=1, routed)           1.193     1.193    design_1_i/processing_system7_0/inst/FCLK_CLK_unbuffered[0]
    BUFGCTRL_X0Y16       BUFG (Prop_bufg_I_O)         0.101     1.294 r  design_1_i/processing_system7_0/inst/buffer_fclk_clk_0.FCLK_CLK_0_BUFG/O
                         net (fo=22095, routed)       1.740     3.034    design_1_i/filter_kernel_0/inst/grp_filter_kernel_Pipeline_VITIS_LOOP_137_8_fu_296/fadd_32ns_32ns_32_5_full_dsp_1_U34/ap_clk
    SLICE_X88Y48         FDRE                                         r  design_1_i/filter_kernel_0/inst/grp_filter_kernel_Pipeline_VITIS_LOOP_137_8_fu_296/fadd_32ns_32ns_32_5_full_dsp_1_U34/ce_r_reg/C
  -------------------------------------------------------------------    -------------------
    SLICE_X88Y48         FDRE (Prop_fdre_C_Q)         0.456     3.490 r  design_1_i/filter_kernel_0/inst/grp_filter_kernel_Pipeline_VITIS_LOOP_137_8_fu_296/fadd_32ns_32ns_32_5_full_dsp_1_U34/ce_r_reg/Q
                         net (fo=5976, routed)        8.498    11.988    <hidden>
    SLICE_X40Y49         FDRE                                         r  <hidden>
  -------------------------------------------------------------------    -------------------

                         (clock clk_fpga_0 rise edge)
                                                     10.000    10.000 r  
    PS7_X0Y0             PS7                          0.000    10.000 r  design_1_i/processing_system7_0/inst/PS7_i/FCLKCLK[0]
                         net (fo=1, routed)           1.088    11.088    design_1_i/processing_system7_0/inst/FCLK_CLK_unbuffered[0]
    BUFGCTRL_X0Y16       BUFG (Prop_bufg_I_O)         0.091    11.179 r  design_1_i/processing_system7_0/inst/buffer_fclk_clk_0.FCLK_CLK_0_BUFG/O
                         net (fo=22095, routed)       1.496    12.675    <hidden>
    SLICE_X40Y49         FDRE                                         r  <hidden>
                         clock pessimism              0.129    12.804    
                         clock uncertainty           -0.154    12.650    
    SLICE_X40Y49         FDRE (Setup_fdre_C_CE)      -0.205    12.445    <hidden>
  -------------------------------------------------------------------
                         required time                         12.445    
                         arrival time                         -11.988    
  -------------------------------------------------------------------
                         slack                                  0.457    

Slack (MET) :             0.457ns  (required time - arrival time)
  Source:                 design_1_i/filter_kernel_0/inst/grp_filter_kernel_Pipeline_VITIS_LOOP_137_8_fu_296/fadd_32ns_32ns_32_5_full_dsp_1_U34/ce_r_reg/C
                            (rising edge-triggered cell FDRE clocked by clk_fpga_0  {rise@0.000ns fall@5.000ns period=10.000ns})
  Destination:            <hidden>
                            (rising edge-triggered cell FDRE clocked by clk_fpga_0  {rise@0.000ns fall@5.000ns period=10.000ns})
  Path Group:             clk_fpga_0
  Path Type:              Setup (Max at Slow Process Corner)
  Requirement:            10.000ns  (clk_fpga_0 rise@10.000ns - clk_fpga_0 rise@0.000ns)
  Data Path Delay:        8.954ns  (logic 0.456ns (5.093%)  route 8.498ns (94.907%))
  Logic Levels:           0  
  Clock Path Skew:        -0.230ns (DCD - SCD + CPR)
    Destination Clock Delay (DCD):    2.675ns = ( 12.675 - 10.000 ) 
    Source Clock Delay      (SCD):    3.034ns
    Clock Pessimism Removal (CPR):    0.129ns
  Clock Uncertainty:      0.154ns  ((TSJ^2 + TIJ^2)^1/2 + DJ) / 2 + PE
    Total System Jitter     (TSJ):    0.071ns
    Total Input Jitter      (TIJ):    0.300ns
    Discrete Jitter          (DJ):    0.000ns
    Phase Error              (PE):    0.000ns

    Location             Delay type                Incr(ns)  Path(ns)    Netlist Resource(s)
  -------------------------------------------------------------------    -------------------
                         (clock clk_fpga_0 rise edge)
                                                      0.000     0.000 r  
    PS7_X0Y0             PS7                          0.000     0.000 r  design_1_i/processing_system7_0/inst/PS7_i/FCLKCLK[0]
                         net (fo=1, routed)           1.193     1.193    design_1_i/processing_system7_0/inst/FCLK_CLK_unbuffered[0]
    BUFGCTRL_X0Y16       BUFG (Prop_bufg_I_O)         0.101     1.294 r  design_1_i/processing_system7_0/inst/buffer_fclk_clk_0.FCLK_CLK_0_BUFG/O
                         net (fo=22095, routed)       1.740     3.034    design_1_i/filter_kernel_0/inst/grp_filter_kernel_Pipeline_VITIS_LOOP_137_8_fu_296/fadd_32ns_32ns_32_5_full_dsp_1_U34/ap_clk
    SLICE_X88Y48         FDRE                                         r  design_1_i/filter_kernel_0/inst/grp_filter_kernel_Pipeline_VITIS_LOOP_137_8_fu_296/fadd_32ns_32ns_32_5_full_dsp_1_U34/ce_r_reg/C
  -------------------------------------------------------------------    -------------------
    SLICE_X88Y48         FDRE (Prop_fdre_C_Q)         0.456     3.490 r  design_1_i/filter_kernel_0/inst/grp_filter_kernel_Pipeline_VITIS_LOOP_137_8_fu_296/fadd_32ns_32ns_32_5_full_dsp_1_U34/ce_r_reg/Q
                         net (fo=5976, routed)        8.498    11.988    <hidden>
    SLICE_X40Y49         FDRE                                         r  <hidden>
  -------------------------------------------------------------------    -------------------

                         (clock clk_fpga_0 rise edge)
                                                     10.000    10.000 r  
    PS7_X0Y0             PS7                          0.000    10.000 r  design_1_i/processing_system7_0/inst/PS7_i/FCLKCLK[0]
                         net (fo=1, routed)           1.088    11.088    design_1_i/processing_system7_0/inst/FCLK_CLK_unbuffered[0]
    BUFGCTRL_X0Y16       BUFG (Prop_bufg_I_O)         0.091    11.179 r  design_1_i/processing_system7_0/inst/buffer_fclk_clk_0.FCLK_CLK_0_BUFG/O
                         net (fo=22095, routed)       1.496    12.675    <hidden>
    SLICE_X40Y49         FDRE                                         r  <hidden>
                         clock pessimism              0.129    12.804    
                         clock uncertainty           -0.154    12.650    
    SLICE_X40Y49         FDRE (Setup_fdre_C_CE)      -0.205    12.445    <hidden>
  -------------------------------------------------------------------
                         required time                         12.445    
                         arrival time                         -11.988    
  -------------------------------------------------------------------
                         slack                                  0.457    

Slack (MET) :             0.457ns  (required time - arrival time)
  Source:                 design_1_i/filter_kernel_0/inst/grp_filter_kernel_Pipeline_VITIS_LOOP_137_8_fu_296/fadd_32ns_32ns_32_5_full_dsp_1_U34/ce_r_reg/C
                            (rising edge-triggered cell FDRE clocked by clk_fpga_0  {rise@0.000ns fall@5.000ns period=10.000ns})
  Destination:            <hidden>
                            (rising edge-triggered cell FDRE clocked by clk_fpga_0  {rise@0.000ns fall@5.000ns period=10.000ns})
  Path Group:             clk_fpga_0
  Path Type:              Setup (Max at Slow Process Corner)
  Requirement:            10.000ns  (clk_fpga_0 rise@10.000ns - clk_fpga_0 rise@0.000ns)
  Data Path Delay:        8.954ns  (logic 0.456ns (5.093%)  route 8.498ns (94.907%))
  Logic Levels:           0  
  Clock Path Skew:        -0.230ns (DCD - SCD + CPR)
    Destination Clock Delay (DCD):    2.675ns = ( 12.675 - 10.000 ) 
    Source Clock Delay      (SCD):    3.034ns
    Clock Pessimism Removal (CPR):    0.129ns
  Clock Uncertainty:      0.154ns  ((TSJ^2 + TIJ^2)^1/2 + DJ) / 2 + PE
    Total System Jitter     (TSJ):    0.071ns
    Total Input Jitter      (TIJ):    0.300ns
    Discrete Jitter          (DJ):    0.000ns
    Phase Error              (PE):    0.000ns

    Location             Delay type                Incr(ns)  Path(ns)    Netlist Resource(s)
  -------------------------------------------------------------------    -------------------
                         (clock clk_fpga_0 rise edge)
                                                      0.000     0.000 r  
    PS7_X0Y0             PS7                          0.000     0.000 r  design_1_i/processing_system7_0/inst/PS7_i/FCLKCLK[0]
                         net (fo=1, routed)           1.193     1.193    design_1_i/processing_system7_0/inst/FCLK_CLK_unbuffered[0]
    BUFGCTRL_X0Y16       BUFG (Prop_bufg_I_O)         0.101     1.294 r  design_1_i/processing_system7_0/inst/buffer_fclk_clk_0.FCLK_CLK_0_BUFG/O
                         net (fo=22095, routed)       1.740     3.034    design_1_i/filter_kernel_0/inst/grp_filter_kernel_Pipeline_VITIS_LOOP_137_8_fu_296/fadd_32ns_32ns_32_5_full_dsp_1_U34/ap_clk
    SLICE_X88Y48         FDRE                                         r  design_1_i/filter_kernel_0/inst/grp_filter_kernel_Pipeline_VITIS_LOOP_137_8_fu_296/fadd_32ns_32ns_32_5_full_dsp_1_U34/ce_r_reg/C
  -------------------------------------------------------------------    -------------------
    SLICE_X88Y48         FDRE (Prop_fdre_C_Q)         0.456     3.490 r  design_1_i/filter_kernel_0/inst/grp_filter_kernel_Pipeline_VITIS_LOOP_137_8_fu_296/fadd_32ns_32ns_32_5_full_dsp_1_U34/ce_r_reg/Q
                         net (fo=5976, routed)        8.498    11.988    <hidden>
    SLICE_X40Y49         FDRE                                         r  <hidden>
  -------------------------------------------------------------------    -------------------

                         (clock clk_fpga_0 rise edge)
                                                     10.000    10.000 r  
    PS7_X0Y0             PS7                          0.000    10.000 r  design_1_i/processing_system7_0/inst/PS7_i/FCLKCLK[0]
                         net (fo=1, routed)           1.088    11.088    design_1_i/processing_system7_0/inst/FCLK_CLK_unbuffered[0]
    BUFGCTRL_X0Y16       BUFG (Prop_bufg_I_O)         0.091    11.179 r  design_1_i/processing_system7_0/inst/buffer_fclk_clk_0.FCLK_CLK_0_BUFG/O
                         net (fo=22095, routed)       1.496    12.675    <hidden>
    SLICE_X40Y49         FDRE                                         r  <hidden>
                         clock pessimism              0.129    12.804    
                         clock uncertainty           -0.154    12.650    
    SLICE_X40Y49         FDRE (Setup_fdre_C_CE)      -0.205    12.445    <hidden>
  -------------------------------------------------------------------
                         required time                         12.445    
                         arrival time                         -11.988    
  -------------------------------------------------------------------
                         slack                                  0.457    





Min Delay Paths
--------------------------------------------------------------------------------------
Slack (MET) :             0.011ns  (arrival time - required time)
  Source:                 <hidden>
                            (rising edge-triggered cell FDRE clocked by clk_fpga_0  {rise@0.000ns fall@5.000ns period=10.000ns})
  Destination:            <hidden>
                            (rising edge-triggered cell FDRE clocked by clk_fpga_0  {rise@0.000ns fall@5.000ns period=10.000ns})
  Path Group:             clk_fpga_0
  Path Type:              Hold (Min at Fast Process Corner)
  Requirement:            0.000ns  (clk_fpga_0 rise@0.000ns - clk_fpga_0 rise@0.000ns)
  Data Path Delay:        0.341ns  (logic 0.141ns (41.313%)  route 0.200ns (58.686%))
  Logic Levels:           0  
  Clock Path Skew:        0.260ns (DCD - SCD - CPR)
    Destination Clock Delay (DCD):    1.187ns
    Source Clock Delay      (SCD):    0.892ns
    Clock Pessimism Removal (CPR):    0.035ns

    Location             Delay type                Incr(ns)  Path(ns)    Netlist Resource(s)
  -------------------------------------------------------------------    -------------------
                         (clock clk_fpga_0 rise edge)
                                                      0.000     0.000 r  
    PS7_X0Y0             PS7                          0.000     0.000 r  design_1_i/processing_system7_0/inst/PS7_i/FCLKCLK[0]
                         net (fo=1, routed)           0.310     0.310    design_1_i/processing_system7_0/inst/FCLK_CLK_unbuffered[0]
    BUFGCTRL_X0Y16       BUFG (Prop_bufg_I_O)         0.026     0.336 r  design_1_i/processing_system7_0/inst/buffer_fclk_clk_0.FCLK_CLK_0_BUFG/O
                         net (fo=22095, routed)       0.556     0.892    <hidden>
    SLICE_X49Y50         FDRE                                         r  <hidden>
  -------------------------------------------------------------------    -------------------
    SLICE_X49Y50         FDRE (Prop_fdre_C_Q)         0.141     1.033 r  <hidden>
                         net (fo=1, routed)           0.200     1.233    <hidden>
    SLICE_X53Y50         FDRE                                         r  <hidden>
  -------------------------------------------------------------------    -------------------

                         (clock clk_fpga_0 rise edge)
                                                      0.000     0.000 r  
    PS7_X0Y0             PS7                          0.000     0.000 r  design_1_i/processing_system7_0/inst/PS7_i/FCLKCLK[0]
                         net (fo=1, routed)           0.337     0.337    design_1_i/processing_system7_0/inst/FCLK_CLK_unbuffered[0]
    BUFGCTRL_X0Y16       BUFG (Prop_bufg_I_O)         0.029     0.366 r  design_1_i/processing_system7_0/inst/buffer_fclk_clk_0.FCLK_CLK_0_BUFG/O
                         net (fo=22095, routed)       0.821     1.187    <hidden>
    SLICE_X53Y50         FDRE                                         r  <hidden>
                         clock pessimism             -0.035     1.152    
    SLICE_X53Y50         FDRE (Hold_fdre_C_D)         0.070     1.222    <hidden>
  -------------------------------------------------------------------
                         required time                         -1.222    
                         arrival time                           1.233    
  -------------------------------------------------------------------
                         slack                                  0.011    

Slack (MET) :             0.015ns  (arrival time - required time)
  Source:                 design_1_i/filter_kernel_0/inst/grp_filter_kernel_Pipeline_VITIS_LOOP_137_8_fu_296/mul_i_1_1_2_reg_3242_reg[9]/C
                            (rising edge-triggered cell FDRE clocked by clk_fpga_0  {rise@0.000ns fall@5.000ns period=10.000ns})
  Destination:            design_1_i/filter_kernel_0/inst/grp_filter_kernel_Pipeline_VITIS_LOOP_137_8_fu_296/fadd_32ns_32ns_32_5_full_dsp_1_U24/din1_buf1_reg[9]/D
                            (rising edge-triggered cell FDRE clocked by clk_fpga_0  {rise@0.000ns fall@5.000ns period=10.000ns})
  Path Group:             clk_fpga_0
  Path Type:              Hold (Min at Fast Process Corner)
  Requirement:            0.000ns  (clk_fpga_0 rise@0.000ns - clk_fpga_0 rise@0.000ns)
  Data Path Delay:        0.299ns  (logic 0.148ns (49.498%)  route 0.151ns (50.502%))
  Logic Levels:           0  
  Clock Path Skew:        0.274ns (DCD - SCD - CPR)
    Destination Clock Delay (DCD):    1.220ns
    Source Clock Delay      (SCD):    0.916ns
    Clock Pessimism Removal (CPR):    0.030ns

    Location             Delay type                Incr(ns)  Path(ns)    Netlist Resource(s)
  -------------------------------------------------------------------    -------------------
                         (clock clk_fpga_0 rise edge)
                                                      0.000     0.000 r  
    PS7_X0Y0             PS7                          0.000     0.000 r  design_1_i/processing_system7_0/inst/PS7_i/FCLKCLK[0]
                         net (fo=1, routed)           0.310     0.310    design_1_i/processing_system7_0/inst/FCLK_CLK_unbuffered[0]
    BUFGCTRL_X0Y16       BUFG (Prop_bufg_I_O)         0.026     0.336 r  design_1_i/processing_system7_0/inst/buffer_fclk_clk_0.FCLK_CLK_0_BUFG/O
                         net (fo=22095, routed)       0.580     0.916    design_1_i/filter_kernel_0/inst/grp_filter_kernel_Pipeline_VITIS_LOOP_137_8_fu_296/ap_clk
    SLICE_X62Y50         FDRE                                         r  design_1_i/filter_kernel_0/inst/grp_filter_kernel_Pipeline_VITIS_LOOP_137_8_fu_296/mul_i_1_1_2_reg_3242_reg[9]/C
  -------------------------------------------------------------------    -------------------
    SLICE_X62Y50         FDRE (Prop_fdre_C_Q)         0.148     1.064 r  design_1_i/filter_kernel_0/inst/grp_filter_kernel_Pipeline_VITIS_LOOP_137_8_fu_296/mul_i_1_1_2_reg_3242_reg[9]/Q
                         net (fo=1, routed)           0.151     1.215    design_1_i/filter_kernel_0/inst/grp_filter_kernel_Pipeline_VITIS_LOOP_137_8_fu_296/fadd_32ns_32ns_32_5_full_dsp_1_U24/din1_buf1_reg[31]_0[9]
    SLICE_X62Y49         FDRE                                         r  design_1_i/filter_kernel_0/inst/grp_filter_kernel_Pipeline_VITIS_LOOP_137_8_fu_296/fadd_32ns_32ns_32_5_full_dsp_1_U24/din1_buf1_reg[9]/D
  -------------------------------------------------------------------    -------------------

                         (clock clk_fpga_0 rise edge)
                                                      0.000     0.000 r  
    PS7_X0Y0             PS7                          0.000     0.000 r  design_1_i/processing_system7_0/inst/PS7_i/FCLKCLK[0]
                         net (fo=1, routed)           0.337     0.337    design_1_i/processing_system7_0/inst/FCLK_CLK_unbuffered[0]
    BUFGCTRL_X0Y16       BUFG (Prop_bufg_I_O)         0.029     0.366 r  design_1_i/processing_system7_0/inst/buffer_fclk_clk_0.FCLK_CLK_0_BUFG/O
                         net (fo=22095, routed)       0.854     1.220    design_1_i/filter_kernel_0/inst/grp_filter_kernel_Pipeline_VITIS_LOOP_137_8_fu_296/fadd_32ns_32ns_32_5_full_dsp_1_U24/ap_clk
    SLICE_X62Y49         FDRE                                         r  design_1_i/filter_kernel_0/inst/grp_filter_kernel_Pipeline_VITIS_LOOP_137_8_fu_296/fadd_32ns_32ns_32_5_full_dsp_1_U24/din1_buf1_reg[9]/C
                         clock pessimism             -0.030     1.190    
    SLICE_X62Y49         FDRE (Hold_fdre_C_D)         0.010     1.200    design_1_i/filter_kernel_0/inst/grp_filter_kernel_Pipeline_VITIS_LOOP_137_8_fu_296/fadd_32ns_32ns_32_5_full_dsp_1_U24/din1_buf1_reg[9]
  -------------------------------------------------------------------
                         required time                         -1.200    
                         arrival time                           1.215    
  -------------------------------------------------------------------
                         slack                                  0.015    

Slack (MET) :             0.016ns  (arrival time - required time)
  Source:                 design_1_i/filter_kernel_0/inst/kernel_load_4_reg_579_reg[4]/C
                            (rising edge-triggered cell FDRE clocked by clk_fpga_0  {rise@0.000ns fall@5.000ns period=10.000ns})
  Destination:            design_1_i/filter_kernel_0/inst/empty_36_reg_655_reg[4]/D
                            (rising edge-triggered cell FDRE clocked by clk_fpga_0  {rise@0.000ns fall@5.000ns period=10.000ns})
  Path Group:             clk_fpga_0
  Path Type:              Hold (Min at Fast Process Corner)
  Requirement:            0.000ns  (clk_fpga_0 rise@0.000ns - clk_fpga_0 rise@0.000ns)
  Data Path Delay:        0.286ns  (logic 0.128ns (44.695%)  route 0.158ns (55.305%))
  Logic Levels:           0  
  Clock Path Skew:        0.258ns (DCD - SCD - CPR)
    Destination Clock Delay (DCD):    1.175ns
    Source Clock Delay      (SCD):    0.882ns
    Clock Pessimism Removal (CPR):    0.035ns

    Location             Delay type                Incr(ns)  Path(ns)    Netlist Resource(s)
  -------------------------------------------------------------------    -------------------
                         (clock clk_fpga_0 rise edge)
                                                      0.000     0.000 r  
    PS7_X0Y0             PS7                          0.000     0.000 r  design_1_i/processing_system7_0/inst/PS7_i/FCLKCLK[0]
                         net (fo=1, routed)           0.310     0.310    design_1_i/processing_system7_0/inst/FCLK_CLK_unbuffered[0]
    BUFGCTRL_X0Y16       BUFG (Prop_bufg_I_O)         0.026     0.336 r  design_1_i/processing_system7_0/inst/buffer_fclk_clk_0.FCLK_CLK_0_BUFG/O
                         net (fo=22095, routed)       0.546     0.882    design_1_i/filter_kernel_0/inst/ap_clk
    SLICE_X48Y70         FDRE                                         r  design_1_i/filter_kernel_0/inst/kernel_load_4_reg_579_reg[4]/C
  -------------------------------------------------------------------    -------------------
    SLICE_X48Y70         FDRE (Prop_fdre_C_Q)         0.128     1.010 r  design_1_i/filter_kernel_0/inst/kernel_load_4_reg_579_reg[4]/Q
                         net (fo=1, routed)           0.158     1.168    design_1_i/filter_kernel_0/inst/kernel_load_4_reg_579[4]
    SLICE_X51Y70         FDRE                                         r  design_1_i/filter_kernel_0/inst/empty_36_reg_655_reg[4]/D
  -------------------------------------------------------------------    -------------------

                         (clock clk_fpga_0 rise edge)
                                                      0.000     0.000 r  
    PS7_X0Y0             PS7                          0.000     0.000 r  design_1_i/processing_system7_0/inst/PS7_i/FCLKCLK[0]
                         net (fo=1, routed)           0.337     0.337    design_1_i/processing_system7_0/inst/FCLK_CLK_unbuffered[0]
    BUFGCTRL_X0Y16       BUFG (Prop_bufg_I_O)         0.029     0.366 r  design_1_i/processing_system7_0/inst/buffer_fclk_clk_0.FCLK_CLK_0_BUFG/O
                         net (fo=22095, routed)       0.809     1.175    design_1_i/filter_kernel_0/inst/ap_clk
    SLICE_X51Y70         FDRE                                         r  design_1_i/filter_kernel_0/inst/empty_36_reg_655_reg[4]/C
                         clock pessimism             -0.035     1.140    
    SLICE_X51Y70         FDRE (Hold_fdre_C_D)         0.012     1.152    design_1_i/filter_kernel_0/inst/empty_36_reg_655_reg[4]
  -------------------------------------------------------------------
                         required time                         -1.152    
                         arrival time                           1.168    
  -------------------------------------------------------------------
                         slack                                  0.016    

Slack (MET) :             0.017ns  (arrival time - required time)
  Source:                 design_1_i/axi_dma_0/U0/INCLUDE_S2MM_SOF_EOF_GENERATOR.I_S2MM_DMA_MNGR/GEN_S2MM_DMA_CONTROL.GEN_SIMPLE_DMA_MODE.I_S2MM_SMPL_SM/GEN_CMD_BTT_LESS_23.cmnd_data_reg[54]/C
                            (rising edge-triggered cell FDRE clocked by clk_fpga_0  {rise@0.000ns fall@5.000ns period=10.000ns})
  Destination:            design_1_i/axi_dma_0/U0/I_PRMRY_DATAMOVER/GEN_S2MM_FULL.I_S2MM_FULL_WRAPPER/I_CMD_STATUS/I_CMD_FIFO/USE_SINGLE_REG.sig_regfifo_dout_reg_reg[54]/D
                            (rising edge-triggered cell FDRE clocked by clk_fpga_0  {rise@0.000ns fall@5.000ns period=10.000ns})
  Path Group:             clk_fpga_0
  Path Type:              Hold (Min at Fast Process Corner)
  Requirement:            0.000ns  (clk_fpga_0 rise@0.000ns - clk_fpga_0 rise@0.000ns)
  Data Path Delay:        0.307ns  (logic 0.148ns (48.284%)  route 0.159ns (51.716%))
  Logic Levels:           0  
  Clock Path Skew:        0.267ns (DCD - SCD - CPR)
    Destination Clock Delay (DCD):    1.186ns
    Source Clock Delay      (SCD):    0.884ns
    Clock Pessimism Removal (CPR):    0.035ns

    Location             Delay type                Incr(ns)  Path(ns)    Netlist Resource(s)
  -------------------------------------------------------------------    -------------------
                         (clock clk_fpga_0 rise edge)
                                                      0.000     0.000 r  
    PS7_X0Y0             PS7                          0.000     0.000 r  design_1_i/processing_system7_0/inst/PS7_i/FCLKCLK[0]
                         net (fo=1, routed)           0.310     0.310    design_1_i/processing_system7_0/inst/FCLK_CLK_unbuffered[0]
    BUFGCTRL_X0Y16       BUFG (Prop_bufg_I_O)         0.026     0.336 r  design_1_i/processing_system7_0/inst/buffer_fclk_clk_0.FCLK_CLK_0_BUFG/O
                         net (fo=22095, routed)       0.548     0.884    design_1_i/axi_dma_0/U0/INCLUDE_S2MM_SOF_EOF_GENERATOR.I_S2MM_DMA_MNGR/GEN_S2MM_DMA_CONTROL.GEN_SIMPLE_DMA_MODE.I_S2MM_SMPL_SM/s_axi_lite_aclk
    SLICE_X50Y86         FDRE                                         r  design_1_i/axi_dma_0/U0/INCLUDE_S2MM_SOF_EOF_GENERATOR.I_S2MM_DMA_MNGR/GEN_S2MM_DMA_CONTROL.GEN_SIMPLE_DMA_MODE.I_S2MM_SMPL_SM/GEN_CMD_BTT_LESS_23.cmnd_data_reg[54]/C
  -------------------------------------------------------------------    -------------------
    SLICE_X50Y86         FDRE (Prop_fdre_C_Q)         0.148     1.032 r  design_1_i/axi_dma_0/U0/INCLUDE_S2MM_SOF_EOF_GENERATOR.I_S2MM_DMA_MNGR/GEN_S2MM_DMA_CONTROL.GEN_SIMPLE_DMA_MODE.I_S2MM_SMPL_SM/GEN_CMD_BTT_LESS_23.cmnd_data_reg[54]/Q
                         net (fo=1, routed)           0.159     1.190    design_1_i/axi_dma_0/U0/I_PRMRY_DATAMOVER/GEN_S2MM_FULL.I_S2MM_FULL_WRAPPER/I_CMD_STATUS/I_CMD_FIFO/USE_SINGLE_REG.sig_regfifo_dout_reg_reg[66]_0[35]
    SLICE_X49Y87         FDRE                                         r  design_1_i/axi_dma_0/U0/I_PRMRY_DATAMOVER/GEN_S2MM_FULL.I_S2MM_FULL_WRAPPER/I_CMD_STATUS/I_CMD_FIFO/USE_SINGLE_REG.sig_regfifo_dout_reg_reg[54]/D
  -------------------------------------------------------------------    -------------------

                         (clock clk_fpga_0 rise edge)
                                                      0.000     0.000 r  
    PS7_X0Y0             PS7                          0.000     0.000 r  design_1_i/processing_system7_0/inst/PS7_i/FCLKCLK[0]
                         net (fo=1, routed)           0.337     0.337    design_1_i/processing_system7_0/inst/FCLK_CLK_unbuffered[0]
    BUFGCTRL_X0Y16       BUFG (Prop_bufg_I_O)         0.029     0.366 r  design_1_i/processing_system7_0/inst/buffer_fclk_clk_0.FCLK_CLK_0_BUFG/O
                         net (fo=22095, routed)       0.820     1.186    design_1_i/axi_dma_0/U0/I_PRMRY_DATAMOVER/GEN_S2MM_FULL.I_S2MM_FULL_WRAPPER/I_CMD_STATUS/I_CMD_FIFO/m_axi_s2mm_aclk
    SLICE_X49Y87         FDRE                                         r  design_1_i/axi_dma_0/U0/I_PRMRY_DATAMOVER/GEN_S2MM_FULL.I_S2MM_FULL_WRAPPER/I_CMD_STATUS/I_CMD_FIFO/USE_SINGLE_REG.sig_regfifo_dout_reg_reg[54]/C
                         clock pessimism             -0.035     1.151    
    SLICE_X49Y87         FDRE (Hold_fdre_C_D)         0.022     1.173    design_1_i/axi_dma_0/U0/I_PRMRY_DATAMOVER/GEN_S2MM_FULL.I_S2MM_FULL_WRAPPER/I_CMD_STATUS/I_CMD_FIFO/USE_SINGLE_REG.sig_regfifo_dout_reg_reg[54]
  -------------------------------------------------------------------
                         required time                         -1.173    
                         arrival time                           1.190    
  -------------------------------------------------------------------
                         slack                                  0.017    

Slack (MET) :             0.019ns  (arrival time - required time)
  Source:                 <hidden>
                            (rising edge-triggered cell FDRE clocked by clk_fpga_0  {rise@0.000ns fall@5.000ns period=10.000ns})
  Destination:            <hidden>
                            (rising edge-triggered cell FDRE clocked by clk_fpga_0  {rise@0.000ns fall@5.000ns period=10.000ns})
  Path Group:             clk_fpga_0
  Path Type:              Hold (Min at Fast Process Corner)
  Requirement:            0.000ns  (clk_fpga_0 rise@0.000ns - clk_fpga_0 rise@0.000ns)
  Data Path Delay:        0.350ns  (logic 0.141ns (40.296%)  route 0.209ns (59.704%))
  Logic Levels:           0  
  Clock Path Skew:        0.260ns (DCD - SCD - CPR)
    Destination Clock Delay (DCD):    1.273ns
    Source Clock Delay      (SCD):    0.974ns
    Clock Pessimism Removal (CPR):    0.039ns

    Location             Delay type                Incr(ns)  Path(ns)    Netlist Resource(s)
  -------------------------------------------------------------------    -------------------
                         (clock clk_fpga_0 rise edge)
                                                      0.000     0.000 r  
    PS7_X0Y0             PS7                          0.000     0.000 r  design_1_i/processing_system7_0/inst/PS7_i/FCLKCLK[0]
                         net (fo=1, routed)           0.310     0.310    design_1_i/processing_system7_0/inst/FCLK_CLK_unbuffered[0]
    BUFGCTRL_X0Y16       BUFG (Prop_bufg_I_O)         0.026     0.336 r  design_1_i/processing_system7_0/inst/buffer_fclk_clk_0.FCLK_CLK_0_BUFG/O
                         net (fo=22095, routed)       0.638     0.974    <hidden>
    SLICE_X49Y100        FDRE                                         r  <hidden>
  -------------------------------------------------------------------    -------------------
    SLICE_X49Y100        FDRE (Prop_fdre_C_Q)         0.141     1.115 r  <hidden>
                         net (fo=1, routed)           0.209     1.324    <hidden>
    SLICE_X51Y102        FDRE                                         r  <hidden>
  -------------------------------------------------------------------    -------------------

                         (clock clk_fpga_0 rise edge)
                                                      0.000     0.000 r  
    PS7_X0Y0             PS7                          0.000     0.000 r  design_1_i/processing_system7_0/inst/PS7_i/FCLKCLK[0]
                         net (fo=1, routed)           0.337     0.337    design_1_i/processing_system7_0/inst/FCLK_CLK_unbuffered[0]
    BUFGCTRL_X0Y16       BUFG (Prop_bufg_I_O)         0.029     0.366 r  design_1_i/processing_system7_0/inst/buffer_fclk_clk_0.FCLK_CLK_0_BUFG/O
                         net (fo=22095, routed)       0.907     1.273    <hidden>
    SLICE_X51Y102        FDRE                                         r  <hidden>
                         clock pessimism             -0.039     1.234    
    SLICE_X51Y102        FDRE (Hold_fdre_C_D)         0.071     1.305    <hidden>
  -------------------------------------------------------------------
                         required time                         -1.305    
                         arrival time                           1.324    
  -------------------------------------------------------------------
                         slack                                  0.019    

Slack (MET) :             0.019ns  (arrival time - required time)
  Source:                 design_1_i/filter_kernel_0/inst/grp_filter_kernel_Pipeline_VITIS_LOOP_137_8_fu_296/mul_i_1_2_2_reg_3302_reg[1]/C
                            (rising edge-triggered cell FDRE clocked by clk_fpga_0  {rise@0.000ns fall@5.000ns period=10.000ns})
  Destination:            design_1_i/filter_kernel_0/inst/grp_filter_kernel_Pipeline_VITIS_LOOP_137_8_fu_296/fadd_32ns_32ns_32_5_full_dsp_1_U27/din1_buf1_reg[1]/D
                            (rising edge-triggered cell FDRE clocked by clk_fpga_0  {rise@0.000ns fall@5.000ns period=10.000ns})
  Path Group:             clk_fpga_0
  Path Type:              Hold (Min at Fast Process Corner)
  Requirement:            0.000ns  (clk_fpga_0 rise@0.000ns - clk_fpga_0 rise@0.000ns)
  Data Path Delay:        0.287ns  (logic 0.128ns (44.586%)  route 0.159ns (55.414%))
  Logic Levels:           0  
  Clock Path Skew:        0.259ns (DCD - SCD - CPR)
    Destination Clock Delay (DCD):    1.186ns
    Source Clock Delay      (SCD):    0.892ns
    Clock Pessimism Removal (CPR):    0.035ns

    Location             Delay type                Incr(ns)  Path(ns)    Netlist Resource(s)
  -------------------------------------------------------------------    -------------------
                         (clock clk_fpga_0 rise edge)
                                                      0.000     0.000 r  
    PS7_X0Y0             PS7                          0.000     0.000 r  design_1_i/processing_system7_0/inst/PS7_i/FCLKCLK[0]
                         net (fo=1, routed)           0.310     0.310    design_1_i/processing_system7_0/inst/FCLK_CLK_unbuffered[0]
    BUFGCTRL_X0Y16       BUFG (Prop_bufg_I_O)         0.026     0.336 r  design_1_i/processing_system7_0/inst/buffer_fclk_clk_0.FCLK_CLK_0_BUFG/O
                         net (fo=22095, routed)       0.556     0.892    design_1_i/filter_kernel_0/inst/grp_filter_kernel_Pipeline_VITIS_LOOP_137_8_fu_296/ap_clk
    SLICE_X49Y52         FDRE                                         r  design_1_i/filter_kernel_0/inst/grp_filter_kernel_Pipeline_VITIS_LOOP_137_8_fu_296/mul_i_1_2_2_reg_3302_reg[1]/C
  -------------------------------------------------------------------    -------------------
    SLICE_X49Y52         FDRE (Prop_fdre_C_Q)         0.128     1.020 r  design_1_i/filter_kernel_0/inst/grp_filter_kernel_Pipeline_VITIS_LOOP_137_8_fu_296/mul_i_1_2_2_reg_3302_reg[1]/Q
                         net (fo=1, routed)           0.159     1.179    design_1_i/filter_kernel_0/inst/grp_filter_kernel_Pipeline_VITIS_LOOP_137_8_fu_296/fadd_32ns_32ns_32_5_full_dsp_1_U27/din1_buf1_reg[31]_0[1]
    SLICE_X50Y53         FDRE                                         r  design_1_i/filter_kernel_0/inst/grp_filter_kernel_Pipeline_VITIS_LOOP_137_8_fu_296/fadd_32ns_32ns_32_5_full_dsp_1_U27/din1_buf1_reg[1]/D
  -------------------------------------------------------------------    -------------------

                         (clock clk_fpga_0 rise edge)
                                                      0.000     0.000 r  
    PS7_X0Y0             PS7                          0.000     0.000 r  design_1_i/processing_system7_0/inst/PS7_i/FCLKCLK[0]
                         net (fo=1, routed)           0.337     0.337    design_1_i/processing_system7_0/inst/FCLK_CLK_unbuffered[0]
    BUFGCTRL_X0Y16       BUFG (Prop_bufg_I_O)         0.029     0.366 r  design_1_i/processing_system7_0/inst/buffer_fclk_clk_0.FCLK_CLK_0_BUFG/O
                         net (fo=22095, routed)       0.820     1.186    design_1_i/filter_kernel_0/inst/grp_filter_kernel_Pipeline_VITIS_LOOP_137_8_fu_296/fadd_32ns_32ns_32_5_full_dsp_1_U27/ap_clk
    SLICE_X50Y53         FDRE                                         r  design_1_i/filter_kernel_0/inst/grp_filter_kernel_Pipeline_VITIS_LOOP_137_8_fu_296/fadd_32ns_32ns_32_5_full_dsp_1_U27/din1_buf1_reg[1]/C
                         clock pessimism             -0.035     1.151    
    SLICE_X50Y53         FDRE (Hold_fdre_C_D)         0.009     1.160    design_1_i/filter_kernel_0/inst/grp_filter_kernel_Pipeline_VITIS_LOOP_137_8_fu_296/fadd_32ns_32ns_32_5_full_dsp_1_U27/din1_buf1_reg[1]
  -------------------------------------------------------------------
                         required time                         -1.160    
                         arrival time                           1.179    
  -------------------------------------------------------------------
                         slack                                  0.019    

Slack (MET) :             0.022ns  (arrival time - required time)
  Source:                 <hidden>
                            (rising edge-triggered cell FDCE clocked by clk_fpga_0  {rise@0.000ns fall@5.000ns period=10.000ns})
  Destination:            <hidden>
                            (rising edge-triggered cell RAMD32 clocked by clk_fpga_0  {rise@0.000ns fall@5.000ns period=10.000ns})
  Path Group:             clk_fpga_0
  Path Type:              Hold (Min at Fast Process Corner)
  Requirement:            0.000ns  (clk_fpga_0 rise@0.000ns - clk_fpga_0 rise@0.000ns)
  Data Path Delay:        0.275ns  (logic 0.141ns (51.216%)  route 0.134ns (48.784%))
  Logic Levels:           0  
  Clock Path Skew:        0.013ns (DCD - SCD - CPR)
    Destination Clock Delay (DCD):    1.182ns
    Source Clock Delay      (SCD):    0.886ns
    Clock Pessimism Removal (CPR):    0.283ns

    Location             Delay type                Incr(ns)  Path(ns)    Netlist Resource(s)
  -------------------------------------------------------------------    -------------------
                         (clock clk_fpga_0 rise edge)
                                                      0.000     0.000 r  
    PS7_X0Y0             PS7                          0.000     0.000 r  design_1_i/processing_system7_0/inst/PS7_i/FCLKCLK[0]
                         net (fo=1, routed)           0.310     0.310    design_1_i/processing_system7_0/inst/FCLK_CLK_unbuffered[0]
    BUFGCTRL_X0Y16       BUFG (Prop_bufg_I_O)         0.026     0.336 r  design_1_i/processing_system7_0/inst/buffer_fclk_clk_0.FCLK_CLK_0_BUFG/O
                         net (fo=22095, routed)       0.550     0.886    <hidden>
    SLICE_X39Y82         FDCE                                         r  <hidden>
  -------------------------------------------------------------------    -------------------
    SLICE_X39Y82         FDCE (Prop_fdce_C_Q)         0.141     1.027 r  <hidden>
                         net (fo=10, routed)          0.134     1.161    <hidden>
    SLICE_X38Y82         RAMD32                                       r  <hidden>
  -------------------------------------------------------------------    -------------------

                         (clock clk_fpga_0 rise edge)
                                                      0.000     0.000 r  
    PS7_X0Y0             PS7                          0.000     0.000 r  design_1_i/processing_system7_0/inst/PS7_i/FCLKCLK[0]
                         net (fo=1, routed)           0.337     0.337    design_1_i/processing_system7_0/inst/FCLK_CLK_unbuffered[0]
    BUFGCTRL_X0Y16       BUFG (Prop_bufg_I_O)         0.029     0.366 r  design_1_i/processing_system7_0/inst/buffer_fclk_clk_0.FCLK_CLK_0_BUFG/O
                         net (fo=22095, routed)       0.816     1.182    <hidden>
    SLICE_X38Y82         RAMD32                                       r  <hidden>
                         clock pessimism             -0.283     0.899    
    SLICE_X38Y82         RAMD32 (Hold_ramd32_CLK_WADR3)
                                                      0.240     1.139    <hidden>
  -------------------------------------------------------------------
                         required time                         -1.139    
                         arrival time                           1.161    
  -------------------------------------------------------------------
                         slack                                  0.022    

Slack (MET) :             0.022ns  (arrival time - required time)
  Source:                 <hidden>
                            (rising edge-triggered cell FDCE clocked by clk_fpga_0  {rise@0.000ns fall@5.000ns period=10.000ns})
  Destination:            <hidden>
                            (rising edge-triggered cell RAMD32 clocked by clk_fpga_0  {rise@0.000ns fall@5.000ns period=10.000ns})
  Path Group:             clk_fpga_0
  Path Type:              Hold (Min at Fast Process Corner)
  Requirement:            0.000ns  (clk_fpga_0 rise@0.000ns - clk_fpga_0 rise@0.000ns)
  Data Path Delay:        0.275ns  (logic 0.141ns (51.216%)  route 0.134ns (48.784%))
  Logic Levels:           0  
  Clock Path Skew:        0.013ns (DCD - SCD - CPR)
    Destination Clock Delay (DCD):    1.182ns
    Source Clock Delay      (SCD):    0.886ns
    Clock Pessimism Removal (CPR):    0.283ns

    Location             Delay type                Incr(ns)  Path(ns)    Netlist Resource(s)
  -------------------------------------------------------------------    -------------------
                         (clock clk_fpga_0 rise edge)
                                                      0.000     0.000 r  
    PS7_X0Y0             PS7                          0.000     0.000 r  design_1_i/processing_system7_0/inst/PS7_i/FCLKCLK[0]
                         net (fo=1, routed)           0.310     0.310    design_1_i/processing_system7_0/inst/FCLK_CLK_unbuffered[0]
    BUFGCTRL_X0Y16       BUFG (Prop_bufg_I_O)         0.026     0.336 r  design_1_i/processing_system7_0/inst/buffer_fclk_clk_0.FCLK_CLK_0_BUFG/O
                         net (fo=22095, routed)       0.550     0.886    <hidden>
    SLICE_X39Y82         FDCE                                         r  <hidden>
  -------------------------------------------------------------------    -------------------
    SLICE_X39Y82         FDCE (Prop_fdce_C_Q)         0.141     1.027 r  <hidden>
                         net (fo=10, routed)          0.134     1.161    <hidden>
    SLICE_X38Y82         RAMD32                                       r  <hidden>
  -------------------------------------------------------------------    -------------------

                         (clock clk_fpga_0 rise edge)
                                                      0.000     0.000 r  
    PS7_X0Y0             PS7                          0.000     0.000 r  design_1_i/processing_system7_0/inst/PS7_i/FCLKCLK[0]
                         net (fo=1, routed)           0.337     0.337    design_1_i/processing_system7_0/inst/FCLK_CLK_unbuffered[0]
    BUFGCTRL_X0Y16       BUFG (Prop_bufg_I_O)         0.029     0.366 r  design_1_i/processing_system7_0/inst/buffer_fclk_clk_0.FCLK_CLK_0_BUFG/O
                         net (fo=22095, routed)       0.816     1.182    <hidden>
    SLICE_X38Y82         RAMD32                                       r  <hidden>
                         clock pessimism             -0.283     0.899    
    SLICE_X38Y82         RAMD32 (Hold_ramd32_CLK_WADR3)
                                                      0.240     1.139    <hidden>
  -------------------------------------------------------------------
                         required time                         -1.139    
                         arrival time                           1.161    
  -------------------------------------------------------------------
                         slack                                  0.022    

Slack (MET) :             0.022ns  (arrival time - required time)
  Source:                 <hidden>
                            (rising edge-triggered cell FDCE clocked by clk_fpga_0  {rise@0.000ns fall@5.000ns period=10.000ns})
  Destination:            <hidden>
                            (rising edge-triggered cell RAMD32 clocked by clk_fpga_0  {rise@0.000ns fall@5.000ns period=10.000ns})
  Path Group:             clk_fpga_0
  Path Type:              Hold (Min at Fast Process Corner)
  Requirement:            0.000ns  (clk_fpga_0 rise@0.000ns - clk_fpga_0 rise@0.000ns)
  Data Path Delay:        0.275ns  (logic 0.141ns (51.216%)  route 0.134ns (48.784%))
  Logic Levels:           0  
  Clock Path Skew:        0.013ns (DCD - SCD - CPR)
    Destination Clock Delay (DCD):    1.182ns
    Source Clock Delay      (SCD):    0.886ns
    Clock Pessimism Removal (CPR):    0.283ns

    Location             Delay type                Incr(ns)  Path(ns)    Netlist Resource(s)
  -------------------------------------------------------------------    -------------------
                         (clock clk_fpga_0 rise edge)
                                                      0.000     0.000 r  
    PS7_X0Y0             PS7                          0.000     0.000 r  design_1_i/processing_system7_0/inst/PS7_i/FCLKCLK[0]
                         net (fo=1, routed)           0.310     0.310    design_1_i/processing_system7_0/inst/FCLK_CLK_unbuffered[0]
    BUFGCTRL_X0Y16       BUFG (Prop_bufg_I_O)         0.026     0.336 r  design_1_i/processing_system7_0/inst/buffer_fclk_clk_0.FCLK_CLK_0_BUFG/O
                         net (fo=22095, routed)       0.550     0.886    <hidden>
    SLICE_X39Y82         FDCE                                         r  <hidden>
  -------------------------------------------------------------------    -------------------
    SLICE_X39Y82         FDCE (Prop_fdce_C_Q)         0.141     1.027 r  <hidden>
                         net (fo=10, routed)          0.134     1.161    <hidden>
    SLICE_X38Y82         RAMD32                                       r  <hidden>
  -------------------------------------------------------------------    -------------------

                         (clock clk_fpga_0 rise edge)
                                                      0.000     0.000 r  
    PS7_X0Y0             PS7                          0.000     0.000 r  design_1_i/processing_system7_0/inst/PS7_i/FCLKCLK[0]
                         net (fo=1, routed)           0.337     0.337    design_1_i/processing_system7_0/inst/FCLK_CLK_unbuffered[0]
    BUFGCTRL_X0Y16       BUFG (Prop_bufg_I_O)         0.029     0.366 r  design_1_i/processing_system7_0/inst/buffer_fclk_clk_0.FCLK_CLK_0_BUFG/O
                         net (fo=22095, routed)       0.816     1.182    <hidden>
    SLICE_X38Y82         RAMD32                                       r  <hidden>
                         clock pessimism             -0.283     0.899    
    SLICE_X38Y82         RAMD32 (Hold_ramd32_CLK_WADR3)
                                                      0.240     1.139    <hidden>
  -------------------------------------------------------------------
                         required time                         -1.139    
                         arrival time                           1.161    
  -------------------------------------------------------------------
                         slack                                  0.022    

Slack (MET) :             0.022ns  (arrival time - required time)
  Source:                 <hidden>
                            (rising edge-triggered cell FDCE clocked by clk_fpga_0  {rise@0.000ns fall@5.000ns period=10.000ns})
  Destination:            <hidden>
                            (rising edge-triggered cell RAMD32 clocked by clk_fpga_0  {rise@0.000ns fall@5.000ns period=10.000ns})
  Path Group:             clk_fpga_0
  Path Type:              Hold (Min at Fast Process Corner)
  Requirement:            0.000ns  (clk_fpga_0 rise@0.000ns - clk_fpga_0 rise@0.000ns)
  Data Path Delay:        0.275ns  (logic 0.141ns (51.216%)  route 0.134ns (48.784%))
  Logic Levels:           0  
  Clock Path Skew:        0.013ns (DCD - SCD - CPR)
    Destination Clock Delay (DCD):    1.182ns
    Source Clock Delay      (SCD):    0.886ns
    Clock Pessimism Removal (CPR):    0.283ns

    Location             Delay type                Incr(ns)  Path(ns)    Netlist Resource(s)
  -------------------------------------------------------------------    -------------------
                         (clock clk_fpga_0 rise edge)
                                                      0.000     0.000 r  
    PS7_X0Y0             PS7                          0.000     0.000 r  design_1_i/processing_system7_0/inst/PS7_i/FCLKCLK[0]
                         net (fo=1, routed)           0.310     0.310    design_1_i/processing_system7_0/inst/FCLK_CLK_unbuffered[0]
    BUFGCTRL_X0Y16       BUFG (Prop_bufg_I_O)         0.026     0.336 r  design_1_i/processing_system7_0/inst/buffer_fclk_clk_0.FCLK_CLK_0_BUFG/O
                         net (fo=22095, routed)       0.550     0.886    <hidden>
    SLICE_X39Y82         FDCE                                         r  <hidden>
  -------------------------------------------------------------------    -------------------
    SLICE_X39Y82         FDCE (Prop_fdce_C_Q)         0.141     1.027 r  <hidden>
                         net (fo=10, routed)          0.134     1.161    <hidden>
    SLICE_X38Y82         RAMD32                                       r  <hidden>
  -------------------------------------------------------------------    -------------------

                         (clock clk_fpga_0 rise edge)
                                                      0.000     0.000 r  
    PS7_X0Y0             PS7                          0.000     0.000 r  design_1_i/processing_system7_0/inst/PS7_i/FCLKCLK[0]
                         net (fo=1, routed)           0.337     0.337    design_1_i/processing_system7_0/inst/FCLK_CLK_unbuffered[0]
    BUFGCTRL_X0Y16       BUFG (Prop_bufg_I_O)         0.029     0.366 r  design_1_i/processing_system7_0/inst/buffer_fclk_clk_0.FCLK_CLK_0_BUFG/O
                         net (fo=22095, routed)       0.816     1.182    <hidden>
    SLICE_X38Y82         RAMD32                                       r  <hidden>
                         clock pessimism             -0.283     0.899    
    SLICE_X38Y82         RAMD32 (Hold_ramd32_CLK_WADR3)
                                                      0.240     1.139    <hidden>
  -------------------------------------------------------------------
                         required time                         -1.139    
                         arrival time                           1.161    
  -------------------------------------------------------------------
                         slack                                  0.022    





Pulse Width Checks
--------------------------------------------------------------------------------------
Clock Name:         clk_fpga_0
Waveform(ns):       { 0.000 5.000 }
Period(ns):         10.000
Sources:            { design_1_i/processing_system7_0/inst/PS7_i/FCLKCLK[0] }

Check Type        Corner  Lib Pin             Reference Pin  Required(ns)  Actual(ns)  Slack(ns)  Location      Pin
Min Period        n/a     RAMB18E1/CLKARDCLK  n/a            2.944         10.000      7.056      RAMB18_X2Y13  design_1_i/filter_kernel_0/inst/line_buffer_1_U/ram0_reg/CLKARDCLK
Min Period        n/a     RAMB18E1/CLKARDCLK  n/a            2.944         10.000      7.056      RAMB18_X2Y12  design_1_i/filter_kernel_0/inst/line_buffer_1_U/ram1_reg/CLKARDCLK
Min Period        n/a     RAMB18E1/CLKARDCLK  n/a            2.944         10.000      7.056      RAMB18_X1Y12  design_1_i/filter_kernel_0/inst/line_buffer_1_U/ram2_reg/CLKARDCLK
Min Period        n/a     RAMB18E1/CLKARDCLK  n/a            2.944         10.000      7.056      RAMB18_X2Y18  design_1_i/filter_kernel_0/inst/line_buffer_2_U/ram0_reg/CLKARDCLK
Min Period        n/a     RAMB18E1/CLKARDCLK  n/a            2.944         10.000      7.056      RAMB18_X1Y15  design_1_i/filter_kernel_0/inst/line_buffer_2_U/ram1_reg/CLKARDCLK
Min Period        n/a     RAMB18E1/CLKARDCLK  n/a            2.944         10.000      7.056      RAMB18_X0Y12  design_1_i/filter_kernel_0/inst/line_buffer_2_U/ram2_reg/CLKARDCLK
Min Period        n/a     RAMB18E1/CLKARDCLK  n/a            2.944         10.000      7.056      RAMB18_X2Y17  design_1_i/filter_kernel_0/inst/line_buffer_3_U/ram0_reg/CLKARDCLK
Min Period        n/a     RAMB18E1/CLKARDCLK  n/a            2.944         10.000      7.056      RAMB18_X1Y16  design_1_i/filter_kernel_0/inst/line_buffer_3_U/ram1_reg/CLKARDCLK
Min Period        n/a     RAMB18E1/CLKARDCLK  n/a            2.944         10.000      7.056      RAMB18_X0Y17  design_1_i/filter_kernel_0/inst/line_buffer_3_U/ram2_reg/CLKARDCLK
Min Period        n/a     RAMB18E1/CLKARDCLK  n/a            2.944         10.000      7.056      RAMB18_X2Y14  design_1_i/filter_kernel_0/inst/line_buffer_4_U/ram0_reg/CLKARDCLK
Low Pulse Width   Slow    RAMD32/CLK          n/a            1.250         5.000       3.750      SLICE_X46Y93  design_1_i/axi_dma_0/U0/I_PRMRY_DATAMOVER/GEN_S2MM_FULL.I_S2MM_FULL_WRAPPER/GEN_ENABLE_INDET_BTT_SF.I_INDET_BTT/I_XD_FIFO/NON_BLK_MEM.I_SYNC_FIFOGEN_FIFO/xpm_fifo_instance.xpm_fifo_sync_inst/xpm_fifo_base_inst/gen_sdpram.xpm_memory_base_inst/gen_wr_a.gen_word_narrow.mem_reg_0_15_0_5/RAMA/CLK
Low Pulse Width   Fast    RAMD32/CLK          n/a            1.250         5.000       3.750      SLICE_X46Y93  design_1_i/axi_dma_0/U0/I_PRMRY_DATAMOVER/GEN_S2MM_FULL.I_S2MM_FULL_WRAPPER/GEN_ENABLE_INDET_BTT_SF.I_INDET_BTT/I_XD_FIFO/NON_BLK_MEM.I_SYNC_FIFOGEN_FIFO/xpm_fifo_instance.xpm_fifo_sync_inst/xpm_fifo_base_inst/gen_sdpram.xpm_memory_base_inst/gen_wr_a.gen_word_narrow.mem_reg_0_15_0_5/RAMA/CLK
Low Pulse Width   Slow    RAMD32/CLK          n/a            1.250         5.000       3.750      SLICE_X46Y93  design_1_i/axi_dma_0/U0/I_PRMRY_DATAMOVER/GEN_S2MM_FULL.I_S2MM_FULL_WRAPPER/GEN_ENABLE_INDET_BTT_SF.I_INDET_BTT/I_XD_FIFO/NON_BLK_MEM.I_SYNC_FIFOGEN_FIFO/xpm_fifo_instance.xpm_fifo_sync_inst/xpm_fifo_base_inst/gen_sdpram.xpm_memory_base_inst/gen_wr_a.gen_word_narrow.mem_reg_0_15_0_5/RAMA_D1/CLK
Low Pulse Width   Fast    RAMD32/CLK          n/a            1.250         5.000       3.750      SLICE_X46Y93  design_1_i/axi_dma_0/U0/I_PRMRY_DATAMOVER/GEN_S2MM_FULL.I_S2MM_FULL_WRAPPER/GEN_ENABLE_INDET_BTT_SF.I_INDET_BTT/I_XD_FIFO/NON_BLK_MEM.I_SYNC_FIFOGEN_FIFO/xpm_fifo_instance.xpm_fifo_sync_inst/xpm_fifo_base_inst/gen_sdpram.xpm_memory_base_inst/gen_wr_a.gen_word_narrow.mem_reg_0_15_0_5/RAMA_D1/CLK
Low Pulse Width   Slow    RAMD32/CLK          n/a            1.250         5.000       3.750      SLICE_X46Y93  design_1_i/axi_dma_0/U0/I_PRMRY_DATAMOVER/GEN_S2MM_FULL.I_S2MM_FULL_WRAPPER/GEN_ENABLE_INDET_BTT_SF.I_INDET_BTT/I_XD_FIFO/NON_BLK_MEM.I_SYNC_FIFOGEN_FIFO/xpm_fifo_instance.xpm_fifo_sync_inst/xpm_fifo_base_inst/gen_sdpram.xpm_memory_base_inst/gen_wr_a.gen_word_narrow.mem_reg_0_15_0_5/RAMB/CLK
Low Pulse Width   Fast    RAMD32/CLK          n/a            1.250         5.000       3.750      SLICE_X46Y93  design_1_i/axi_dma_0/U0/I_PRMRY_DATAMOVER/GEN_S2MM_FULL.I_S2MM_FULL_WRAPPER/GEN_ENABLE_INDET_BTT_SF.I_INDET_BTT/I_XD_FIFO/NON_BLK_MEM.I_SYNC_FIFOGEN_FIFO/xpm_fifo_instance.xpm_fifo_sync_inst/xpm_fifo_base_inst/gen_sdpram.xpm_memory_base_inst/gen_wr_a.gen_word_narrow.mem_reg_0_15_0_5/RAMB/CLK
Low Pulse Width   Slow    RAMD32/CLK          n/a            1.250         5.000       3.750      SLICE_X46Y93  design_1_i/axi_dma_0/U0/I_PRMRY_DATAMOVER/GEN_S2MM_FULL.I_S2MM_FULL_WRAPPER/GEN_ENABLE_INDET_BTT_SF.I_INDET_BTT/I_XD_FIFO/NON_BLK_MEM.I_SYNC_FIFOGEN_FIFO/xpm_fifo_instance.xpm_fifo_sync_inst/xpm_fifo_base_inst/gen_sdpram.xpm_memory_base_inst/gen_wr_a.gen_word_narrow.mem_reg_0_15_0_5/RAMB_D1/CLK
Low Pulse Width   Fast    RAMD32/CLK          n/a            1.250         5.000       3.750      SLICE_X46Y93  design_1_i/axi_dma_0/U0/I_PRMRY_DATAMOVER/GEN_S2MM_FULL.I_S2MM_FULL_WRAPPER/GEN_ENABLE_INDET_BTT_SF.I_INDET_BTT/I_XD_FIFO/NON_BLK_MEM.I_SYNC_FIFOGEN_FIFO/xpm_fifo_instance.xpm_fifo_sync_inst/xpm_fifo_base_inst/gen_sdpram.xpm_memory_base_inst/gen_wr_a.gen_word_narrow.mem_reg_0_15_0_5/RAMB_D1/CLK
Low Pulse Width   Slow    RAMD32/CLK          n/a            1.250         5.000       3.750      SLICE_X46Y93  design_1_i/axi_dma_0/U0/I_PRMRY_DATAMOVER/GEN_S2MM_FULL.I_S2MM_FULL_WRAPPER/GEN_ENABLE_INDET_BTT_SF.I_INDET_BTT/I_XD_FIFO/NON_BLK_MEM.I_SYNC_FIFOGEN_FIFO/xpm_fifo_instance.xpm_fifo_sync_inst/xpm_fifo_base_inst/gen_sdpram.xpm_memory_base_inst/gen_wr_a.gen_word_narrow.mem_reg_0_15_0_5/RAMC/CLK
Low Pulse Width   Fast    RAMD32/CLK          n/a            1.250         5.000       3.750      SLICE_X46Y93  design_1_i/axi_dma_0/U0/I_PRMRY_DATAMOVER/GEN_S2MM_FULL.I_S2MM_FULL_WRAPPER/GEN_ENABLE_INDET_BTT_SF.I_INDET_BTT/I_XD_FIFO/NON_BLK_MEM.I_SYNC_FIFOGEN_FIFO/xpm_fifo_instance.xpm_fifo_sync_inst/xpm_fifo_base_inst/gen_sdpram.xpm_memory_base_inst/gen_wr_a.gen_word_narrow.mem_reg_0_15_0_5/RAMC/CLK
High Pulse Width  Slow    RAMD32/CLK          n/a            1.250         5.000       3.750      SLICE_X46Y93  design_1_i/axi_dma_0/U0/I_PRMRY_DATAMOVER/GEN_S2MM_FULL.I_S2MM_FULL_WRAPPER/GEN_ENABLE_INDET_BTT_SF.I_INDET_BTT/I_XD_FIFO/NON_BLK_MEM.I_SYNC_FIFOGEN_FIFO/xpm_fifo_instance.xpm_fifo_sync_inst/xpm_fifo_base_inst/gen_sdpram.xpm_memory_base_inst/gen_wr_a.gen_word_narrow.mem_reg_0_15_0_5/RAMA/CLK
High Pulse Width  Fast    RAMD32/CLK          n/a            1.250         5.000       3.750      SLICE_X46Y93  design_1_i/axi_dma_0/U0/I_PRMRY_DATAMOVER/GEN_S2MM_FULL.I_S2MM_FULL_WRAPPER/GEN_ENABLE_INDET_BTT_SF.I_INDET_BTT/I_XD_FIFO/NON_BLK_MEM.I_SYNC_FIFOGEN_FIFO/xpm_fifo_instance.xpm_fifo_sync_inst/xpm_fifo_base_inst/gen_sdpram.xpm_memory_base_inst/gen_wr_a.gen_word_narrow.mem_reg_0_15_0_5/RAMA/CLK
High Pulse Width  Slow    RAMD32/CLK          n/a            1.250         5.000       3.750      SLICE_X46Y93  design_1_i/axi_dma_0/U0/I_PRMRY_DATAMOVER/GEN_S2MM_FULL.I_S2MM_FULL_WRAPPER/GEN_ENABLE_INDET_BTT_SF.I_INDET_BTT/I_XD_FIFO/NON_BLK_MEM.I_SYNC_FIFOGEN_FIFO/xpm_fifo_instance.xpm_fifo_sync_inst/xpm_fifo_base_inst/gen_sdpram.xpm_memory_base_inst/gen_wr_a.gen_word_narrow.mem_reg_0_15_0_5/RAMA_D1/CLK
High Pulse Width  Fast    RAMD32/CLK          n/a            1.250         5.000       3.750      SLICE_X46Y93  design_1_i/axi_dma_0/U0/I_PRMRY_DATAMOVER/GEN_S2MM_FULL.I_S2MM_FULL_WRAPPER/GEN_ENABLE_INDET_BTT_SF.I_INDET_BTT/I_XD_FIFO/NON_BLK_MEM.I_SYNC_FIFOGEN_FIFO/xpm_fifo_instance.xpm_fifo_sync_inst/xpm_fifo_base_inst/gen_sdpram.xpm_memory_base_inst/gen_wr_a.gen_word_narrow.mem_reg_0_15_0_5/RAMA_D1/CLK
High Pulse Width  Slow    RAMD32/CLK          n/a            1.250         5.000       3.750      SLICE_X46Y93  design_1_i/axi_dma_0/U0/I_PRMRY_DATAMOVER/GEN_S2MM_FULL.I_S2MM_FULL_WRAPPER/GEN_ENABLE_INDET_BTT_SF.I_INDET_BTT/I_XD_FIFO/NON_BLK_MEM.I_SYNC_FIFOGEN_FIFO/xpm_fifo_instance.xpm_fifo_sync_inst/xpm_fifo_base_inst/gen_sdpram.xpm_memory_base_inst/gen_wr_a.gen_word_narrow.mem_reg_0_15_0_5/RAMB/CLK
High Pulse Width  Fast    RAMD32/CLK          n/a            1.250         5.000       3.750      SLICE_X46Y93  design_1_i/axi_dma_0/U0/I_PRMRY_DATAMOVER/GEN_S2MM_FULL.I_S2MM_FULL_WRAPPER/GEN_ENABLE_INDET_BTT_SF.I_INDET_BTT/I_XD_FIFO/NON_BLK_MEM.I_SYNC_FIFOGEN_FIFO/xpm_fifo_instance.xpm_fifo_sync_inst/xpm_fifo_base_inst/gen_sdpram.xpm_memory_base_inst/gen_wr_a.gen_word_narrow.mem_reg_0_15_0_5/RAMB/CLK
High Pulse Width  Slow    RAMD32/CLK          n/a            1.250         5.000       3.750      SLICE_X46Y93  design_1_i/axi_dma_0/U0/I_PRMRY_DATAMOVER/GEN_S2MM_FULL.I_S2MM_FULL_WRAPPER/GEN_ENABLE_INDET_BTT_SF.I_INDET_BTT/I_XD_FIFO/NON_BLK_MEM.I_SYNC_FIFOGEN_FIFO/xpm_fifo_instance.xpm_fifo_sync_inst/xpm_fifo_base_inst/gen_sdpram.xpm_memory_base_inst/gen_wr_a.gen_word_narrow.mem_reg_0_15_0_5/RAMB_D1/CLK
High Pulse Width  Fast    RAMD32/CLK          n/a            1.250         5.000       3.750      SLICE_X46Y93  design_1_i/axi_dma_0/U0/I_PRMRY_DATAMOVER/GEN_S2MM_FULL.I_S2MM_FULL_WRAPPER/GEN_ENABLE_INDET_BTT_SF.I_INDET_BTT/I_XD_FIFO/NON_BLK_MEM.I_SYNC_FIFOGEN_FIFO/xpm_fifo_instance.xpm_fifo_sync_inst/xpm_fifo_base_inst/gen_sdpram.xpm_memory_base_inst/gen_wr_a.gen_word_narrow.mem_reg_0_15_0_5/RAMB_D1/CLK
High Pulse Width  Slow    RAMD32/CLK          n/a            1.250         5.000       3.750      SLICE_X46Y93  design_1_i/axi_dma_0/U0/I_PRMRY_DATAMOVER/GEN_S2MM_FULL.I_S2MM_FULL_WRAPPER/GEN_ENABLE_INDET_BTT_SF.I_INDET_BTT/I_XD_FIFO/NON_BLK_MEM.I_SYNC_FIFOGEN_FIFO/xpm_fifo_instance.xpm_fifo_sync_inst/xpm_fifo_base_inst/gen_sdpram.xpm_memory_base_inst/gen_wr_a.gen_word_narrow.mem_reg_0_15_0_5/RAMC/CLK
High Pulse Width  Fast    RAMD32/CLK          n/a            1.250         5.000       3.750      SLICE_X46Y93  design_1_i/axi_dma_0/U0/I_PRMRY_DATAMOVER/GEN_S2MM_FULL.I_S2MM_FULL_WRAPPER/GEN_ENABLE_INDET_BTT_SF.I_INDET_BTT/I_XD_FIFO/NON_BLK_MEM.I_SYNC_FIFOGEN_FIFO/xpm_fifo_instance.xpm_fifo_sync_inst/xpm_fifo_base_inst/gen_sdpram.xpm_memory_base_inst/gen_wr_a.gen_word_narrow.mem_reg_0_15_0_5/RAMC/CLK



---------------------------------------------------------------------------------------------------
Path Group:  **async_default**
From Clock:  clk_fpga_0
  To Clock:  clk_fpga_0

Setup :            0  Failing Endpoints,  Worst Slack        5.861ns,  Total Violation        0.000ns
Hold  :            0  Failing Endpoints,  Worst Slack        0.643ns,  Total Violation        0.000ns
---------------------------------------------------------------------------------------------------


Max Delay Paths
--------------------------------------------------------------------------------------
Slack (MET) :             5.861ns  (required time - arrival time)
  Source:                 <hidden>
                            (rising edge-triggered cell FDRE clocked by clk_fpga_0  {rise@0.000ns fall@5.000ns period=10.000ns})
  Destination:            <hidden>
                            (recovery check against rising-edge clock clk_fpga_0  {rise@0.000ns fall@5.000ns period=10.000ns})
  Path Group:             **async_default**
  Path Type:              Recovery (Max at Slow Process Corner)
  Requirement:            10.000ns  (clk_fpga_0 rise@10.000ns - clk_fpga_0 rise@0.000ns)
  Data Path Delay:        3.554ns  (logic 0.580ns (16.318%)  route 2.974ns (83.682%))
  Logic Levels:           1  (LUT3=1)
  Clock Path Skew:        -0.026ns (DCD - SCD + CPR)
    Destination Clock Delay (DCD):    2.700ns = ( 12.700 - 10.000 ) 
    Source Clock Delay      (SCD):    2.990ns
    Clock Pessimism Removal (CPR):    0.264ns
  Clock Uncertainty:      0.154ns  ((TSJ^2 + TIJ^2)^1/2 + DJ) / 2 + PE
    Total System Jitter     (TSJ):    0.071ns
    Total Input Jitter      (TIJ):    0.300ns
    Discrete Jitter          (DJ):    0.000ns
    Phase Error              (PE):    0.000ns

    Location             Delay type                Incr(ns)  Path(ns)    Netlist Resource(s)
  -------------------------------------------------------------------    -------------------
                         (clock clk_fpga_0 rise edge)
                                                      0.000     0.000 r  
    PS7_X0Y0             PS7                          0.000     0.000 r  design_1_i/processing_system7_0/inst/PS7_i/FCLKCLK[0]
                         net (fo=1, routed)           1.193     1.193    design_1_i/processing_system7_0/inst/FCLK_CLK_unbuffered[0]
    BUFGCTRL_X0Y16       BUFG (Prop_bufg_I_O)         0.101     1.294 r  design_1_i/processing_system7_0/inst/buffer_fclk_clk_0.FCLK_CLK_0_BUFG/O
                         net (fo=22095, routed)       1.696     2.990    <hidden>
    SLICE_X31Y88         FDRE                                         r  <hidden>
  -------------------------------------------------------------------    -------------------
    SLICE_X31Y88         FDRE (Prop_fdre_C_Q)         0.456     3.446 f  <hidden>
                         net (fo=3, routed)           1.099     4.545    <hidden>
    SLICE_X31Y88         LUT3 (Prop_lut3_I1_O)        0.124     4.669 f  <hidden>
                         net (fo=32, routed)          1.875     6.544    <hidden>
    SLICE_X28Y87         FDCE                                         f  <hidden>
  -------------------------------------------------------------------    -------------------

                         (clock clk_fpga_0 rise edge)
                                                     10.000    10.000 r  
    PS7_X0Y0             PS7                          0.000    10.000 r  design_1_i/processing_system7_0/inst/PS7_i/FCLKCLK[0]
                         net (fo=1, routed)           1.088    11.088    design_1_i/processing_system7_0/inst/FCLK_CLK_unbuffered[0]
    BUFGCTRL_X0Y16       BUFG (Prop_bufg_I_O)         0.091    11.179 r  design_1_i/processing_system7_0/inst/buffer_fclk_clk_0.FCLK_CLK_0_BUFG/O
                         net (fo=22095, routed)       1.521    12.700    <hidden>
    SLICE_X28Y87         FDCE                                         r  <hidden>
                         clock pessimism              0.264    12.964    
                         clock uncertainty           -0.154    12.810    
    SLICE_X28Y87         FDCE (Recov_fdce_C_CLR)     -0.405    12.405    <hidden>
  -------------------------------------------------------------------
                         required time                         12.405    
                         arrival time                          -6.544    
  -------------------------------------------------------------------
                         slack                                  5.861    

Slack (MET) :             5.861ns  (required time - arrival time)
  Source:                 <hidden>
                            (rising edge-triggered cell FDRE clocked by clk_fpga_0  {rise@0.000ns fall@5.000ns period=10.000ns})
  Destination:            <hidden>
                            (recovery check against rising-edge clock clk_fpga_0  {rise@0.000ns fall@5.000ns period=10.000ns})
  Path Group:             **async_default**
  Path Type:              Recovery (Max at Slow Process Corner)
  Requirement:            10.000ns  (clk_fpga_0 rise@10.000ns - clk_fpga_0 rise@0.000ns)
  Data Path Delay:        3.554ns  (logic 0.580ns (16.318%)  route 2.974ns (83.682%))
  Logic Levels:           1  (LUT3=1)
  Clock Path Skew:        -0.026ns (DCD - SCD + CPR)
    Destination Clock Delay (DCD):    2.700ns = ( 12.700 - 10.000 ) 
    Source Clock Delay      (SCD):    2.990ns
    Clock Pessimism Removal (CPR):    0.264ns
  Clock Uncertainty:      0.154ns  ((TSJ^2 + TIJ^2)^1/2 + DJ) / 2 + PE
    Total System Jitter     (TSJ):    0.071ns
    Total Input Jitter      (TIJ):    0.300ns
    Discrete Jitter          (DJ):    0.000ns
    Phase Error              (PE):    0.000ns

    Location             Delay type                Incr(ns)  Path(ns)    Netlist Resource(s)
  -------------------------------------------------------------------    -------------------
                         (clock clk_fpga_0 rise edge)
                                                      0.000     0.000 r  
    PS7_X0Y0             PS7                          0.000     0.000 r  design_1_i/processing_system7_0/inst/PS7_i/FCLKCLK[0]
                         net (fo=1, routed)           1.193     1.193    design_1_i/processing_system7_0/inst/FCLK_CLK_unbuffered[0]
    BUFGCTRL_X0Y16       BUFG (Prop_bufg_I_O)         0.101     1.294 r  design_1_i/processing_system7_0/inst/buffer_fclk_clk_0.FCLK_CLK_0_BUFG/O
                         net (fo=22095, routed)       1.696     2.990    <hidden>
    SLICE_X31Y88         FDRE                                         r  <hidden>
  -------------------------------------------------------------------    -------------------
    SLICE_X31Y88         FDRE (Prop_fdre_C_Q)         0.456     3.446 f  <hidden>
                         net (fo=3, routed)           1.099     4.545    <hidden>
    SLICE_X31Y88         LUT3 (Prop_lut3_I1_O)        0.124     4.669 f  <hidden>
                         net (fo=32, routed)          1.875     6.544    <hidden>
    SLICE_X28Y87         FDCE                                         f  <hidden>
  -------------------------------------------------------------------    -------------------

                         (clock clk_fpga_0 rise edge)
                                                     10.000    10.000 r  
    PS7_X0Y0             PS7                          0.000    10.000 r  design_1_i/processing_system7_0/inst/PS7_i/FCLKCLK[0]
                         net (fo=1, routed)           1.088    11.088    design_1_i/processing_system7_0/inst/FCLK_CLK_unbuffered[0]
    BUFGCTRL_X0Y16       BUFG (Prop_bufg_I_O)         0.091    11.179 r  design_1_i/processing_system7_0/inst/buffer_fclk_clk_0.FCLK_CLK_0_BUFG/O
                         net (fo=22095, routed)       1.521    12.700    <hidden>
    SLICE_X28Y87         FDCE                                         r  <hidden>
                         clock pessimism              0.264    12.964    
                         clock uncertainty           -0.154    12.810    
    SLICE_X28Y87         FDCE (Recov_fdce_C_CLR)     -0.405    12.405    <hidden>
  -------------------------------------------------------------------
                         required time                         12.405    
                         arrival time                          -6.544    
  -------------------------------------------------------------------
                         slack                                  5.861    

Slack (MET) :             5.861ns  (required time - arrival time)
  Source:                 <hidden>
                            (rising edge-triggered cell FDRE clocked by clk_fpga_0  {rise@0.000ns fall@5.000ns period=10.000ns})
  Destination:            <hidden>
                            (recovery check against rising-edge clock clk_fpga_0  {rise@0.000ns fall@5.000ns period=10.000ns})
  Path Group:             **async_default**
  Path Type:              Recovery (Max at Slow Process Corner)
  Requirement:            10.000ns  (clk_fpga_0 rise@10.000ns - clk_fpga_0 rise@0.000ns)
  Data Path Delay:        3.554ns  (logic 0.580ns (16.318%)  route 2.974ns (83.682%))
  Logic Levels:           1  (LUT3=1)
  Clock Path Skew:        -0.026ns (DCD - SCD + CPR)
    Destination Clock Delay (DCD):    2.700ns = ( 12.700 - 10.000 ) 
    Source Clock Delay      (SCD):    2.990ns
    Clock Pessimism Removal (CPR):    0.264ns
  Clock Uncertainty:      0.154ns  ((TSJ^2 + TIJ^2)^1/2 + DJ) / 2 + PE
    Total System Jitter     (TSJ):    0.071ns
    Total Input Jitter      (TIJ):    0.300ns
    Discrete Jitter          (DJ):    0.000ns
    Phase Error              (PE):    0.000ns

    Location             Delay type                Incr(ns)  Path(ns)    Netlist Resource(s)
  -------------------------------------------------------------------    -------------------
                         (clock clk_fpga_0 rise edge)
                                                      0.000     0.000 r  
    PS7_X0Y0             PS7                          0.000     0.000 r  design_1_i/processing_system7_0/inst/PS7_i/FCLKCLK[0]
                         net (fo=1, routed)           1.193     1.193    design_1_i/processing_system7_0/inst/FCLK_CLK_unbuffered[0]
    BUFGCTRL_X0Y16       BUFG (Prop_bufg_I_O)         0.101     1.294 r  design_1_i/processing_system7_0/inst/buffer_fclk_clk_0.FCLK_CLK_0_BUFG/O
                         net (fo=22095, routed)       1.696     2.990    <hidden>
    SLICE_X31Y88         FDRE                                         r  <hidden>
  -------------------------------------------------------------------    -------------------
    SLICE_X31Y88         FDRE (Prop_fdre_C_Q)         0.456     3.446 f  <hidden>
                         net (fo=3, routed)           1.099     4.545    <hidden>
    SLICE_X31Y88         LUT3 (Prop_lut3_I1_O)        0.124     4.669 f  <hidden>
                         net (fo=32, routed)          1.875     6.544    <hidden>
    SLICE_X28Y87         FDCE                                         f  <hidden>
  -------------------------------------------------------------------    -------------------

                         (clock clk_fpga_0 rise edge)
                                                     10.000    10.000 r  
    PS7_X0Y0             PS7                          0.000    10.000 r  design_1_i/processing_system7_0/inst/PS7_i/FCLKCLK[0]
                         net (fo=1, routed)           1.088    11.088    design_1_i/processing_system7_0/inst/FCLK_CLK_unbuffered[0]
    BUFGCTRL_X0Y16       BUFG (Prop_bufg_I_O)         0.091    11.179 r  design_1_i/processing_system7_0/inst/buffer_fclk_clk_0.FCLK_CLK_0_BUFG/O
                         net (fo=22095, routed)       1.521    12.700    <hidden>
    SLICE_X28Y87         FDCE                                         r  <hidden>
                         clock pessimism              0.264    12.964    
                         clock uncertainty           -0.154    12.810    
    SLICE_X28Y87         FDCE (Recov_fdce_C_CLR)     -0.405    12.405    <hidden>
  -------------------------------------------------------------------
                         required time                         12.405    
                         arrival time                          -6.544    
  -------------------------------------------------------------------
                         slack                                  5.861    

Slack (MET) :             5.861ns  (required time - arrival time)
  Source:                 <hidden>
                            (rising edge-triggered cell FDRE clocked by clk_fpga_0  {rise@0.000ns fall@5.000ns period=10.000ns})
  Destination:            <hidden>
                            (recovery check against rising-edge clock clk_fpga_0  {rise@0.000ns fall@5.000ns period=10.000ns})
  Path Group:             **async_default**
  Path Type:              Recovery (Max at Slow Process Corner)
  Requirement:            10.000ns  (clk_fpga_0 rise@10.000ns - clk_fpga_0 rise@0.000ns)
  Data Path Delay:        3.554ns  (logic 0.580ns (16.318%)  route 2.974ns (83.682%))
  Logic Levels:           1  (LUT3=1)
  Clock Path Skew:        -0.026ns (DCD - SCD + CPR)
    Destination Clock Delay (DCD):    2.700ns = ( 12.700 - 10.000 ) 
    Source Clock Delay      (SCD):    2.990ns
    Clock Pessimism Removal (CPR):    0.264ns
  Clock Uncertainty:      0.154ns  ((TSJ^2 + TIJ^2)^1/2 + DJ) / 2 + PE
    Total System Jitter     (TSJ):    0.071ns
    Total Input Jitter      (TIJ):    0.300ns
    Discrete Jitter          (DJ):    0.000ns
    Phase Error              (PE):    0.000ns

    Location             Delay type                Incr(ns)  Path(ns)    Netlist Resource(s)
  -------------------------------------------------------------------    -------------------
                         (clock clk_fpga_0 rise edge)
                                                      0.000     0.000 r  
    PS7_X0Y0             PS7                          0.000     0.000 r  design_1_i/processing_system7_0/inst/PS7_i/FCLKCLK[0]
                         net (fo=1, routed)           1.193     1.193    design_1_i/processing_system7_0/inst/FCLK_CLK_unbuffered[0]
    BUFGCTRL_X0Y16       BUFG (Prop_bufg_I_O)         0.101     1.294 r  design_1_i/processing_system7_0/inst/buffer_fclk_clk_0.FCLK_CLK_0_BUFG/O
                         net (fo=22095, routed)       1.696     2.990    <hidden>
    SLICE_X31Y88         FDRE                                         r  <hidden>
  -------------------------------------------------------------------    -------------------
    SLICE_X31Y88         FDRE (Prop_fdre_C_Q)         0.456     3.446 f  <hidden>
                         net (fo=3, routed)           1.099     4.545    <hidden>
    SLICE_X31Y88         LUT3 (Prop_lut3_I1_O)        0.124     4.669 f  <hidden>
                         net (fo=32, routed)          1.875     6.544    <hidden>
    SLICE_X28Y87         FDCE                                         f  <hidden>
  -------------------------------------------------------------------    -------------------

                         (clock clk_fpga_0 rise edge)
                                                     10.000    10.000 r  
    PS7_X0Y0             PS7                          0.000    10.000 r  design_1_i/processing_system7_0/inst/PS7_i/FCLKCLK[0]
                         net (fo=1, routed)           1.088    11.088    design_1_i/processing_system7_0/inst/FCLK_CLK_unbuffered[0]
    BUFGCTRL_X0Y16       BUFG (Prop_bufg_I_O)         0.091    11.179 r  design_1_i/processing_system7_0/inst/buffer_fclk_clk_0.FCLK_CLK_0_BUFG/O
                         net (fo=22095, routed)       1.521    12.700    <hidden>
    SLICE_X28Y87         FDCE                                         r  <hidden>
                         clock pessimism              0.264    12.964    
                         clock uncertainty           -0.154    12.810    
    SLICE_X28Y87         FDCE (Recov_fdce_C_CLR)     -0.405    12.405    <hidden>
  -------------------------------------------------------------------
                         required time                         12.405    
                         arrival time                          -6.544    
  -------------------------------------------------------------------
                         slack                                  5.861    

Slack (MET) :             5.865ns  (required time - arrival time)
  Source:                 <hidden>
                            (rising edge-triggered cell FDRE clocked by clk_fpga_0  {rise@0.000ns fall@5.000ns period=10.000ns})
  Destination:            <hidden>
                            (recovery check against rising-edge clock clk_fpga_0  {rise@0.000ns fall@5.000ns period=10.000ns})
  Path Group:             **async_default**
  Path Type:              Recovery (Max at Slow Process Corner)
  Requirement:            10.000ns  (clk_fpga_0 rise@10.000ns - clk_fpga_0 rise@0.000ns)
  Data Path Delay:        3.550ns  (logic 0.580ns (16.338%)  route 2.970ns (83.662%))
  Logic Levels:           1  (LUT3=1)
  Clock Path Skew:        -0.026ns (DCD - SCD + CPR)
    Destination Clock Delay (DCD):    2.700ns = ( 12.700 - 10.000 ) 
    Source Clock Delay      (SCD):    2.990ns
    Clock Pessimism Removal (CPR):    0.264ns
  Clock Uncertainty:      0.154ns  ((TSJ^2 + TIJ^2)^1/2 + DJ) / 2 + PE
    Total System Jitter     (TSJ):    0.071ns
    Total Input Jitter      (TIJ):    0.300ns
    Discrete Jitter          (DJ):    0.000ns
    Phase Error              (PE):    0.000ns

    Location             Delay type                Incr(ns)  Path(ns)    Netlist Resource(s)
  -------------------------------------------------------------------    -------------------
                         (clock clk_fpga_0 rise edge)
                                                      0.000     0.000 r  
    PS7_X0Y0             PS7                          0.000     0.000 r  design_1_i/processing_system7_0/inst/PS7_i/FCLKCLK[0]
                         net (fo=1, routed)           1.193     1.193    design_1_i/processing_system7_0/inst/FCLK_CLK_unbuffered[0]
    BUFGCTRL_X0Y16       BUFG (Prop_bufg_I_O)         0.101     1.294 r  design_1_i/processing_system7_0/inst/buffer_fclk_clk_0.FCLK_CLK_0_BUFG/O
                         net (fo=22095, routed)       1.696     2.990    <hidden>
    SLICE_X31Y88         FDRE                                         r  <hidden>
  -------------------------------------------------------------------    -------------------
    SLICE_X31Y88         FDRE (Prop_fdre_C_Q)         0.456     3.446 f  <hidden>
                         net (fo=3, routed)           1.099     4.545    <hidden>
    SLICE_X31Y88         LUT3 (Prop_lut3_I1_O)        0.124     4.669 f  <hidden>
                         net (fo=32, routed)          1.871     6.540    <hidden>
    SLICE_X29Y87         FDCE                                         f  <hidden>
  -------------------------------------------------------------------    -------------------

                         (clock clk_fpga_0 rise edge)
                                                     10.000    10.000 r  
    PS7_X0Y0             PS7                          0.000    10.000 r  design_1_i/processing_system7_0/inst/PS7_i/FCLKCLK[0]
                         net (fo=1, routed)           1.088    11.088    design_1_i/processing_system7_0/inst/FCLK_CLK_unbuffered[0]
    BUFGCTRL_X0Y16       BUFG (Prop_bufg_I_O)         0.091    11.179 r  design_1_i/processing_system7_0/inst/buffer_fclk_clk_0.FCLK_CLK_0_BUFG/O
                         net (fo=22095, routed)       1.521    12.700    <hidden>
    SLICE_X29Y87         FDCE                                         r  <hidden>
                         clock pessimism              0.264    12.964    
                         clock uncertainty           -0.154    12.810    
    SLICE_X29Y87         FDCE (Recov_fdce_C_CLR)     -0.405    12.405    <hidden>
  -------------------------------------------------------------------
                         required time                         12.405    
                         arrival time                          -6.540    
  -------------------------------------------------------------------
                         slack                                  5.865    

Slack (MET) :             5.865ns  (required time - arrival time)
  Source:                 <hidden>
                            (rising edge-triggered cell FDRE clocked by clk_fpga_0  {rise@0.000ns fall@5.000ns period=10.000ns})
  Destination:            <hidden>
                            (recovery check against rising-edge clock clk_fpga_0  {rise@0.000ns fall@5.000ns period=10.000ns})
  Path Group:             **async_default**
  Path Type:              Recovery (Max at Slow Process Corner)
  Requirement:            10.000ns  (clk_fpga_0 rise@10.000ns - clk_fpga_0 rise@0.000ns)
  Data Path Delay:        3.550ns  (logic 0.580ns (16.338%)  route 2.970ns (83.662%))
  Logic Levels:           1  (LUT3=1)
  Clock Path Skew:        -0.026ns (DCD - SCD + CPR)
    Destination Clock Delay (DCD):    2.700ns = ( 12.700 - 10.000 ) 
    Source Clock Delay      (SCD):    2.990ns
    Clock Pessimism Removal (CPR):    0.264ns
  Clock Uncertainty:      0.154ns  ((TSJ^2 + TIJ^2)^1/2 + DJ) / 2 + PE
    Total System Jitter     (TSJ):    0.071ns
    Total Input Jitter      (TIJ):    0.300ns
    Discrete Jitter          (DJ):    0.000ns
    Phase Error              (PE):    0.000ns

    Location             Delay type                Incr(ns)  Path(ns)    Netlist Resource(s)
  -------------------------------------------------------------------    -------------------
                         (clock clk_fpga_0 rise edge)
                                                      0.000     0.000 r  
    PS7_X0Y0             PS7                          0.000     0.000 r  design_1_i/processing_system7_0/inst/PS7_i/FCLKCLK[0]
                         net (fo=1, routed)           1.193     1.193    design_1_i/processing_system7_0/inst/FCLK_CLK_unbuffered[0]
    BUFGCTRL_X0Y16       BUFG (Prop_bufg_I_O)         0.101     1.294 r  design_1_i/processing_system7_0/inst/buffer_fclk_clk_0.FCLK_CLK_0_BUFG/O
                         net (fo=22095, routed)       1.696     2.990    <hidden>
    SLICE_X31Y88         FDRE                                         r  <hidden>
  -------------------------------------------------------------------    -------------------
    SLICE_X31Y88         FDRE (Prop_fdre_C_Q)         0.456     3.446 f  <hidden>
                         net (fo=3, routed)           1.099     4.545    <hidden>
    SLICE_X31Y88         LUT3 (Prop_lut3_I1_O)        0.124     4.669 f  <hidden>
                         net (fo=32, routed)          1.871     6.540    <hidden>
    SLICE_X29Y87         FDCE                                         f  <hidden>
  -------------------------------------------------------------------    -------------------

                         (clock clk_fpga_0 rise edge)
                                                     10.000    10.000 r  
    PS7_X0Y0             PS7                          0.000    10.000 r  design_1_i/processing_system7_0/inst/PS7_i/FCLKCLK[0]
                         net (fo=1, routed)           1.088    11.088    design_1_i/processing_system7_0/inst/FCLK_CLK_unbuffered[0]
    BUFGCTRL_X0Y16       BUFG (Prop_bufg_I_O)         0.091    11.179 r  design_1_i/processing_system7_0/inst/buffer_fclk_clk_0.FCLK_CLK_0_BUFG/O
                         net (fo=22095, routed)       1.521    12.700    <hidden>
    SLICE_X29Y87         FDCE                                         r  <hidden>
                         clock pessimism              0.264    12.964    
                         clock uncertainty           -0.154    12.810    
    SLICE_X29Y87         FDCE (Recov_fdce_C_CLR)     -0.405    12.405    <hidden>
  -------------------------------------------------------------------
                         required time                         12.405    
                         arrival time                          -6.540    
  -------------------------------------------------------------------
                         slack                                  5.865    

Slack (MET) :             5.865ns  (required time - arrival time)
  Source:                 <hidden>
                            (rising edge-triggered cell FDRE clocked by clk_fpga_0  {rise@0.000ns fall@5.000ns period=10.000ns})
  Destination:            <hidden>
                            (recovery check against rising-edge clock clk_fpga_0  {rise@0.000ns fall@5.000ns period=10.000ns})
  Path Group:             **async_default**
  Path Type:              Recovery (Max at Slow Process Corner)
  Requirement:            10.000ns  (clk_fpga_0 rise@10.000ns - clk_fpga_0 rise@0.000ns)
  Data Path Delay:        3.550ns  (logic 0.580ns (16.338%)  route 2.970ns (83.662%))
  Logic Levels:           1  (LUT3=1)
  Clock Path Skew:        -0.026ns (DCD - SCD + CPR)
    Destination Clock Delay (DCD):    2.700ns = ( 12.700 - 10.000 ) 
    Source Clock Delay      (SCD):    2.990ns
    Clock Pessimism Removal (CPR):    0.264ns
  Clock Uncertainty:      0.154ns  ((TSJ^2 + TIJ^2)^1/2 + DJ) / 2 + PE
    Total System Jitter     (TSJ):    0.071ns
    Total Input Jitter      (TIJ):    0.300ns
    Discrete Jitter          (DJ):    0.000ns
    Phase Error              (PE):    0.000ns

    Location             Delay type                Incr(ns)  Path(ns)    Netlist Resource(s)
  -------------------------------------------------------------------    -------------------
                         (clock clk_fpga_0 rise edge)
                                                      0.000     0.000 r  
    PS7_X0Y0             PS7                          0.000     0.000 r  design_1_i/processing_system7_0/inst/PS7_i/FCLKCLK[0]
                         net (fo=1, routed)           1.193     1.193    design_1_i/processing_system7_0/inst/FCLK_CLK_unbuffered[0]
    BUFGCTRL_X0Y16       BUFG (Prop_bufg_I_O)         0.101     1.294 r  design_1_i/processing_system7_0/inst/buffer_fclk_clk_0.FCLK_CLK_0_BUFG/O
                         net (fo=22095, routed)       1.696     2.990    <hidden>
    SLICE_X31Y88         FDRE                                         r  <hidden>
  -------------------------------------------------------------------    -------------------
    SLICE_X31Y88         FDRE (Prop_fdre_C_Q)         0.456     3.446 f  <hidden>
                         net (fo=3, routed)           1.099     4.545    <hidden>
    SLICE_X31Y88         LUT3 (Prop_lut3_I1_O)        0.124     4.669 f  <hidden>
                         net (fo=32, routed)          1.871     6.540    <hidden>
    SLICE_X29Y87         FDCE                                         f  <hidden>
  -------------------------------------------------------------------    -------------------

                         (clock clk_fpga_0 rise edge)
                                                     10.000    10.000 r  
    PS7_X0Y0             PS7                          0.000    10.000 r  design_1_i/processing_system7_0/inst/PS7_i/FCLKCLK[0]
                         net (fo=1, routed)           1.088    11.088    design_1_i/processing_system7_0/inst/FCLK_CLK_unbuffered[0]
    BUFGCTRL_X0Y16       BUFG (Prop_bufg_I_O)         0.091    11.179 r  design_1_i/processing_system7_0/inst/buffer_fclk_clk_0.FCLK_CLK_0_BUFG/O
                         net (fo=22095, routed)       1.521    12.700    <hidden>
    SLICE_X29Y87         FDCE                                         r  <hidden>
                         clock pessimism              0.264    12.964    
                         clock uncertainty           -0.154    12.810    
    SLICE_X29Y87         FDCE (Recov_fdce_C_CLR)     -0.405    12.405    <hidden>
  -------------------------------------------------------------------
                         required time                         12.405    
                         arrival time                          -6.540    
  -------------------------------------------------------------------
                         slack                                  5.865    

Slack (MET) :             5.865ns  (required time - arrival time)
  Source:                 <hidden>
                            (rising edge-triggered cell FDRE clocked by clk_fpga_0  {rise@0.000ns fall@5.000ns period=10.000ns})
  Destination:            <hidden>
                            (recovery check against rising-edge clock clk_fpga_0  {rise@0.000ns fall@5.000ns period=10.000ns})
  Path Group:             **async_default**
  Path Type:              Recovery (Max at Slow Process Corner)
  Requirement:            10.000ns  (clk_fpga_0 rise@10.000ns - clk_fpga_0 rise@0.000ns)
  Data Path Delay:        3.550ns  (logic 0.580ns (16.338%)  route 2.970ns (83.662%))
  Logic Levels:           1  (LUT3=1)
  Clock Path Skew:        -0.026ns (DCD - SCD + CPR)
    Destination Clock Delay (DCD):    2.700ns = ( 12.700 - 10.000 ) 
    Source Clock Delay      (SCD):    2.990ns
    Clock Pessimism Removal (CPR):    0.264ns
  Clock Uncertainty:      0.154ns  ((TSJ^2 + TIJ^2)^1/2 + DJ) / 2 + PE
    Total System Jitter     (TSJ):    0.071ns
    Total Input Jitter      (TIJ):    0.300ns
    Discrete Jitter          (DJ):    0.000ns
    Phase Error              (PE):    0.000ns

    Location             Delay type                Incr(ns)  Path(ns)    Netlist Resource(s)
  -------------------------------------------------------------------    -------------------
                         (clock clk_fpga_0 rise edge)
                                                      0.000     0.000 r  
    PS7_X0Y0             PS7                          0.000     0.000 r  design_1_i/processing_system7_0/inst/PS7_i/FCLKCLK[0]
                         net (fo=1, routed)           1.193     1.193    design_1_i/processing_system7_0/inst/FCLK_CLK_unbuffered[0]
    BUFGCTRL_X0Y16       BUFG (Prop_bufg_I_O)         0.101     1.294 r  design_1_i/processing_system7_0/inst/buffer_fclk_clk_0.FCLK_CLK_0_BUFG/O
                         net (fo=22095, routed)       1.696     2.990    <hidden>
    SLICE_X31Y88         FDRE                                         r  <hidden>
  -------------------------------------------------------------------    -------------------
    SLICE_X31Y88         FDRE (Prop_fdre_C_Q)         0.456     3.446 f  <hidden>
                         net (fo=3, routed)           1.099     4.545    <hidden>
    SLICE_X31Y88         LUT3 (Prop_lut3_I1_O)        0.124     4.669 f  <hidden>
                         net (fo=32, routed)          1.871     6.540    <hidden>
    SLICE_X29Y87         FDCE                                         f  <hidden>
  -------------------------------------------------------------------    -------------------

                         (clock clk_fpga_0 rise edge)
                                                     10.000    10.000 r  
    PS7_X0Y0             PS7                          0.000    10.000 r  design_1_i/processing_system7_0/inst/PS7_i/FCLKCLK[0]
                         net (fo=1, routed)           1.088    11.088    design_1_i/processing_system7_0/inst/FCLK_CLK_unbuffered[0]
    BUFGCTRL_X0Y16       BUFG (Prop_bufg_I_O)         0.091    11.179 r  design_1_i/processing_system7_0/inst/buffer_fclk_clk_0.FCLK_CLK_0_BUFG/O
                         net (fo=22095, routed)       1.521    12.700    <hidden>
    SLICE_X29Y87         FDCE                                         r  <hidden>
                         clock pessimism              0.264    12.964    
                         clock uncertainty           -0.154    12.810    
    SLICE_X29Y87         FDCE (Recov_fdce_C_CLR)     -0.405    12.405    <hidden>
  -------------------------------------------------------------------
                         required time                         12.405    
                         arrival time                          -6.540    
  -------------------------------------------------------------------
                         slack                                  5.865    

Slack (MET) :             5.865ns  (required time - arrival time)
  Source:                 <hidden>
                            (rising edge-triggered cell FDRE clocked by clk_fpga_0  {rise@0.000ns fall@5.000ns period=10.000ns})
  Destination:            <hidden>
                            (recovery check against rising-edge clock clk_fpga_0  {rise@0.000ns fall@5.000ns period=10.000ns})
  Path Group:             **async_default**
  Path Type:              Recovery (Max at Slow Process Corner)
  Requirement:            10.000ns  (clk_fpga_0 rise@10.000ns - clk_fpga_0 rise@0.000ns)
  Data Path Delay:        3.550ns  (logic 0.580ns (16.338%)  route 2.970ns (83.662%))
  Logic Levels:           1  (LUT3=1)
  Clock Path Skew:        -0.026ns (DCD - SCD + CPR)
    Destination Clock Delay (DCD):    2.700ns = ( 12.700 - 10.000 ) 
    Source Clock Delay      (SCD):    2.990ns
    Clock Pessimism Removal (CPR):    0.264ns
  Clock Uncertainty:      0.154ns  ((TSJ^2 + TIJ^2)^1/2 + DJ) / 2 + PE
    Total System Jitter     (TSJ):    0.071ns
    Total Input Jitter      (TIJ):    0.300ns
    Discrete Jitter          (DJ):    0.000ns
    Phase Error              (PE):    0.000ns

    Location             Delay type                Incr(ns)  Path(ns)    Netlist Resource(s)
  -------------------------------------------------------------------    -------------------
                         (clock clk_fpga_0 rise edge)
                                                      0.000     0.000 r  
    PS7_X0Y0             PS7                          0.000     0.000 r  design_1_i/processing_system7_0/inst/PS7_i/FCLKCLK[0]
                         net (fo=1, routed)           1.193     1.193    design_1_i/processing_system7_0/inst/FCLK_CLK_unbuffered[0]
    BUFGCTRL_X0Y16       BUFG (Prop_bufg_I_O)         0.101     1.294 r  design_1_i/processing_system7_0/inst/buffer_fclk_clk_0.FCLK_CLK_0_BUFG/O
                         net (fo=22095, routed)       1.696     2.990    <hidden>
    SLICE_X31Y88         FDRE                                         r  <hidden>
  -------------------------------------------------------------------    -------------------
    SLICE_X31Y88         FDRE (Prop_fdre_C_Q)         0.456     3.446 f  <hidden>
                         net (fo=3, routed)           1.099     4.545    <hidden>
    SLICE_X31Y88         LUT3 (Prop_lut3_I1_O)        0.124     4.669 f  <hidden>
                         net (fo=32, routed)          1.871     6.540    <hidden>
    SLICE_X29Y87         FDCE                                         f  <hidden>
  -------------------------------------------------------------------    -------------------

                         (clock clk_fpga_0 rise edge)
                                                     10.000    10.000 r  
    PS7_X0Y0             PS7                          0.000    10.000 r  design_1_i/processing_system7_0/inst/PS7_i/FCLKCLK[0]
                         net (fo=1, routed)           1.088    11.088    design_1_i/processing_system7_0/inst/FCLK_CLK_unbuffered[0]
    BUFGCTRL_X0Y16       BUFG (Prop_bufg_I_O)         0.091    11.179 r  design_1_i/processing_system7_0/inst/buffer_fclk_clk_0.FCLK_CLK_0_BUFG/O
                         net (fo=22095, routed)       1.521    12.700    <hidden>
    SLICE_X29Y87         FDCE                                         r  <hidden>
                         clock pessimism              0.264    12.964    
                         clock uncertainty           -0.154    12.810    
    SLICE_X29Y87         FDCE (Recov_fdce_C_CLR)     -0.405    12.405    <hidden>
  -------------------------------------------------------------------
                         required time                         12.405    
                         arrival time                          -6.540    
  -------------------------------------------------------------------
                         slack                                  5.865    

Slack (MET) :             5.907ns  (required time - arrival time)
  Source:                 <hidden>
                            (rising edge-triggered cell FDRE clocked by clk_fpga_0  {rise@0.000ns fall@5.000ns period=10.000ns})
  Destination:            <hidden>
                            (recovery check against rising-edge clock clk_fpga_0  {rise@0.000ns fall@5.000ns period=10.000ns})
  Path Group:             **async_default**
  Path Type:              Recovery (Max at Slow Process Corner)
  Requirement:            10.000ns  (clk_fpga_0 rise@10.000ns - clk_fpga_0 rise@0.000ns)
  Data Path Delay:        3.554ns  (logic 0.580ns (16.318%)  route 2.974ns (83.682%))
  Logic Levels:           1  (LUT3=1)
  Clock Path Skew:        -0.026ns (DCD - SCD + CPR)
    Destination Clock Delay (DCD):    2.700ns = ( 12.700 - 10.000 ) 
    Source Clock Delay      (SCD):    2.990ns
    Clock Pessimism Removal (CPR):    0.264ns
  Clock Uncertainty:      0.154ns  ((TSJ^2 + TIJ^2)^1/2 + DJ) / 2 + PE
    Total System Jitter     (TSJ):    0.071ns
    Total Input Jitter      (TIJ):    0.300ns
    Discrete Jitter          (DJ):    0.000ns
    Phase Error              (PE):    0.000ns

    Location             Delay type                Incr(ns)  Path(ns)    Netlist Resource(s)
  -------------------------------------------------------------------    -------------------
                         (clock clk_fpga_0 rise edge)
                                                      0.000     0.000 r  
    PS7_X0Y0             PS7                          0.000     0.000 r  design_1_i/processing_system7_0/inst/PS7_i/FCLKCLK[0]
                         net (fo=1, routed)           1.193     1.193    design_1_i/processing_system7_0/inst/FCLK_CLK_unbuffered[0]
    BUFGCTRL_X0Y16       BUFG (Prop_bufg_I_O)         0.101     1.294 r  design_1_i/processing_system7_0/inst/buffer_fclk_clk_0.FCLK_CLK_0_BUFG/O
                         net (fo=22095, routed)       1.696     2.990    <hidden>
    SLICE_X31Y88         FDRE                                         r  <hidden>
  -------------------------------------------------------------------    -------------------
    SLICE_X31Y88         FDRE (Prop_fdre_C_Q)         0.456     3.446 f  <hidden>
                         net (fo=3, routed)           1.099     4.545    <hidden>
    SLICE_X31Y88         LUT3 (Prop_lut3_I1_O)        0.124     4.669 f  <hidden>
                         net (fo=32, routed)          1.875     6.544    <hidden>
    SLICE_X28Y87         FDPE                                         f  <hidden>
  -------------------------------------------------------------------    -------------------

                         (clock clk_fpga_0 rise edge)
                                                     10.000    10.000 r  
    PS7_X0Y0             PS7                          0.000    10.000 r  design_1_i/processing_system7_0/inst/PS7_i/FCLKCLK[0]
                         net (fo=1, routed)           1.088    11.088    design_1_i/processing_system7_0/inst/FCLK_CLK_unbuffered[0]
    BUFGCTRL_X0Y16       BUFG (Prop_bufg_I_O)         0.091    11.179 r  design_1_i/processing_system7_0/inst/buffer_fclk_clk_0.FCLK_CLK_0_BUFG/O
                         net (fo=22095, routed)       1.521    12.700    <hidden>
    SLICE_X28Y87         FDPE                                         r  <hidden>
                         clock pessimism              0.264    12.964    
                         clock uncertainty           -0.154    12.810    
    SLICE_X28Y87         FDPE (Recov_fdpe_C_PRE)     -0.359    12.451    <hidden>
  -------------------------------------------------------------------
                         required time                         12.451    
                         arrival time                          -6.544    
  -------------------------------------------------------------------
                         slack                                  5.907    





Min Delay Paths
--------------------------------------------------------------------------------------
Slack (MET) :             0.643ns  (arrival time - required time)
  Source:                 <hidden>
                            (rising edge-triggered cell FDRE clocked by clk_fpga_0  {rise@0.000ns fall@5.000ns period=10.000ns})
  Destination:            <hidden>
                            (removal check against rising-edge clock clk_fpga_0  {rise@0.000ns fall@5.000ns period=10.000ns})
  Path Group:             **async_default**
  Path Type:              Removal (Min at Fast Process Corner)
  Requirement:            0.000ns  (clk_fpga_0 rise@0.000ns - clk_fpga_0 rise@0.000ns)
  Data Path Delay:        0.592ns  (logic 0.186ns (31.433%)  route 0.406ns (68.567%))
  Logic Levels:           1  (LUT3=1)
  Clock Path Skew:        0.016ns (DCD - SCD - CPR)
    Destination Clock Delay (DCD):    1.182ns
    Source Clock Delay      (SCD):    0.884ns
    Clock Pessimism Removal (CPR):    0.282ns

    Location             Delay type                Incr(ns)  Path(ns)    Netlist Resource(s)
  -------------------------------------------------------------------    -------------------
                         (clock clk_fpga_0 rise edge)
                                                      0.000     0.000 r  
    PS7_X0Y0             PS7                          0.000     0.000 r  design_1_i/processing_system7_0/inst/PS7_i/FCLKCLK[0]
                         net (fo=1, routed)           0.310     0.310    design_1_i/processing_system7_0/inst/FCLK_CLK_unbuffered[0]
    BUFGCTRL_X0Y16       BUFG (Prop_bufg_I_O)         0.026     0.336 r  design_1_i/processing_system7_0/inst/buffer_fclk_clk_0.FCLK_CLK_0_BUFG/O
                         net (fo=22095, routed)       0.548     0.884    <hidden>
    SLICE_X37Y80         FDRE                                         r  <hidden>
  -------------------------------------------------------------------    -------------------
    SLICE_X37Y80         FDRE (Prop_fdre_C_Q)         0.141     1.025 f  <hidden>
                         net (fo=3, routed)           0.182     1.207    <hidden>
    SLICE_X37Y80         LUT3 (Prop_lut3_I1_O)        0.045     1.252 f  <hidden>
                         net (fo=32, routed)          0.223     1.475    <hidden>
    SLICE_X36Y82         FDCE                                         f  <hidden>
  -------------------------------------------------------------------    -------------------

                         (clock clk_fpga_0 rise edge)
                                                      0.000     0.000 r  
    PS7_X0Y0             PS7                          0.000     0.000 r  design_1_i/processing_system7_0/inst/PS7_i/FCLKCLK[0]
                         net (fo=1, routed)           0.337     0.337    design_1_i/processing_system7_0/inst/FCLK_CLK_unbuffered[0]
    BUFGCTRL_X0Y16       BUFG (Prop_bufg_I_O)         0.029     0.366 r  design_1_i/processing_system7_0/inst/buffer_fclk_clk_0.FCLK_CLK_0_BUFG/O
                         net (fo=22095, routed)       0.816     1.182    <hidden>
    SLICE_X36Y82         FDCE                                         r  <hidden>
                         clock pessimism             -0.282     0.900    
    SLICE_X36Y82         FDCE (Remov_fdce_C_CLR)     -0.067     0.833    <hidden>
  -------------------------------------------------------------------
                         required time                         -0.833    
                         arrival time                           1.475    
  -------------------------------------------------------------------
                         slack                                  0.643    

Slack (MET) :             0.643ns  (arrival time - required time)
  Source:                 <hidden>
                            (rising edge-triggered cell FDRE clocked by clk_fpga_0  {rise@0.000ns fall@5.000ns period=10.000ns})
  Destination:            <hidden>
                            (removal check against rising-edge clock clk_fpga_0  {rise@0.000ns fall@5.000ns period=10.000ns})
  Path Group:             **async_default**
  Path Type:              Removal (Min at Fast Process Corner)
  Requirement:            0.000ns  (clk_fpga_0 rise@0.000ns - clk_fpga_0 rise@0.000ns)
  Data Path Delay:        0.592ns  (logic 0.186ns (31.433%)  route 0.406ns (68.567%))
  Logic Levels:           1  (LUT3=1)
  Clock Path Skew:        0.016ns (DCD - SCD - CPR)
    Destination Clock Delay (DCD):    1.182ns
    Source Clock Delay      (SCD):    0.884ns
    Clock Pessimism Removal (CPR):    0.282ns

    Location             Delay type                Incr(ns)  Path(ns)    Netlist Resource(s)
  -------------------------------------------------------------------    -------------------
                         (clock clk_fpga_0 rise edge)
                                                      0.000     0.000 r  
    PS7_X0Y0             PS7                          0.000     0.000 r  design_1_i/processing_system7_0/inst/PS7_i/FCLKCLK[0]
                         net (fo=1, routed)           0.310     0.310    design_1_i/processing_system7_0/inst/FCLK_CLK_unbuffered[0]
    BUFGCTRL_X0Y16       BUFG (Prop_bufg_I_O)         0.026     0.336 r  design_1_i/processing_system7_0/inst/buffer_fclk_clk_0.FCLK_CLK_0_BUFG/O
                         net (fo=22095, routed)       0.548     0.884    <hidden>
    SLICE_X37Y80         FDRE                                         r  <hidden>
  -------------------------------------------------------------------    -------------------
    SLICE_X37Y80         FDRE (Prop_fdre_C_Q)         0.141     1.025 f  <hidden>
                         net (fo=3, routed)           0.182     1.207    <hidden>
    SLICE_X37Y80         LUT3 (Prop_lut3_I1_O)        0.045     1.252 f  <hidden>
                         net (fo=32, routed)          0.223     1.475    <hidden>
    SLICE_X36Y82         FDCE                                         f  <hidden>
  -------------------------------------------------------------------    -------------------

                         (clock clk_fpga_0 rise edge)
                                                      0.000     0.000 r  
    PS7_X0Y0             PS7                          0.000     0.000 r  design_1_i/processing_system7_0/inst/PS7_i/FCLKCLK[0]
                         net (fo=1, routed)           0.337     0.337    design_1_i/processing_system7_0/inst/FCLK_CLK_unbuffered[0]
    BUFGCTRL_X0Y16       BUFG (Prop_bufg_I_O)         0.029     0.366 r  design_1_i/processing_system7_0/inst/buffer_fclk_clk_0.FCLK_CLK_0_BUFG/O
                         net (fo=22095, routed)       0.816     1.182    <hidden>
    SLICE_X36Y82         FDCE                                         r  <hidden>
                         clock pessimism             -0.282     0.900    
    SLICE_X36Y82         FDCE (Remov_fdce_C_CLR)     -0.067     0.833    <hidden>
  -------------------------------------------------------------------
                         required time                         -0.833    
                         arrival time                           1.475    
  -------------------------------------------------------------------
                         slack                                  0.643    

Slack (MET) :             0.643ns  (arrival time - required time)
  Source:                 <hidden>
                            (rising edge-triggered cell FDRE clocked by clk_fpga_0  {rise@0.000ns fall@5.000ns period=10.000ns})
  Destination:            <hidden>
                            (removal check against rising-edge clock clk_fpga_0  {rise@0.000ns fall@5.000ns period=10.000ns})
  Path Group:             **async_default**
  Path Type:              Removal (Min at Fast Process Corner)
  Requirement:            0.000ns  (clk_fpga_0 rise@0.000ns - clk_fpga_0 rise@0.000ns)
  Data Path Delay:        0.592ns  (logic 0.186ns (31.433%)  route 0.406ns (68.567%))
  Logic Levels:           1  (LUT3=1)
  Clock Path Skew:        0.016ns (DCD - SCD - CPR)
    Destination Clock Delay (DCD):    1.182ns
    Source Clock Delay      (SCD):    0.884ns
    Clock Pessimism Removal (CPR):    0.282ns

    Location             Delay type                Incr(ns)  Path(ns)    Netlist Resource(s)
  -------------------------------------------------------------------    -------------------
                         (clock clk_fpga_0 rise edge)
                                                      0.000     0.000 r  
    PS7_X0Y0             PS7                          0.000     0.000 r  design_1_i/processing_system7_0/inst/PS7_i/FCLKCLK[0]
                         net (fo=1, routed)           0.310     0.310    design_1_i/processing_system7_0/inst/FCLK_CLK_unbuffered[0]
    BUFGCTRL_X0Y16       BUFG (Prop_bufg_I_O)         0.026     0.336 r  design_1_i/processing_system7_0/inst/buffer_fclk_clk_0.FCLK_CLK_0_BUFG/O
                         net (fo=22095, routed)       0.548     0.884    <hidden>
    SLICE_X37Y80         FDRE                                         r  <hidden>
  -------------------------------------------------------------------    -------------------
    SLICE_X37Y80         FDRE (Prop_fdre_C_Q)         0.141     1.025 f  <hidden>
                         net (fo=3, routed)           0.182     1.207    <hidden>
    SLICE_X37Y80         LUT3 (Prop_lut3_I1_O)        0.045     1.252 f  <hidden>
                         net (fo=32, routed)          0.223     1.475    <hidden>
    SLICE_X36Y82         FDCE                                         f  <hidden>
  -------------------------------------------------------------------    -------------------

                         (clock clk_fpga_0 rise edge)
                                                      0.000     0.000 r  
    PS7_X0Y0             PS7                          0.000     0.000 r  design_1_i/processing_system7_0/inst/PS7_i/FCLKCLK[0]
                         net (fo=1, routed)           0.337     0.337    design_1_i/processing_system7_0/inst/FCLK_CLK_unbuffered[0]
    BUFGCTRL_X0Y16       BUFG (Prop_bufg_I_O)         0.029     0.366 r  design_1_i/processing_system7_0/inst/buffer_fclk_clk_0.FCLK_CLK_0_BUFG/O
                         net (fo=22095, routed)       0.816     1.182    <hidden>
    SLICE_X36Y82         FDCE                                         r  <hidden>
                         clock pessimism             -0.282     0.900    
    SLICE_X36Y82         FDCE (Remov_fdce_C_CLR)     -0.067     0.833    <hidden>
  -------------------------------------------------------------------
                         required time                         -0.833    
                         arrival time                           1.475    
  -------------------------------------------------------------------
                         slack                                  0.643    

Slack (MET) :             0.647ns  (arrival time - required time)
  Source:                 <hidden>
                            (rising edge-triggered cell FDRE clocked by clk_fpga_0  {rise@0.000ns fall@5.000ns period=10.000ns})
  Destination:            <hidden>
                            (removal check against rising-edge clock clk_fpga_0  {rise@0.000ns fall@5.000ns period=10.000ns})
  Path Group:             **async_default**
  Path Type:              Removal (Min at Fast Process Corner)
  Requirement:            0.000ns  (clk_fpga_0 rise@0.000ns - clk_fpga_0 rise@0.000ns)
  Data Path Delay:        0.592ns  (logic 0.186ns (31.433%)  route 0.406ns (68.567%))
  Logic Levels:           1  (LUT3=1)
  Clock Path Skew:        0.016ns (DCD - SCD - CPR)
    Destination Clock Delay (DCD):    1.182ns
    Source Clock Delay      (SCD):    0.884ns
    Clock Pessimism Removal (CPR):    0.282ns

    Location             Delay type                Incr(ns)  Path(ns)    Netlist Resource(s)
  -------------------------------------------------------------------    -------------------
                         (clock clk_fpga_0 rise edge)
                                                      0.000     0.000 r  
    PS7_X0Y0             PS7                          0.000     0.000 r  design_1_i/processing_system7_0/inst/PS7_i/FCLKCLK[0]
                         net (fo=1, routed)           0.310     0.310    design_1_i/processing_system7_0/inst/FCLK_CLK_unbuffered[0]
    BUFGCTRL_X0Y16       BUFG (Prop_bufg_I_O)         0.026     0.336 r  design_1_i/processing_system7_0/inst/buffer_fclk_clk_0.FCLK_CLK_0_BUFG/O
                         net (fo=22095, routed)       0.548     0.884    <hidden>
    SLICE_X37Y80         FDRE                                         r  <hidden>
  -------------------------------------------------------------------    -------------------
    SLICE_X37Y80         FDRE (Prop_fdre_C_Q)         0.141     1.025 f  <hidden>
                         net (fo=3, routed)           0.182     1.207    <hidden>
    SLICE_X37Y80         LUT3 (Prop_lut3_I1_O)        0.045     1.252 f  <hidden>
                         net (fo=32, routed)          0.223     1.475    <hidden>
    SLICE_X36Y82         FDPE                                         f  <hidden>
  -------------------------------------------------------------------    -------------------

                         (clock clk_fpga_0 rise edge)
                                                      0.000     0.000 r  
    PS7_X0Y0             PS7                          0.000     0.000 r  design_1_i/processing_system7_0/inst/PS7_i/FCLKCLK[0]
                         net (fo=1, routed)           0.337     0.337    design_1_i/processing_system7_0/inst/FCLK_CLK_unbuffered[0]
    BUFGCTRL_X0Y16       BUFG (Prop_bufg_I_O)         0.029     0.366 r  design_1_i/processing_system7_0/inst/buffer_fclk_clk_0.FCLK_CLK_0_BUFG/O
                         net (fo=22095, routed)       0.816     1.182    <hidden>
    SLICE_X36Y82         FDPE                                         r  <hidden>
                         clock pessimism             -0.282     0.900    
    SLICE_X36Y82         FDPE (Remov_fdpe_C_PRE)     -0.071     0.829    <hidden>
  -------------------------------------------------------------------
                         required time                         -0.829    
                         arrival time                           1.475    
  -------------------------------------------------------------------
                         slack                                  0.647    

Slack (MET) :             0.656ns  (arrival time - required time)
  Source:                 <hidden>
                            (rising edge-triggered cell FDRE clocked by clk_fpga_0  {rise@0.000ns fall@5.000ns period=10.000ns})
  Destination:            <hidden>
                            (removal check against rising-edge clock clk_fpga_0  {rise@0.000ns fall@5.000ns period=10.000ns})
  Path Group:             **async_default**
  Path Type:              Removal (Min at Fast Process Corner)
  Requirement:            0.000ns  (clk_fpga_0 rise@0.000ns - clk_fpga_0 rise@0.000ns)
  Data Path Delay:        0.578ns  (logic 0.226ns (39.107%)  route 0.352ns (60.893%))
  Logic Levels:           1  (LUT3=1)
  Clock Path Skew:        0.014ns (DCD - SCD - CPR)
    Destination Clock Delay (DCD):    1.195ns
    Source Clock Delay      (SCD):    0.899ns
    Clock Pessimism Removal (CPR):    0.282ns

    Location             Delay type                Incr(ns)  Path(ns)    Netlist Resource(s)
  -------------------------------------------------------------------    -------------------
                         (clock clk_fpga_0 rise edge)
                                                      0.000     0.000 r  
    PS7_X0Y0             PS7                          0.000     0.000 r  design_1_i/processing_system7_0/inst/PS7_i/FCLKCLK[0]
                         net (fo=1, routed)           0.310     0.310    design_1_i/processing_system7_0/inst/FCLK_CLK_unbuffered[0]
    BUFGCTRL_X0Y16       BUFG (Prop_bufg_I_O)         0.026     0.336 r  design_1_i/processing_system7_0/inst/buffer_fclk_clk_0.FCLK_CLK_0_BUFG/O
                         net (fo=22095, routed)       0.563     0.899    <hidden>
    SLICE_X28Y74         FDRE                                         r  <hidden>
  -------------------------------------------------------------------    -------------------
    SLICE_X28Y74         FDRE (Prop_fdre_C_Q)         0.128     1.027 f  <hidden>
                         net (fo=1, routed)           0.103     1.130    <hidden>
    SLICE_X28Y74         LUT3 (Prop_lut3_I0_O)        0.098     1.228 f  <hidden>
                         net (fo=33, routed)          0.249     1.477    <hidden>
    SLICE_X29Y73         FDCE                                         f  <hidden>
  -------------------------------------------------------------------    -------------------

                         (clock clk_fpga_0 rise edge)
                                                      0.000     0.000 r  
    PS7_X0Y0             PS7                          0.000     0.000 r  design_1_i/processing_system7_0/inst/PS7_i/FCLKCLK[0]
                         net (fo=1, routed)           0.337     0.337    design_1_i/processing_system7_0/inst/FCLK_CLK_unbuffered[0]
    BUFGCTRL_X0Y16       BUFG (Prop_bufg_I_O)         0.029     0.366 r  design_1_i/processing_system7_0/inst/buffer_fclk_clk_0.FCLK_CLK_0_BUFG/O
                         net (fo=22095, routed)       0.829     1.195    <hidden>
    SLICE_X29Y73         FDCE                                         r  <hidden>
                         clock pessimism             -0.282     0.913    
    SLICE_X29Y73         FDCE (Remov_fdce_C_CLR)     -0.092     0.821    <hidden>
  -------------------------------------------------------------------
                         required time                         -0.821    
                         arrival time                           1.477    
  -------------------------------------------------------------------
                         slack                                  0.656    

Slack (MET) :             0.656ns  (arrival time - required time)
  Source:                 <hidden>
                            (rising edge-triggered cell FDRE clocked by clk_fpga_0  {rise@0.000ns fall@5.000ns period=10.000ns})
  Destination:            <hidden>
                            (removal check against rising-edge clock clk_fpga_0  {rise@0.000ns fall@5.000ns period=10.000ns})
  Path Group:             **async_default**
  Path Type:              Removal (Min at Fast Process Corner)
  Requirement:            0.000ns  (clk_fpga_0 rise@0.000ns - clk_fpga_0 rise@0.000ns)
  Data Path Delay:        0.578ns  (logic 0.226ns (39.107%)  route 0.352ns (60.893%))
  Logic Levels:           1  (LUT3=1)
  Clock Path Skew:        0.014ns (DCD - SCD - CPR)
    Destination Clock Delay (DCD):    1.195ns
    Source Clock Delay      (SCD):    0.899ns
    Clock Pessimism Removal (CPR):    0.282ns

    Location             Delay type                Incr(ns)  Path(ns)    Netlist Resource(s)
  -------------------------------------------------------------------    -------------------
                         (clock clk_fpga_0 rise edge)
                                                      0.000     0.000 r  
    PS7_X0Y0             PS7                          0.000     0.000 r  design_1_i/processing_system7_0/inst/PS7_i/FCLKCLK[0]
                         net (fo=1, routed)           0.310     0.310    design_1_i/processing_system7_0/inst/FCLK_CLK_unbuffered[0]
    BUFGCTRL_X0Y16       BUFG (Prop_bufg_I_O)         0.026     0.336 r  design_1_i/processing_system7_0/inst/buffer_fclk_clk_0.FCLK_CLK_0_BUFG/O
                         net (fo=22095, routed)       0.563     0.899    <hidden>
    SLICE_X28Y74         FDRE                                         r  <hidden>
  -------------------------------------------------------------------    -------------------
    SLICE_X28Y74         FDRE (Prop_fdre_C_Q)         0.128     1.027 f  <hidden>
                         net (fo=1, routed)           0.103     1.130    <hidden>
    SLICE_X28Y74         LUT3 (Prop_lut3_I0_O)        0.098     1.228 f  <hidden>
                         net (fo=33, routed)          0.249     1.477    <hidden>
    SLICE_X29Y73         FDCE                                         f  <hidden>
  -------------------------------------------------------------------    -------------------

                         (clock clk_fpga_0 rise edge)
                                                      0.000     0.000 r  
    PS7_X0Y0             PS7                          0.000     0.000 r  design_1_i/processing_system7_0/inst/PS7_i/FCLKCLK[0]
                         net (fo=1, routed)           0.337     0.337    design_1_i/processing_system7_0/inst/FCLK_CLK_unbuffered[0]
    BUFGCTRL_X0Y16       BUFG (Prop_bufg_I_O)         0.029     0.366 r  design_1_i/processing_system7_0/inst/buffer_fclk_clk_0.FCLK_CLK_0_BUFG/O
                         net (fo=22095, routed)       0.829     1.195    <hidden>
    SLICE_X29Y73         FDCE                                         r  <hidden>
                         clock pessimism             -0.282     0.913    
    SLICE_X29Y73         FDCE (Remov_fdce_C_CLR)     -0.092     0.821    <hidden>
  -------------------------------------------------------------------
                         required time                         -0.821    
                         arrival time                           1.477    
  -------------------------------------------------------------------
                         slack                                  0.656    

Slack (MET) :             0.659ns  (arrival time - required time)
  Source:                 <hidden>
                            (rising edge-triggered cell FDRE clocked by clk_fpga_0  {rise@0.000ns fall@5.000ns period=10.000ns})
  Destination:            <hidden>
                            (removal check against rising-edge clock clk_fpga_0  {rise@0.000ns fall@5.000ns period=10.000ns})
  Path Group:             **async_default**
  Path Type:              Removal (Min at Fast Process Corner)
  Requirement:            0.000ns  (clk_fpga_0 rise@0.000ns - clk_fpga_0 rise@0.000ns)
  Data Path Delay:        0.578ns  (logic 0.226ns (39.107%)  route 0.352ns (60.893%))
  Logic Levels:           1  (LUT3=1)
  Clock Path Skew:        0.014ns (DCD - SCD - CPR)
    Destination Clock Delay (DCD):    1.195ns
    Source Clock Delay      (SCD):    0.899ns
    Clock Pessimism Removal (CPR):    0.282ns

    Location             Delay type                Incr(ns)  Path(ns)    Netlist Resource(s)
  -------------------------------------------------------------------    -------------------
                         (clock clk_fpga_0 rise edge)
                                                      0.000     0.000 r  
    PS7_X0Y0             PS7                          0.000     0.000 r  design_1_i/processing_system7_0/inst/PS7_i/FCLKCLK[0]
                         net (fo=1, routed)           0.310     0.310    design_1_i/processing_system7_0/inst/FCLK_CLK_unbuffered[0]
    BUFGCTRL_X0Y16       BUFG (Prop_bufg_I_O)         0.026     0.336 r  design_1_i/processing_system7_0/inst/buffer_fclk_clk_0.FCLK_CLK_0_BUFG/O
                         net (fo=22095, routed)       0.563     0.899    <hidden>
    SLICE_X28Y74         FDRE                                         r  <hidden>
  -------------------------------------------------------------------    -------------------
    SLICE_X28Y74         FDRE (Prop_fdre_C_Q)         0.128     1.027 f  <hidden>
                         net (fo=1, routed)           0.103     1.130    <hidden>
    SLICE_X28Y74         LUT3 (Prop_lut3_I0_O)        0.098     1.228 f  <hidden>
                         net (fo=33, routed)          0.249     1.477    <hidden>
    SLICE_X29Y73         FDPE                                         f  <hidden>
  -------------------------------------------------------------------    -------------------

                         (clock clk_fpga_0 rise edge)
                                                      0.000     0.000 r  
    PS7_X0Y0             PS7                          0.000     0.000 r  design_1_i/processing_system7_0/inst/PS7_i/FCLKCLK[0]
                         net (fo=1, routed)           0.337     0.337    design_1_i/processing_system7_0/inst/FCLK_CLK_unbuffered[0]
    BUFGCTRL_X0Y16       BUFG (Prop_bufg_I_O)         0.029     0.366 r  design_1_i/processing_system7_0/inst/buffer_fclk_clk_0.FCLK_CLK_0_BUFG/O
                         net (fo=22095, routed)       0.829     1.195    <hidden>
    SLICE_X29Y73         FDPE                                         r  <hidden>
                         clock pessimism             -0.282     0.913    
    SLICE_X29Y73         FDPE (Remov_fdpe_C_PRE)     -0.095     0.818    <hidden>
  -------------------------------------------------------------------
                         required time                         -0.818    
                         arrival time                           1.477    
  -------------------------------------------------------------------
                         slack                                  0.659    

Slack (MET) :             0.659ns  (arrival time - required time)
  Source:                 <hidden>
                            (rising edge-triggered cell FDRE clocked by clk_fpga_0  {rise@0.000ns fall@5.000ns period=10.000ns})
  Destination:            <hidden>
                            (removal check against rising-edge clock clk_fpga_0  {rise@0.000ns fall@5.000ns period=10.000ns})
  Path Group:             **async_default**
  Path Type:              Removal (Min at Fast Process Corner)
  Requirement:            0.000ns  (clk_fpga_0 rise@0.000ns - clk_fpga_0 rise@0.000ns)
  Data Path Delay:        0.578ns  (logic 0.226ns (39.107%)  route 0.352ns (60.893%))
  Logic Levels:           1  (LUT3=1)
  Clock Path Skew:        0.014ns (DCD - SCD - CPR)
    Destination Clock Delay (DCD):    1.195ns
    Source Clock Delay      (SCD):    0.899ns
    Clock Pessimism Removal (CPR):    0.282ns

    Location             Delay type                Incr(ns)  Path(ns)    Netlist Resource(s)
  -------------------------------------------------------------------    -------------------
                         (clock clk_fpga_0 rise edge)
                                                      0.000     0.000 r  
    PS7_X0Y0             PS7                          0.000     0.000 r  design_1_i/processing_system7_0/inst/PS7_i/FCLKCLK[0]
                         net (fo=1, routed)           0.310     0.310    design_1_i/processing_system7_0/inst/FCLK_CLK_unbuffered[0]
    BUFGCTRL_X0Y16       BUFG (Prop_bufg_I_O)         0.026     0.336 r  design_1_i/processing_system7_0/inst/buffer_fclk_clk_0.FCLK_CLK_0_BUFG/O
                         net (fo=22095, routed)       0.563     0.899    <hidden>
    SLICE_X28Y74         FDRE                                         r  <hidden>
  -------------------------------------------------------------------    -------------------
    SLICE_X28Y74         FDRE (Prop_fdre_C_Q)         0.128     1.027 f  <hidden>
                         net (fo=1, routed)           0.103     1.130    <hidden>
    SLICE_X28Y74         LUT3 (Prop_lut3_I0_O)        0.098     1.228 f  <hidden>
                         net (fo=33, routed)          0.249     1.477    <hidden>
    SLICE_X29Y73         FDPE                                         f  <hidden>
  -------------------------------------------------------------------    -------------------

                         (clock clk_fpga_0 rise edge)
                                                      0.000     0.000 r  
    PS7_X0Y0             PS7                          0.000     0.000 r  design_1_i/processing_system7_0/inst/PS7_i/FCLKCLK[0]
                         net (fo=1, routed)           0.337     0.337    design_1_i/processing_system7_0/inst/FCLK_CLK_unbuffered[0]
    BUFGCTRL_X0Y16       BUFG (Prop_bufg_I_O)         0.029     0.366 r  design_1_i/processing_system7_0/inst/buffer_fclk_clk_0.FCLK_CLK_0_BUFG/O
                         net (fo=22095, routed)       0.829     1.195    <hidden>
    SLICE_X29Y73         FDPE                                         r  <hidden>
                         clock pessimism             -0.282     0.913    
    SLICE_X29Y73         FDPE (Remov_fdpe_C_PRE)     -0.095     0.818    <hidden>
  -------------------------------------------------------------------
                         required time                         -0.818    
                         arrival time                           1.477    
  -------------------------------------------------------------------
                         slack                                  0.659    

Slack (MET) :             0.659ns  (arrival time - required time)
  Source:                 <hidden>
                            (rising edge-triggered cell FDRE clocked by clk_fpga_0  {rise@0.000ns fall@5.000ns period=10.000ns})
  Destination:            <hidden>
                            (removal check against rising-edge clock clk_fpga_0  {rise@0.000ns fall@5.000ns period=10.000ns})
  Path Group:             **async_default**
  Path Type:              Removal (Min at Fast Process Corner)
  Requirement:            0.000ns  (clk_fpga_0 rise@0.000ns - clk_fpga_0 rise@0.000ns)
  Data Path Delay:        0.578ns  (logic 0.226ns (39.107%)  route 0.352ns (60.893%))
  Logic Levels:           1  (LUT3=1)
  Clock Path Skew:        0.014ns (DCD - SCD - CPR)
    Destination Clock Delay (DCD):    1.195ns
    Source Clock Delay      (SCD):    0.899ns
    Clock Pessimism Removal (CPR):    0.282ns

    Location             Delay type                Incr(ns)  Path(ns)    Netlist Resource(s)
  -------------------------------------------------------------------    -------------------
                         (clock clk_fpga_0 rise edge)
                                                      0.000     0.000 r  
    PS7_X0Y0             PS7                          0.000     0.000 r  design_1_i/processing_system7_0/inst/PS7_i/FCLKCLK[0]
                         net (fo=1, routed)           0.310     0.310    design_1_i/processing_system7_0/inst/FCLK_CLK_unbuffered[0]
    BUFGCTRL_X0Y16       BUFG (Prop_bufg_I_O)         0.026     0.336 r  design_1_i/processing_system7_0/inst/buffer_fclk_clk_0.FCLK_CLK_0_BUFG/O
                         net (fo=22095, routed)       0.563     0.899    <hidden>
    SLICE_X28Y74         FDRE                                         r  <hidden>
  -------------------------------------------------------------------    -------------------
    SLICE_X28Y74         FDRE (Prop_fdre_C_Q)         0.128     1.027 f  <hidden>
                         net (fo=1, routed)           0.103     1.130    <hidden>
    SLICE_X28Y74         LUT3 (Prop_lut3_I0_O)        0.098     1.228 f  <hidden>
                         net (fo=33, routed)          0.249     1.477    <hidden>
    SLICE_X29Y73         FDPE                                         f  <hidden>
  -------------------------------------------------------------------    -------------------

                         (clock clk_fpga_0 rise edge)
                                                      0.000     0.000 r  
    PS7_X0Y0             PS7                          0.000     0.000 r  design_1_i/processing_system7_0/inst/PS7_i/FCLKCLK[0]
                         net (fo=1, routed)           0.337     0.337    design_1_i/processing_system7_0/inst/FCLK_CLK_unbuffered[0]
    BUFGCTRL_X0Y16       BUFG (Prop_bufg_I_O)         0.029     0.366 r  design_1_i/processing_system7_0/inst/buffer_fclk_clk_0.FCLK_CLK_0_BUFG/O
                         net (fo=22095, routed)       0.829     1.195    <hidden>
    SLICE_X29Y73         FDPE                                         r  <hidden>
                         clock pessimism             -0.282     0.913    
    SLICE_X29Y73         FDPE (Remov_fdpe_C_PRE)     -0.095     0.818    <hidden>
  -------------------------------------------------------------------
                         required time                         -0.818    
                         arrival time                           1.477    
  -------------------------------------------------------------------
                         slack                                  0.659    

Slack (MET) :             0.659ns  (arrival time - required time)
  Source:                 <hidden>
                            (rising edge-triggered cell FDRE clocked by clk_fpga_0  {rise@0.000ns fall@5.000ns period=10.000ns})
  Destination:            <hidden>
                            (removal check against rising-edge clock clk_fpga_0  {rise@0.000ns fall@5.000ns period=10.000ns})
  Path Group:             **async_default**
  Path Type:              Removal (Min at Fast Process Corner)
  Requirement:            0.000ns  (clk_fpga_0 rise@0.000ns - clk_fpga_0 rise@0.000ns)
  Data Path Delay:        0.578ns  (logic 0.226ns (39.107%)  route 0.352ns (60.893%))
  Logic Levels:           1  (LUT3=1)
  Clock Path Skew:        0.014ns (DCD - SCD - CPR)
    Destination Clock Delay (DCD):    1.195ns
    Source Clock Delay      (SCD):    0.899ns
    Clock Pessimism Removal (CPR):    0.282ns

    Location             Delay type                Incr(ns)  Path(ns)    Netlist Resource(s)
  -------------------------------------------------------------------    -------------------
                         (clock clk_fpga_0 rise edge)
                                                      0.000     0.000 r  
    PS7_X0Y0             PS7                          0.000     0.000 r  design_1_i/processing_system7_0/inst/PS7_i/FCLKCLK[0]
                         net (fo=1, routed)           0.310     0.310    design_1_i/processing_system7_0/inst/FCLK_CLK_unbuffered[0]
    BUFGCTRL_X0Y16       BUFG (Prop_bufg_I_O)         0.026     0.336 r  design_1_i/processing_system7_0/inst/buffer_fclk_clk_0.FCLK_CLK_0_BUFG/O
                         net (fo=22095, routed)       0.563     0.899    <hidden>
    SLICE_X28Y74         FDRE                                         r  <hidden>
  -------------------------------------------------------------------    -------------------
    SLICE_X28Y74         FDRE (Prop_fdre_C_Q)         0.128     1.027 f  <hidden>
                         net (fo=1, routed)           0.103     1.130    <hidden>
    SLICE_X28Y74         LUT3 (Prop_lut3_I0_O)        0.098     1.228 f  <hidden>
                         net (fo=33, routed)          0.249     1.477    <hidden>
    SLICE_X29Y73         FDPE                                         f  <hidden>
  -------------------------------------------------------------------    -------------------

                         (clock clk_fpga_0 rise edge)
                                                      0.000     0.000 r  
    PS7_X0Y0             PS7                          0.000     0.000 r  design_1_i/processing_system7_0/inst/PS7_i/FCLKCLK[0]
                         net (fo=1, routed)           0.337     0.337    design_1_i/processing_system7_0/inst/FCLK_CLK_unbuffered[0]
    BUFGCTRL_X0Y16       BUFG (Prop_bufg_I_O)         0.029     0.366 r  design_1_i/processing_system7_0/inst/buffer_fclk_clk_0.FCLK_CLK_0_BUFG/O
                         net (fo=22095, routed)       0.829     1.195    <hidden>
    SLICE_X29Y73         FDPE                                         r  <hidden>
                         clock pessimism             -0.282     0.913    
    SLICE_X29Y73         FDPE (Remov_fdpe_C_PRE)     -0.095     0.818    <hidden>
  -------------------------------------------------------------------
                         required time                         -0.818    
                         arrival time                           1.477    
  -------------------------------------------------------------------
                         slack                                  0.659    





--------------------------------------------------------------------------------------
Path Group:  (none)
From Clock:  
  To Clock:  clk_fpga_0

Max Delay             1 Endpoint
Min Delay             1 Endpoint
--------------------------------------------------------------------------------------


Max Delay Paths
--------------------------------------------------------------------------------------
Slack:                    inf
  Source:                 design_1_i/processing_system7_0/inst/PS7_i/FCLKRESETN[0]
                            (internal pin)
  Destination:            design_1_i/rst_ps7_0_100M/U0/EXT_LPF/ACTIVE_LOW_EXT.ACT_LO_EXT/GENERATE_LEVEL_P_S_CDC.SINGLE_BIT.CROSS_PLEVEL_IN2SCNDRY_IN_cdc_to/D
                            (rising edge-triggered cell FDRE clocked by clk_fpga_0  {rise@0.000ns fall@5.000ns period=10.000ns})
  Path Group:             (none)
  Path Type:              Setup (Max at Slow Process Corner)
  Data Path Delay:        1.749ns  (logic 0.124ns (7.091%)  route 1.625ns (92.909%))
  Logic Levels:           1  (LUT1=1)
  Clock Uncertainty:      0.152ns  ((TSJ^2 + TIJ^2)^1/2 + DJ) / 2 + PE
    Total System Jitter     (TSJ):    0.050ns
    Total Input Jitter      (TIJ):    0.300ns
    Discrete Jitter          (DJ):    0.000ns
    Phase Error              (PE):    0.000ns
  Timing Exception:       False Path

    Location             Delay type                Incr(ns)  Path(ns)    Netlist Resource(s)
  -------------------------------------------------------------------    -------------------
    PS7_X0Y0             PS7                          0.000     0.000 f  design_1_i/processing_system7_0/inst/PS7_i/FCLKRESETN[0]
                         net (fo=1, routed)           1.625     1.625    design_1_i/rst_ps7_0_100M/U0/EXT_LPF/ACTIVE_LOW_EXT.ACT_LO_EXT/ext_reset_in
    SLICE_X27Y112        LUT1 (Prop_lut1_I0_O)        0.124     1.749 r  design_1_i/rst_ps7_0_100M/U0/EXT_LPF/ACTIVE_LOW_EXT.ACT_LO_EXT/GENERATE_LEVEL_P_S_CDC.SINGLE_BIT.CROSS_PLEVEL_IN2SCNDRY_IN_cdc_to_i_1/O
                         net (fo=1, routed)           0.000     1.749    design_1_i/rst_ps7_0_100M/U0/EXT_LPF/ACTIVE_LOW_EXT.ACT_LO_EXT/exr_d1
    SLICE_X27Y112        FDRE                                         r  design_1_i/rst_ps7_0_100M/U0/EXT_LPF/ACTIVE_LOW_EXT.ACT_LO_EXT/GENERATE_LEVEL_P_S_CDC.SINGLE_BIT.CROSS_PLEVEL_IN2SCNDRY_IN_cdc_to/D
  -------------------------------------------------------------------    -------------------

                         (clock clk_fpga_0 rise edge)
                                                      0.000     0.000 r  
    PS7_X0Y0             PS7                          0.000     0.000 r  design_1_i/processing_system7_0/inst/PS7_i/FCLKCLK[0]
                         net (fo=1, routed)           1.088     1.088    design_1_i/processing_system7_0/inst/FCLK_CLK_unbuffered[0]
    BUFGCTRL_X0Y16       BUFG (Prop_bufg_I_O)         0.091     1.179 r  design_1_i/processing_system7_0/inst/buffer_fclk_clk_0.FCLK_CLK_0_BUFG/O
                         net (fo=22095, routed)       1.691     2.870    design_1_i/rst_ps7_0_100M/U0/EXT_LPF/ACTIVE_LOW_EXT.ACT_LO_EXT/slowest_sync_clk
    SLICE_X27Y112        FDRE                                         r  design_1_i/rst_ps7_0_100M/U0/EXT_LPF/ACTIVE_LOW_EXT.ACT_LO_EXT/GENERATE_LEVEL_P_S_CDC.SINGLE_BIT.CROSS_PLEVEL_IN2SCNDRY_IN_cdc_to/C





Min Delay Paths
--------------------------------------------------------------------------------------
Slack:                    inf
  Source:                 design_1_i/processing_system7_0/inst/PS7_i/FCLKRESETN[0]
                            (internal pin)
  Destination:            design_1_i/rst_ps7_0_100M/U0/EXT_LPF/ACTIVE_LOW_EXT.ACT_LO_EXT/GENERATE_LEVEL_P_S_CDC.SINGLE_BIT.CROSS_PLEVEL_IN2SCNDRY_IN_cdc_to/D
                            (rising edge-triggered cell FDRE clocked by clk_fpga_0  {rise@0.000ns fall@5.000ns period=10.000ns})
  Path Group:             (none)
  Path Type:              Hold (Min at Fast Process Corner)
  Data Path Delay:        0.654ns  (logic 0.045ns (6.884%)  route 0.609ns (93.116%))
  Logic Levels:           1  (LUT1=1)
  Clock Uncertainty:      0.152ns  ((TSJ^2 + TIJ^2)^1/2 + DJ) / 2 + PE
    Total System Jitter     (TSJ):    0.050ns
    Total Input Jitter      (TIJ):    0.300ns
    Discrete Jitter          (DJ):    0.000ns
    Phase Error              (PE):    0.000ns
  Timing Exception:       False Path

    Location             Delay type                Incr(ns)  Path(ns)    Netlist Resource(s)
  -------------------------------------------------------------------    -------------------
    PS7_X0Y0             PS7                          0.000     0.000 f  design_1_i/processing_system7_0/inst/PS7_i/FCLKRESETN[0]
                         net (fo=1, routed)           0.609     0.609    design_1_i/rst_ps7_0_100M/U0/EXT_LPF/ACTIVE_LOW_EXT.ACT_LO_EXT/ext_reset_in
    SLICE_X27Y112        LUT1 (Prop_lut1_I0_O)        0.045     0.654 r  design_1_i/rst_ps7_0_100M/U0/EXT_LPF/ACTIVE_LOW_EXT.ACT_LO_EXT/GENERATE_LEVEL_P_S_CDC.SINGLE_BIT.CROSS_PLEVEL_IN2SCNDRY_IN_cdc_to_i_1/O
                         net (fo=1, routed)           0.000     0.654    design_1_i/rst_ps7_0_100M/U0/EXT_LPF/ACTIVE_LOW_EXT.ACT_LO_EXT/exr_d1
    SLICE_X27Y112        FDRE                                         r  design_1_i/rst_ps7_0_100M/U0/EXT_LPF/ACTIVE_LOW_EXT.ACT_LO_EXT/GENERATE_LEVEL_P_S_CDC.SINGLE_BIT.CROSS_PLEVEL_IN2SCNDRY_IN_cdc_to/D
  -------------------------------------------------------------------    -------------------

                         (clock clk_fpga_0 rise edge)
                                                      0.000     0.000 r  
    PS7_X0Y0             PS7                          0.000     0.000 r  design_1_i/processing_system7_0/inst/PS7_i/FCLKCLK[0]
                         net (fo=1, routed)           0.337     0.337    design_1_i/processing_system7_0/inst/FCLK_CLK_unbuffered[0]
    BUFGCTRL_X0Y16       BUFG (Prop_bufg_I_O)         0.029     0.366 r  design_1_i/processing_system7_0/inst/buffer_fclk_clk_0.FCLK_CLK_0_BUFG/O
                         net (fo=22095, routed)       0.925     1.291    design_1_i/rst_ps7_0_100M/U0/EXT_LPF/ACTIVE_LOW_EXT.ACT_LO_EXT/slowest_sync_clk
    SLICE_X27Y112        FDRE                                         r  design_1_i/rst_ps7_0_100M/U0/EXT_LPF/ACTIVE_LOW_EXT.ACT_LO_EXT/GENERATE_LEVEL_P_S_CDC.SINGLE_BIT.CROSS_PLEVEL_IN2SCNDRY_IN_cdc_to/C





--------------------------------------------------------------------------------------
Path Group:  (none)
From Clock:  clk_fpga_0
  To Clock:  clk_fpga_0

Max Delay            84 Endpoints
Min Delay            84 Endpoints
--------------------------------------------------------------------------------------


Max Delay Paths
--------------------------------------------------------------------------------------
Slack:                    inf
  Source:                 design_1_i/rst_ps7_0_100M/U0/ACTIVE_LOW_PR_OUT_DFF[0].FDRE_PER_N/C
                            (rising edge-triggered cell FDRE clocked by clk_fpga_0  {rise@0.000ns fall@5.000ns period=10.000ns})
  Destination:            <hidden>
                            (recovery check against rising-edge clock clk_fpga_0  {rise@0.000ns fall@5.000ns period=10.000ns})
  Path Group:             (none)
  Path Type:              Recovery (Max at Slow Process Corner)
  Data Path Delay:        4.724ns  (logic 0.574ns (12.152%)  route 4.150ns (87.848%))
  Logic Levels:           1  (LUT1=1)
  Clock Path Skew:        -0.536ns (DCD - SCD + CPR)
    Destination Clock Delay (DCD):    2.647ns
    Source Clock Delay      (SCD):    3.183ns
    Clock Pessimism Removal (CPR):    0.000ns
  Clock Uncertainty:      0.154ns  ((TSJ^2 + TIJ^2)^1/2 + DJ) / 2 + PE
    Total System Jitter     (TSJ):    0.071ns
    Total Input Jitter      (TIJ):    0.300ns
    Discrete Jitter          (DJ):    0.000ns
    Phase Error              (PE):    0.000ns
  Timing Exception:       False Path

    Location             Delay type                Incr(ns)  Path(ns)    Netlist Resource(s)
  -------------------------------------------------------------------    -------------------
                         (clock clk_fpga_0 rise edge)
                                                      0.000     0.000 r  
    PS7_X0Y0             PS7                          0.000     0.000 r  design_1_i/processing_system7_0/inst/PS7_i/FCLKCLK[0]
                         net (fo=1, routed)           1.193     1.193    design_1_i/processing_system7_0/inst/FCLK_CLK_unbuffered[0]
    BUFGCTRL_X0Y16       BUFG (Prop_bufg_I_O)         0.101     1.294 r  design_1_i/processing_system7_0/inst/buffer_fclk_clk_0.FCLK_CLK_0_BUFG/O
                         net (fo=22095, routed)       1.889     3.183    design_1_i/rst_ps7_0_100M/U0/slowest_sync_clk
    SLICE_X28Y110        FDRE                                         r  design_1_i/rst_ps7_0_100M/U0/ACTIVE_LOW_PR_OUT_DFF[0].FDRE_PER_N/C
  -------------------------------------------------------------------    -------------------
    SLICE_X28Y110        FDRE (Prop_fdre_C_Q)         0.456     3.639 r  design_1_i/rst_ps7_0_100M/U0/ACTIVE_LOW_PR_OUT_DFF[0].FDRE_PER_N/Q
                         net (fo=27, routed)          2.684     6.323    design_1_i/axi_mem_intercon/m00_couplers/auto_pc/inst/gen_axi4_axi3.axi3_conv_inst/USE_WRITE.write_addr_inst/USE_BURSTS.cmd_queue/inst/aresetn
    SLICE_X31Y83         LUT1 (Prop_lut1_I0_O)        0.118     6.441 f  design_1_i/axi_mem_intercon/m00_couplers/auto_pc/inst/gen_axi4_axi3.axi3_conv_inst/USE_WRITE.write_addr_inst/USE_BURSTS.cmd_queue/inst/S_AXI_AREADY_I_i_1/O
                         net (fo=244, routed)         1.465     7.907    <hidden>
    SLICE_X36Y80         FDPE                                         f  <hidden>
  -------------------------------------------------------------------    -------------------

                         (clock clk_fpga_0 rise edge)
                                                      0.000     0.000 r  
    PS7_X0Y0             PS7                          0.000     0.000 r  design_1_i/processing_system7_0/inst/PS7_i/FCLKCLK[0]
                         net (fo=1, routed)           1.088     1.088    design_1_i/processing_system7_0/inst/FCLK_CLK_unbuffered[0]
    BUFGCTRL_X0Y16       BUFG (Prop_bufg_I_O)         0.091     1.179 r  design_1_i/processing_system7_0/inst/buffer_fclk_clk_0.FCLK_CLK_0_BUFG/O
                         net (fo=22095, routed)       1.468     2.647    <hidden>
    SLICE_X36Y80         FDPE                                         r  <hidden>

Slack:                    inf
  Source:                 design_1_i/rst_ps7_0_100M/U0/ACTIVE_LOW_PR_OUT_DFF[0].FDRE_PER_N/C
                            (rising edge-triggered cell FDRE clocked by clk_fpga_0  {rise@0.000ns fall@5.000ns period=10.000ns})
  Destination:            <hidden>
                            (recovery check against rising-edge clock clk_fpga_0  {rise@0.000ns fall@5.000ns period=10.000ns})
  Path Group:             (none)
  Path Type:              Recovery (Max at Slow Process Corner)
  Data Path Delay:        4.724ns  (logic 0.574ns (12.152%)  route 4.150ns (87.848%))
  Logic Levels:           1  (LUT1=1)
  Clock Path Skew:        -0.536ns (DCD - SCD + CPR)
    Destination Clock Delay (DCD):    2.647ns
    Source Clock Delay      (SCD):    3.183ns
    Clock Pessimism Removal (CPR):    0.000ns
  Clock Uncertainty:      0.154ns  ((TSJ^2 + TIJ^2)^1/2 + DJ) / 2 + PE
    Total System Jitter     (TSJ):    0.071ns
    Total Input Jitter      (TIJ):    0.300ns
    Discrete Jitter          (DJ):    0.000ns
    Phase Error              (PE):    0.000ns
  Timing Exception:       False Path

    Location             Delay type                Incr(ns)  Path(ns)    Netlist Resource(s)
  -------------------------------------------------------------------    -------------------
                         (clock clk_fpga_0 rise edge)
                                                      0.000     0.000 r  
    PS7_X0Y0             PS7                          0.000     0.000 r  design_1_i/processing_system7_0/inst/PS7_i/FCLKCLK[0]
                         net (fo=1, routed)           1.193     1.193    design_1_i/processing_system7_0/inst/FCLK_CLK_unbuffered[0]
    BUFGCTRL_X0Y16       BUFG (Prop_bufg_I_O)         0.101     1.294 r  design_1_i/processing_system7_0/inst/buffer_fclk_clk_0.FCLK_CLK_0_BUFG/O
                         net (fo=22095, routed)       1.889     3.183    design_1_i/rst_ps7_0_100M/U0/slowest_sync_clk
    SLICE_X28Y110        FDRE                                         r  design_1_i/rst_ps7_0_100M/U0/ACTIVE_LOW_PR_OUT_DFF[0].FDRE_PER_N/C
  -------------------------------------------------------------------    -------------------
    SLICE_X28Y110        FDRE (Prop_fdre_C_Q)         0.456     3.639 r  design_1_i/rst_ps7_0_100M/U0/ACTIVE_LOW_PR_OUT_DFF[0].FDRE_PER_N/Q
                         net (fo=27, routed)          2.684     6.323    design_1_i/axi_mem_intercon/m00_couplers/auto_pc/inst/gen_axi4_axi3.axi3_conv_inst/USE_WRITE.write_addr_inst/USE_BURSTS.cmd_queue/inst/aresetn
    SLICE_X31Y83         LUT1 (Prop_lut1_I0_O)        0.118     6.441 f  design_1_i/axi_mem_intercon/m00_couplers/auto_pc/inst/gen_axi4_axi3.axi3_conv_inst/USE_WRITE.write_addr_inst/USE_BURSTS.cmd_queue/inst/S_AXI_AREADY_I_i_1/O
                         net (fo=244, routed)         1.465     7.907    <hidden>
    SLICE_X36Y80         FDPE                                         f  <hidden>
  -------------------------------------------------------------------    -------------------

                         (clock clk_fpga_0 rise edge)
                                                      0.000     0.000 r  
    PS7_X0Y0             PS7                          0.000     0.000 r  design_1_i/processing_system7_0/inst/PS7_i/FCLKCLK[0]
                         net (fo=1, routed)           1.088     1.088    design_1_i/processing_system7_0/inst/FCLK_CLK_unbuffered[0]
    BUFGCTRL_X0Y16       BUFG (Prop_bufg_I_O)         0.091     1.179 r  design_1_i/processing_system7_0/inst/buffer_fclk_clk_0.FCLK_CLK_0_BUFG/O
                         net (fo=22095, routed)       1.468     2.647    <hidden>
    SLICE_X36Y80         FDPE                                         r  <hidden>

Slack:                    inf
  Source:                 design_1_i/rst_ps7_0_100M/U0/ACTIVE_LOW_PR_OUT_DFF[0].FDRE_PER_N/C
                            (rising edge-triggered cell FDRE clocked by clk_fpga_0  {rise@0.000ns fall@5.000ns period=10.000ns})
  Destination:            <hidden>
                            (recovery check against rising-edge clock clk_fpga_0  {rise@0.000ns fall@5.000ns period=10.000ns})
  Path Group:             (none)
  Path Type:              Recovery (Max at Slow Process Corner)
  Data Path Delay:        4.670ns  (logic 0.574ns (12.291%)  route 4.096ns (87.709%))
  Logic Levels:           1  (LUT1=1)
  Clock Path Skew:        -0.484ns (DCD - SCD + CPR)
    Destination Clock Delay (DCD):    2.699ns
    Source Clock Delay      (SCD):    3.183ns
    Clock Pessimism Removal (CPR):    0.000ns
  Clock Uncertainty:      0.154ns  ((TSJ^2 + TIJ^2)^1/2 + DJ) / 2 + PE
    Total System Jitter     (TSJ):    0.071ns
    Total Input Jitter      (TIJ):    0.300ns
    Discrete Jitter          (DJ):    0.000ns
    Phase Error              (PE):    0.000ns
  Timing Exception:       False Path

    Location             Delay type                Incr(ns)  Path(ns)    Netlist Resource(s)
  -------------------------------------------------------------------    -------------------
                         (clock clk_fpga_0 rise edge)
                                                      0.000     0.000 r  
    PS7_X0Y0             PS7                          0.000     0.000 r  design_1_i/processing_system7_0/inst/PS7_i/FCLKCLK[0]
                         net (fo=1, routed)           1.193     1.193    design_1_i/processing_system7_0/inst/FCLK_CLK_unbuffered[0]
    BUFGCTRL_X0Y16       BUFG (Prop_bufg_I_O)         0.101     1.294 r  design_1_i/processing_system7_0/inst/buffer_fclk_clk_0.FCLK_CLK_0_BUFG/O
                         net (fo=22095, routed)       1.889     3.183    design_1_i/rst_ps7_0_100M/U0/slowest_sync_clk
    SLICE_X28Y110        FDRE                                         r  design_1_i/rst_ps7_0_100M/U0/ACTIVE_LOW_PR_OUT_DFF[0].FDRE_PER_N/C
  -------------------------------------------------------------------    -------------------
    SLICE_X28Y110        FDRE (Prop_fdre_C_Q)         0.456     3.639 r  design_1_i/rst_ps7_0_100M/U0/ACTIVE_LOW_PR_OUT_DFF[0].FDRE_PER_N/Q
                         net (fo=27, routed)          2.684     6.323    design_1_i/axi_mem_intercon/m00_couplers/auto_pc/inst/gen_axi4_axi3.axi3_conv_inst/USE_WRITE.write_addr_inst/USE_BURSTS.cmd_queue/inst/aresetn
    SLICE_X31Y83         LUT1 (Prop_lut1_I0_O)        0.118     6.441 f  design_1_i/axi_mem_intercon/m00_couplers/auto_pc/inst/gen_axi4_axi3.axi3_conv_inst/USE_WRITE.write_addr_inst/USE_BURSTS.cmd_queue/inst/S_AXI_AREADY_I_i_1/O
                         net (fo=244, routed)         1.411     7.853    <hidden>
    SLICE_X30Y85         FDPE                                         f  <hidden>
  -------------------------------------------------------------------    -------------------

                         (clock clk_fpga_0 rise edge)
                                                      0.000     0.000 r  
    PS7_X0Y0             PS7                          0.000     0.000 r  design_1_i/processing_system7_0/inst/PS7_i/FCLKCLK[0]
                         net (fo=1, routed)           1.088     1.088    design_1_i/processing_system7_0/inst/FCLK_CLK_unbuffered[0]
    BUFGCTRL_X0Y16       BUFG (Prop_bufg_I_O)         0.091     1.179 r  design_1_i/processing_system7_0/inst/buffer_fclk_clk_0.FCLK_CLK_0_BUFG/O
                         net (fo=22095, routed)       1.520     2.699    <hidden>
    SLICE_X30Y85         FDPE                                         r  <hidden>

Slack:                    inf
  Source:                 design_1_i/rst_ps7_0_100M/U0/ACTIVE_LOW_PR_OUT_DFF[0].FDRE_PER_N/C
                            (rising edge-triggered cell FDRE clocked by clk_fpga_0  {rise@0.000ns fall@5.000ns period=10.000ns})
  Destination:            <hidden>
                            (recovery check against rising-edge clock clk_fpga_0  {rise@0.000ns fall@5.000ns period=10.000ns})
  Path Group:             (none)
  Path Type:              Recovery (Max at Slow Process Corner)
  Data Path Delay:        4.670ns  (logic 0.574ns (12.291%)  route 4.096ns (87.709%))
  Logic Levels:           1  (LUT1=1)
  Clock Path Skew:        -0.484ns (DCD - SCD + CPR)
    Destination Clock Delay (DCD):    2.699ns
    Source Clock Delay      (SCD):    3.183ns
    Clock Pessimism Removal (CPR):    0.000ns
  Clock Uncertainty:      0.154ns  ((TSJ^2 + TIJ^2)^1/2 + DJ) / 2 + PE
    Total System Jitter     (TSJ):    0.071ns
    Total Input Jitter      (TIJ):    0.300ns
    Discrete Jitter          (DJ):    0.000ns
    Phase Error              (PE):    0.000ns
  Timing Exception:       False Path

    Location             Delay type                Incr(ns)  Path(ns)    Netlist Resource(s)
  -------------------------------------------------------------------    -------------------
                         (clock clk_fpga_0 rise edge)
                                                      0.000     0.000 r  
    PS7_X0Y0             PS7                          0.000     0.000 r  design_1_i/processing_system7_0/inst/PS7_i/FCLKCLK[0]
                         net (fo=1, routed)           1.193     1.193    design_1_i/processing_system7_0/inst/FCLK_CLK_unbuffered[0]
    BUFGCTRL_X0Y16       BUFG (Prop_bufg_I_O)         0.101     1.294 r  design_1_i/processing_system7_0/inst/buffer_fclk_clk_0.FCLK_CLK_0_BUFG/O
                         net (fo=22095, routed)       1.889     3.183    design_1_i/rst_ps7_0_100M/U0/slowest_sync_clk
    SLICE_X28Y110        FDRE                                         r  design_1_i/rst_ps7_0_100M/U0/ACTIVE_LOW_PR_OUT_DFF[0].FDRE_PER_N/C
  -------------------------------------------------------------------    -------------------
    SLICE_X28Y110        FDRE (Prop_fdre_C_Q)         0.456     3.639 r  design_1_i/rst_ps7_0_100M/U0/ACTIVE_LOW_PR_OUT_DFF[0].FDRE_PER_N/Q
                         net (fo=27, routed)          2.684     6.323    design_1_i/axi_mem_intercon/m00_couplers/auto_pc/inst/gen_axi4_axi3.axi3_conv_inst/USE_WRITE.write_addr_inst/USE_BURSTS.cmd_queue/inst/aresetn
    SLICE_X31Y83         LUT1 (Prop_lut1_I0_O)        0.118     6.441 f  design_1_i/axi_mem_intercon/m00_couplers/auto_pc/inst/gen_axi4_axi3.axi3_conv_inst/USE_WRITE.write_addr_inst/USE_BURSTS.cmd_queue/inst/S_AXI_AREADY_I_i_1/O
                         net (fo=244, routed)         1.411     7.853    <hidden>
    SLICE_X30Y85         FDPE                                         f  <hidden>
  -------------------------------------------------------------------    -------------------

                         (clock clk_fpga_0 rise edge)
                                                      0.000     0.000 r  
    PS7_X0Y0             PS7                          0.000     0.000 r  design_1_i/processing_system7_0/inst/PS7_i/FCLKCLK[0]
                         net (fo=1, routed)           1.088     1.088    design_1_i/processing_system7_0/inst/FCLK_CLK_unbuffered[0]
    BUFGCTRL_X0Y16       BUFG (Prop_bufg_I_O)         0.091     1.179 r  design_1_i/processing_system7_0/inst/buffer_fclk_clk_0.FCLK_CLK_0_BUFG/O
                         net (fo=22095, routed)       1.520     2.699    <hidden>
    SLICE_X30Y85         FDPE                                         r  <hidden>

Slack:                    inf
  Source:                 design_1_i/rst_ps7_0_100M/U0/ACTIVE_LOW_PR_OUT_DFF[0].FDRE_PER_N/C
                            (rising edge-triggered cell FDRE clocked by clk_fpga_0  {rise@0.000ns fall@5.000ns period=10.000ns})
  Destination:            <hidden>
                            (recovery check against rising-edge clock clk_fpga_0  {rise@0.000ns fall@5.000ns period=10.000ns})
  Path Group:             (none)
  Path Type:              Recovery (Max at Slow Process Corner)
  Data Path Delay:        4.270ns  (logic 0.574ns (13.443%)  route 3.696ns (86.557%))
  Logic Levels:           1  (LUT1=1)
  Clock Path Skew:        -0.496ns (DCD - SCD + CPR)
    Destination Clock Delay (DCD):    2.687ns
    Source Clock Delay      (SCD):    3.183ns
    Clock Pessimism Removal (CPR):    0.000ns
  Clock Uncertainty:      0.154ns  ((TSJ^2 + TIJ^2)^1/2 + DJ) / 2 + PE
    Total System Jitter     (TSJ):    0.071ns
    Total Input Jitter      (TIJ):    0.300ns
    Discrete Jitter          (DJ):    0.000ns
    Phase Error              (PE):    0.000ns
  Timing Exception:       False Path

    Location             Delay type                Incr(ns)  Path(ns)    Netlist Resource(s)
  -------------------------------------------------------------------    -------------------
                         (clock clk_fpga_0 rise edge)
                                                      0.000     0.000 r  
    PS7_X0Y0             PS7                          0.000     0.000 r  design_1_i/processing_system7_0/inst/PS7_i/FCLKCLK[0]
                         net (fo=1, routed)           1.193     1.193    design_1_i/processing_system7_0/inst/FCLK_CLK_unbuffered[0]
    BUFGCTRL_X0Y16       BUFG (Prop_bufg_I_O)         0.101     1.294 r  design_1_i/processing_system7_0/inst/buffer_fclk_clk_0.FCLK_CLK_0_BUFG/O
                         net (fo=22095, routed)       1.889     3.183    design_1_i/rst_ps7_0_100M/U0/slowest_sync_clk
    SLICE_X28Y110        FDRE                                         r  design_1_i/rst_ps7_0_100M/U0/ACTIVE_LOW_PR_OUT_DFF[0].FDRE_PER_N/C
  -------------------------------------------------------------------    -------------------
    SLICE_X28Y110        FDRE (Prop_fdre_C_Q)         0.456     3.639 r  design_1_i/rst_ps7_0_100M/U0/ACTIVE_LOW_PR_OUT_DFF[0].FDRE_PER_N/Q
                         net (fo=27, routed)          2.684     6.323    design_1_i/axi_mem_intercon/m00_couplers/auto_pc/inst/gen_axi4_axi3.axi3_conv_inst/USE_WRITE.write_addr_inst/USE_BURSTS.cmd_queue/inst/aresetn
    SLICE_X31Y83         LUT1 (Prop_lut1_I0_O)        0.118     6.441 f  design_1_i/axi_mem_intercon/m00_couplers/auto_pc/inst/gen_axi4_axi3.axi3_conv_inst/USE_WRITE.write_addr_inst/USE_BURSTS.cmd_queue/inst/S_AXI_AREADY_I_i_1/O
                         net (fo=244, routed)         1.012     7.453    <hidden>
    SLICE_X30Y74         FDPE                                         f  <hidden>
  -------------------------------------------------------------------    -------------------

                         (clock clk_fpga_0 rise edge)
                                                      0.000     0.000 r  
    PS7_X0Y0             PS7                          0.000     0.000 r  design_1_i/processing_system7_0/inst/PS7_i/FCLKCLK[0]
                         net (fo=1, routed)           1.088     1.088    design_1_i/processing_system7_0/inst/FCLK_CLK_unbuffered[0]
    BUFGCTRL_X0Y16       BUFG (Prop_bufg_I_O)         0.091     1.179 r  design_1_i/processing_system7_0/inst/buffer_fclk_clk_0.FCLK_CLK_0_BUFG/O
                         net (fo=22095, routed)       1.508     2.687    <hidden>
    SLICE_X30Y74         FDPE                                         r  <hidden>

Slack:                    inf
  Source:                 design_1_i/rst_ps7_0_100M/U0/ACTIVE_LOW_PR_OUT_DFF[0].FDRE_PER_N/C
                            (rising edge-triggered cell FDRE clocked by clk_fpga_0  {rise@0.000ns fall@5.000ns period=10.000ns})
  Destination:            <hidden>
                            (recovery check against rising-edge clock clk_fpga_0  {rise@0.000ns fall@5.000ns period=10.000ns})
  Path Group:             (none)
  Path Type:              Recovery (Max at Slow Process Corner)
  Data Path Delay:        4.270ns  (logic 0.574ns (13.443%)  route 3.696ns (86.557%))
  Logic Levels:           1  (LUT1=1)
  Clock Path Skew:        -0.496ns (DCD - SCD + CPR)
    Destination Clock Delay (DCD):    2.687ns
    Source Clock Delay      (SCD):    3.183ns
    Clock Pessimism Removal (CPR):    0.000ns
  Clock Uncertainty:      0.154ns  ((TSJ^2 + TIJ^2)^1/2 + DJ) / 2 + PE
    Total System Jitter     (TSJ):    0.071ns
    Total Input Jitter      (TIJ):    0.300ns
    Discrete Jitter          (DJ):    0.000ns
    Phase Error              (PE):    0.000ns
  Timing Exception:       False Path

    Location             Delay type                Incr(ns)  Path(ns)    Netlist Resource(s)
  -------------------------------------------------------------------    -------------------
                         (clock clk_fpga_0 rise edge)
                                                      0.000     0.000 r  
    PS7_X0Y0             PS7                          0.000     0.000 r  design_1_i/processing_system7_0/inst/PS7_i/FCLKCLK[0]
                         net (fo=1, routed)           1.193     1.193    design_1_i/processing_system7_0/inst/FCLK_CLK_unbuffered[0]
    BUFGCTRL_X0Y16       BUFG (Prop_bufg_I_O)         0.101     1.294 r  design_1_i/processing_system7_0/inst/buffer_fclk_clk_0.FCLK_CLK_0_BUFG/O
                         net (fo=22095, routed)       1.889     3.183    design_1_i/rst_ps7_0_100M/U0/slowest_sync_clk
    SLICE_X28Y110        FDRE                                         r  design_1_i/rst_ps7_0_100M/U0/ACTIVE_LOW_PR_OUT_DFF[0].FDRE_PER_N/C
  -------------------------------------------------------------------    -------------------
    SLICE_X28Y110        FDRE (Prop_fdre_C_Q)         0.456     3.639 r  design_1_i/rst_ps7_0_100M/U0/ACTIVE_LOW_PR_OUT_DFF[0].FDRE_PER_N/Q
                         net (fo=27, routed)          2.684     6.323    design_1_i/axi_mem_intercon/m00_couplers/auto_pc/inst/gen_axi4_axi3.axi3_conv_inst/USE_WRITE.write_addr_inst/USE_BURSTS.cmd_queue/inst/aresetn
    SLICE_X31Y83         LUT1 (Prop_lut1_I0_O)        0.118     6.441 f  design_1_i/axi_mem_intercon/m00_couplers/auto_pc/inst/gen_axi4_axi3.axi3_conv_inst/USE_WRITE.write_addr_inst/USE_BURSTS.cmd_queue/inst/S_AXI_AREADY_I_i_1/O
                         net (fo=244, routed)         1.012     7.453    <hidden>
    SLICE_X30Y74         FDPE                                         f  <hidden>
  -------------------------------------------------------------------    -------------------

                         (clock clk_fpga_0 rise edge)
                                                      0.000     0.000 r  
    PS7_X0Y0             PS7                          0.000     0.000 r  design_1_i/processing_system7_0/inst/PS7_i/FCLKCLK[0]
                         net (fo=1, routed)           1.088     1.088    design_1_i/processing_system7_0/inst/FCLK_CLK_unbuffered[0]
    BUFGCTRL_X0Y16       BUFG (Prop_bufg_I_O)         0.091     1.179 r  design_1_i/processing_system7_0/inst/buffer_fclk_clk_0.FCLK_CLK_0_BUFG/O
                         net (fo=22095, routed)       1.508     2.687    <hidden>
    SLICE_X30Y74         FDPE                                         r  <hidden>

Slack:                    inf
  Source:                 design_1_i/axi_smc/inst/clk_map/psr_aclk/U0/ACTIVE_LOW_BSR_OUT_DFF[0].FDRE_BSR_N/C
                            (rising edge-triggered cell FDRE clocked by clk_fpga_0  {rise@0.000ns fall@5.000ns period=10.000ns})
  Destination:            <hidden>
                            (recovery check against rising-edge clock clk_fpga_0  {rise@0.000ns fall@5.000ns period=10.000ns})
  Path Group:             (none)
  Path Type:              Recovery (Max at Slow Process Corner)
  Data Path Delay:        4.113ns  (logic 0.610ns (14.830%)  route 3.503ns (85.170%))
  Logic Levels:           1  (LUT1=1)
  Clock Path Skew:        -0.353ns (DCD - SCD + CPR)
    Destination Clock Delay (DCD):    2.830ns
    Source Clock Delay      (SCD):    3.183ns
    Clock Pessimism Removal (CPR):    0.000ns
  Clock Uncertainty:      0.154ns  ((TSJ^2 + TIJ^2)^1/2 + DJ) / 2 + PE
    Total System Jitter     (TSJ):    0.071ns
    Total Input Jitter      (TIJ):    0.300ns
    Discrete Jitter          (DJ):    0.000ns
    Phase Error              (PE):    0.000ns
  Timing Exception:       False Path

    Location             Delay type                Incr(ns)  Path(ns)    Netlist Resource(s)
  -------------------------------------------------------------------    -------------------
                         (clock clk_fpga_0 rise edge)
                                                      0.000     0.000 r  
    PS7_X0Y0             PS7                          0.000     0.000 r  design_1_i/processing_system7_0/inst/PS7_i/FCLKCLK[0]
                         net (fo=1, routed)           1.193     1.193    design_1_i/processing_system7_0/inst/FCLK_CLK_unbuffered[0]
    BUFGCTRL_X0Y16       BUFG (Prop_bufg_I_O)         0.101     1.294 r  design_1_i/processing_system7_0/inst/buffer_fclk_clk_0.FCLK_CLK_0_BUFG/O
                         net (fo=22095, routed)       1.889     3.183    design_1_i/axi_smc/inst/clk_map/psr_aclk/U0/aclk
    SLICE_X29Y109        FDRE                                         r  design_1_i/axi_smc/inst/clk_map/psr_aclk/U0/ACTIVE_LOW_BSR_OUT_DFF[0].FDRE_BSR_N/C
  -------------------------------------------------------------------    -------------------
    SLICE_X29Y109        FDRE (Prop_fdre_C_Q)         0.456     3.639 r  design_1_i/axi_smc/inst/clk_map/psr_aclk/U0/ACTIVE_LOW_BSR_OUT_DFF[0].FDRE_BSR_N/Q
                         net (fo=25, routed)          2.887     6.526    <hidden>
    SLICE_X45Y108        LUT1 (Prop_lut1_I0_O)        0.154     6.680 f  <hidden>
                         net (fo=3, routed)           0.617     7.296    <hidden>
    SLICE_X46Y108        FDCE                                         f  <hidden>
  -------------------------------------------------------------------    -------------------

                         (clock clk_fpga_0 rise edge)
                                                      0.000     0.000 r  
    PS7_X0Y0             PS7                          0.000     0.000 r  design_1_i/processing_system7_0/inst/PS7_i/FCLKCLK[0]
                         net (fo=1, routed)           1.088     1.088    design_1_i/processing_system7_0/inst/FCLK_CLK_unbuffered[0]
    BUFGCTRL_X0Y16       BUFG (Prop_bufg_I_O)         0.091     1.179 r  design_1_i/processing_system7_0/inst/buffer_fclk_clk_0.FCLK_CLK_0_BUFG/O
                         net (fo=22095, routed)       1.651     2.830    <hidden>
    SLICE_X46Y108        FDCE                                         r  <hidden>

Slack:                    inf
  Source:                 design_1_i/axi_smc/inst/clk_map/psr_aclk/U0/ACTIVE_LOW_BSR_OUT_DFF[0].FDRE_BSR_N/C
                            (rising edge-triggered cell FDRE clocked by clk_fpga_0  {rise@0.000ns fall@5.000ns period=10.000ns})
  Destination:            <hidden>
                            (recovery check against rising-edge clock clk_fpga_0  {rise@0.000ns fall@5.000ns period=10.000ns})
  Path Group:             (none)
  Path Type:              Recovery (Max at Slow Process Corner)
  Data Path Delay:        4.113ns  (logic 0.610ns (14.830%)  route 3.503ns (85.170%))
  Logic Levels:           1  (LUT1=1)
  Clock Path Skew:        -0.353ns (DCD - SCD + CPR)
    Destination Clock Delay (DCD):    2.830ns
    Source Clock Delay      (SCD):    3.183ns
    Clock Pessimism Removal (CPR):    0.000ns
  Clock Uncertainty:      0.154ns  ((TSJ^2 + TIJ^2)^1/2 + DJ) / 2 + PE
    Total System Jitter     (TSJ):    0.071ns
    Total Input Jitter      (TIJ):    0.300ns
    Discrete Jitter          (DJ):    0.000ns
    Phase Error              (PE):    0.000ns
  Timing Exception:       False Path

    Location             Delay type                Incr(ns)  Path(ns)    Netlist Resource(s)
  -------------------------------------------------------------------    -------------------
                         (clock clk_fpga_0 rise edge)
                                                      0.000     0.000 r  
    PS7_X0Y0             PS7                          0.000     0.000 r  design_1_i/processing_system7_0/inst/PS7_i/FCLKCLK[0]
                         net (fo=1, routed)           1.193     1.193    design_1_i/processing_system7_0/inst/FCLK_CLK_unbuffered[0]
    BUFGCTRL_X0Y16       BUFG (Prop_bufg_I_O)         0.101     1.294 r  design_1_i/processing_system7_0/inst/buffer_fclk_clk_0.FCLK_CLK_0_BUFG/O
                         net (fo=22095, routed)       1.889     3.183    design_1_i/axi_smc/inst/clk_map/psr_aclk/U0/aclk
    SLICE_X29Y109        FDRE                                         r  design_1_i/axi_smc/inst/clk_map/psr_aclk/U0/ACTIVE_LOW_BSR_OUT_DFF[0].FDRE_BSR_N/C
  -------------------------------------------------------------------    -------------------
    SLICE_X29Y109        FDRE (Prop_fdre_C_Q)         0.456     3.639 r  design_1_i/axi_smc/inst/clk_map/psr_aclk/U0/ACTIVE_LOW_BSR_OUT_DFF[0].FDRE_BSR_N/Q
                         net (fo=25, routed)          2.887     6.526    <hidden>
    SLICE_X45Y108        LUT1 (Prop_lut1_I0_O)        0.154     6.680 f  <hidden>
                         net (fo=3, routed)           0.617     7.296    <hidden>
    SLICE_X46Y108        FDCE                                         f  <hidden>
  -------------------------------------------------------------------    -------------------

                         (clock clk_fpga_0 rise edge)
                                                      0.000     0.000 r  
    PS7_X0Y0             PS7                          0.000     0.000 r  design_1_i/processing_system7_0/inst/PS7_i/FCLKCLK[0]
                         net (fo=1, routed)           1.088     1.088    design_1_i/processing_system7_0/inst/FCLK_CLK_unbuffered[0]
    BUFGCTRL_X0Y16       BUFG (Prop_bufg_I_O)         0.091     1.179 r  design_1_i/processing_system7_0/inst/buffer_fclk_clk_0.FCLK_CLK_0_BUFG/O
                         net (fo=22095, routed)       1.651     2.830    <hidden>
    SLICE_X46Y108        FDCE                                         r  <hidden>

Slack:                    inf
  Source:                 design_1_i/axi_smc/inst/clk_map/psr_aclk/U0/ACTIVE_LOW_BSR_OUT_DFF[0].FDRE_BSR_N/C
                            (rising edge-triggered cell FDRE clocked by clk_fpga_0  {rise@0.000ns fall@5.000ns period=10.000ns})
  Destination:            <hidden>
                            (recovery check against rising-edge clock clk_fpga_0  {rise@0.000ns fall@5.000ns period=10.000ns})
  Path Group:             (none)
  Path Type:              Recovery (Max at Slow Process Corner)
  Data Path Delay:        4.113ns  (logic 0.610ns (14.830%)  route 3.503ns (85.170%))
  Logic Levels:           1  (LUT1=1)
  Clock Path Skew:        -0.353ns (DCD - SCD + CPR)
    Destination Clock Delay (DCD):    2.830ns
    Source Clock Delay      (SCD):    3.183ns
    Clock Pessimism Removal (CPR):    0.000ns
  Clock Uncertainty:      0.154ns  ((TSJ^2 + TIJ^2)^1/2 + DJ) / 2 + PE
    Total System Jitter     (TSJ):    0.071ns
    Total Input Jitter      (TIJ):    0.300ns
    Discrete Jitter          (DJ):    0.000ns
    Phase Error              (PE):    0.000ns
  Timing Exception:       False Path

    Location             Delay type                Incr(ns)  Path(ns)    Netlist Resource(s)
  -------------------------------------------------------------------    -------------------
                         (clock clk_fpga_0 rise edge)
                                                      0.000     0.000 r  
    PS7_X0Y0             PS7                          0.000     0.000 r  design_1_i/processing_system7_0/inst/PS7_i/FCLKCLK[0]
                         net (fo=1, routed)           1.193     1.193    design_1_i/processing_system7_0/inst/FCLK_CLK_unbuffered[0]
    BUFGCTRL_X0Y16       BUFG (Prop_bufg_I_O)         0.101     1.294 r  design_1_i/processing_system7_0/inst/buffer_fclk_clk_0.FCLK_CLK_0_BUFG/O
                         net (fo=22095, routed)       1.889     3.183    design_1_i/axi_smc/inst/clk_map/psr_aclk/U0/aclk
    SLICE_X29Y109        FDRE                                         r  design_1_i/axi_smc/inst/clk_map/psr_aclk/U0/ACTIVE_LOW_BSR_OUT_DFF[0].FDRE_BSR_N/C
  -------------------------------------------------------------------    -------------------
    SLICE_X29Y109        FDRE (Prop_fdre_C_Q)         0.456     3.639 r  design_1_i/axi_smc/inst/clk_map/psr_aclk/U0/ACTIVE_LOW_BSR_OUT_DFF[0].FDRE_BSR_N/Q
                         net (fo=25, routed)          2.887     6.526    <hidden>
    SLICE_X45Y108        LUT1 (Prop_lut1_I0_O)        0.154     6.680 f  <hidden>
                         net (fo=3, routed)           0.617     7.296    <hidden>
    SLICE_X46Y108        FDCE                                         f  <hidden>
  -------------------------------------------------------------------    -------------------

                         (clock clk_fpga_0 rise edge)
                                                      0.000     0.000 r  
    PS7_X0Y0             PS7                          0.000     0.000 r  design_1_i/processing_system7_0/inst/PS7_i/FCLKCLK[0]
                         net (fo=1, routed)           1.088     1.088    design_1_i/processing_system7_0/inst/FCLK_CLK_unbuffered[0]
    BUFGCTRL_X0Y16       BUFG (Prop_bufg_I_O)         0.091     1.179 r  design_1_i/processing_system7_0/inst/buffer_fclk_clk_0.FCLK_CLK_0_BUFG/O
                         net (fo=22095, routed)       1.651     2.830    <hidden>
    SLICE_X46Y108        FDCE                                         r  <hidden>

Slack:                    inf
  Source:                 design_1_i/axi_smc/inst/clk_map/psr_aclk/U0/ACTIVE_LOW_BSR_OUT_DFF[0].FDRE_BSR_N/C
                            (rising edge-triggered cell FDRE clocked by clk_fpga_0  {rise@0.000ns fall@5.000ns period=10.000ns})
  Destination:            <hidden>
                            (recovery check against rising-edge clock clk_fpga_0  {rise@0.000ns fall@5.000ns period=10.000ns})
  Path Group:             (none)
  Path Type:              Recovery (Max at Slow Process Corner)
  Data Path Delay:        4.088ns  (logic 0.580ns (14.186%)  route 3.508ns (85.814%))
  Logic Levels:           1  (LUT1=1)
  Clock Path Skew:        -0.353ns (DCD - SCD + CPR)
    Destination Clock Delay (DCD):    2.830ns
    Source Clock Delay      (SCD):    3.183ns
    Clock Pessimism Removal (CPR):    0.000ns
  Clock Uncertainty:      0.154ns  ((TSJ^2 + TIJ^2)^1/2 + DJ) / 2 + PE
    Total System Jitter     (TSJ):    0.071ns
    Total Input Jitter      (TIJ):    0.300ns
    Discrete Jitter          (DJ):    0.000ns
    Phase Error              (PE):    0.000ns
  Timing Exception:       False Path

    Location             Delay type                Incr(ns)  Path(ns)    Netlist Resource(s)
  -------------------------------------------------------------------    -------------------
                         (clock clk_fpga_0 rise edge)
                                                      0.000     0.000 r  
    PS7_X0Y0             PS7                          0.000     0.000 r  design_1_i/processing_system7_0/inst/PS7_i/FCLKCLK[0]
                         net (fo=1, routed)           1.193     1.193    design_1_i/processing_system7_0/inst/FCLK_CLK_unbuffered[0]
    BUFGCTRL_X0Y16       BUFG (Prop_bufg_I_O)         0.101     1.294 r  design_1_i/processing_system7_0/inst/buffer_fclk_clk_0.FCLK_CLK_0_BUFG/O
                         net (fo=22095, routed)       1.889     3.183    design_1_i/axi_smc/inst/clk_map/psr_aclk/U0/aclk
    SLICE_X29Y109        FDRE                                         r  design_1_i/axi_smc/inst/clk_map/psr_aclk/U0/ACTIVE_LOW_BSR_OUT_DFF[0].FDRE_BSR_N/C
  -------------------------------------------------------------------    -------------------
    SLICE_X29Y109        FDRE (Prop_fdre_C_Q)         0.456     3.639 r  design_1_i/axi_smc/inst/clk_map/psr_aclk/U0/ACTIVE_LOW_BSR_OUT_DFF[0].FDRE_BSR_N/Q
                         net (fo=25, routed)          2.887     6.526    <hidden>
    SLICE_X45Y108        LUT1 (Prop_lut1_I0_O)        0.124     6.650 f  <hidden>
                         net (fo=3, routed)           0.622     7.271    <hidden>
    SLICE_X45Y108        FDCE                                         f  <hidden>
  -------------------------------------------------------------------    -------------------

                         (clock clk_fpga_0 rise edge)
                                                      0.000     0.000 r  
    PS7_X0Y0             PS7                          0.000     0.000 r  design_1_i/processing_system7_0/inst/PS7_i/FCLKCLK[0]
                         net (fo=1, routed)           1.088     1.088    design_1_i/processing_system7_0/inst/FCLK_CLK_unbuffered[0]
    BUFGCTRL_X0Y16       BUFG (Prop_bufg_I_O)         0.091     1.179 r  design_1_i/processing_system7_0/inst/buffer_fclk_clk_0.FCLK_CLK_0_BUFG/O
                         net (fo=22095, routed)       1.651     2.830    <hidden>
    SLICE_X45Y108        FDCE                                         r  <hidden>





Min Delay Paths
--------------------------------------------------------------------------------------
Slack:                    inf
  Source:                 design_1_i/rst_ps7_0_100M/U0/ACTIVE_LOW_PR_OUT_DFF[0].FDRE_PER_N/C
                            (rising edge-triggered cell FDRE clocked by clk_fpga_0  {rise@0.000ns fall@5.000ns period=10.000ns})
  Destination:            design_1_i/axi_smc/inst/clk_map/psr_aclk/U0/EXT_LPF/ACTIVE_LOW_AUX.ACT_LO_AUX/GENERATE_LEVEL_P_S_CDC.SINGLE_BIT.CROSS_PLEVEL_IN2SCNDRY_IN_cdc_to/D
                            (rising edge-triggered cell FDRE clocked by clk_fpga_0  {rise@0.000ns fall@5.000ns period=10.000ns})
  Path Group:             (none)
  Path Type:              Hold (Min at Fast Process Corner)
  Data Path Delay:        0.487ns  (logic 0.186ns (38.182%)  route 0.301ns (61.818%))
  Logic Levels:           1  (LUT1=1)
  Clock Path Skew:        0.303ns (DCD - SCD - CPR)
    Destination Clock Delay (DCD):    1.295ns
    Source Clock Delay      (SCD):    0.992ns
    Clock Pessimism Removal (CPR):    -0.000ns
  Clock Uncertainty:      0.154ns  ((TSJ^2 + TIJ^2)^1/2 + DJ) / 2 + PE
    Total System Jitter     (TSJ):    0.071ns
    Total Input Jitter      (TIJ):    0.300ns
    Discrete Jitter          (DJ):    0.000ns
    Phase Error              (PE):    0.000ns
  Timing Exception:       False Path

    Location             Delay type                Incr(ns)  Path(ns)    Netlist Resource(s)
  -------------------------------------------------------------------    -------------------
                         (clock clk_fpga_0 rise edge)
                                                      0.000     0.000 r  
    PS7_X0Y0             PS7                          0.000     0.000 r  design_1_i/processing_system7_0/inst/PS7_i/FCLKCLK[0]
                         net (fo=1, routed)           0.310     0.310    design_1_i/processing_system7_0/inst/FCLK_CLK_unbuffered[0]
    BUFGCTRL_X0Y16       BUFG (Prop_bufg_I_O)         0.026     0.336 r  design_1_i/processing_system7_0/inst/buffer_fclk_clk_0.FCLK_CLK_0_BUFG/O
                         net (fo=22095, routed)       0.656     0.992    design_1_i/rst_ps7_0_100M/U0/slowest_sync_clk
    SLICE_X28Y110        FDRE                                         r  design_1_i/rst_ps7_0_100M/U0/ACTIVE_LOW_PR_OUT_DFF[0].FDRE_PER_N/C
  -------------------------------------------------------------------    -------------------
    SLICE_X28Y110        FDRE (Prop_fdre_C_Q)         0.141     1.133 f  design_1_i/rst_ps7_0_100M/U0/ACTIVE_LOW_PR_OUT_DFF[0].FDRE_PER_N/Q
                         net (fo=27, routed)          0.301     1.434    design_1_i/axi_smc/inst/clk_map/psr_aclk/U0/EXT_LPF/ACTIVE_LOW_AUX.ACT_LO_AUX/aresetn
    SLICE_X28Y107        LUT1 (Prop_lut1_I0_O)        0.045     1.479 r  design_1_i/axi_smc/inst/clk_map/psr_aclk/U0/EXT_LPF/ACTIVE_LOW_AUX.ACT_LO_AUX/GENERATE_LEVEL_P_S_CDC.SINGLE_BIT.CROSS_PLEVEL_IN2SCNDRY_IN_cdc_to_i_1/O
                         net (fo=1, routed)           0.000     1.479    design_1_i/axi_smc/inst/clk_map/psr_aclk/U0/EXT_LPF/ACTIVE_LOW_AUX.ACT_LO_AUX/asr_d1
    SLICE_X28Y107        FDRE                                         r  design_1_i/axi_smc/inst/clk_map/psr_aclk/U0/EXT_LPF/ACTIVE_LOW_AUX.ACT_LO_AUX/GENERATE_LEVEL_P_S_CDC.SINGLE_BIT.CROSS_PLEVEL_IN2SCNDRY_IN_cdc_to/D
  -------------------------------------------------------------------    -------------------

                         (clock clk_fpga_0 rise edge)
                                                      0.000     0.000 r  
    PS7_X0Y0             PS7                          0.000     0.000 r  design_1_i/processing_system7_0/inst/PS7_i/FCLKCLK[0]
                         net (fo=1, routed)           0.337     0.337    design_1_i/processing_system7_0/inst/FCLK_CLK_unbuffered[0]
    BUFGCTRL_X0Y16       BUFG (Prop_bufg_I_O)         0.029     0.366 r  design_1_i/processing_system7_0/inst/buffer_fclk_clk_0.FCLK_CLK_0_BUFG/O
                         net (fo=22095, routed)       0.929     1.295    design_1_i/axi_smc/inst/clk_map/psr_aclk/U0/EXT_LPF/ACTIVE_LOW_AUX.ACT_LO_AUX/aclk
    SLICE_X28Y107        FDRE                                         r  design_1_i/axi_smc/inst/clk_map/psr_aclk/U0/EXT_LPF/ACTIVE_LOW_AUX.ACT_LO_AUX/GENERATE_LEVEL_P_S_CDC.SINGLE_BIT.CROSS_PLEVEL_IN2SCNDRY_IN_cdc_to/C

Slack:                    inf
  Source:                 design_1_i/axi_smc/inst/clk_map/psr_aclk/U0/ACTIVE_LOW_BSR_OUT_DFF[0].FDRE_BSR_N/C
                            (rising edge-triggered cell FDRE clocked by clk_fpga_0  {rise@0.000ns fall@5.000ns period=10.000ns})
  Destination:            <hidden>
                            (removal check against rising-edge clock clk_fpga_0  {rise@0.000ns fall@5.000ns period=10.000ns})
  Path Group:             (none)
  Path Type:              Removal (Min at Fast Process Corner)
  Data Path Delay:        0.642ns  (logic 0.183ns (28.508%)  route 0.459ns (71.492%))
  Logic Levels:           1  (LUT1=1)
  Clock Path Skew:        0.301ns (DCD - SCD - CPR)
    Destination Clock Delay (DCD):    1.294ns
    Source Clock Delay      (SCD):    0.993ns
    Clock Pessimism Removal (CPR):    -0.000ns
  Clock Uncertainty:      0.154ns  ((TSJ^2 + TIJ^2)^1/2 + DJ) / 2 + PE
    Total System Jitter     (TSJ):    0.071ns
    Total Input Jitter      (TIJ):    0.300ns
    Discrete Jitter          (DJ):    0.000ns
    Phase Error              (PE):    0.000ns
  Timing Exception:       False Path

    Location             Delay type                Incr(ns)  Path(ns)    Netlist Resource(s)
  -------------------------------------------------------------------    -------------------
                         (clock clk_fpga_0 rise edge)
                                                      0.000     0.000 r  
    PS7_X0Y0             PS7                          0.000     0.000 r  design_1_i/processing_system7_0/inst/PS7_i/FCLKCLK[0]
                         net (fo=1, routed)           0.310     0.310    design_1_i/processing_system7_0/inst/FCLK_CLK_unbuffered[0]
    BUFGCTRL_X0Y16       BUFG (Prop_bufg_I_O)         0.026     0.336 r  design_1_i/processing_system7_0/inst/buffer_fclk_clk_0.FCLK_CLK_0_BUFG/O
                         net (fo=22095, routed)       0.657     0.993    design_1_i/axi_smc/inst/clk_map/psr_aclk/U0/aclk
    SLICE_X29Y109        FDRE                                         r  design_1_i/axi_smc/inst/clk_map/psr_aclk/U0/ACTIVE_LOW_BSR_OUT_DFF[0].FDRE_BSR_N/C
  -------------------------------------------------------------------    -------------------
    SLICE_X29Y109        FDRE (Prop_fdre_C_Q)         0.141     1.134 r  design_1_i/axi_smc/inst/clk_map/psr_aclk/U0/ACTIVE_LOW_BSR_OUT_DFF[0].FDRE_BSR_N/Q
                         net (fo=25, routed)          0.231     1.365    <hidden>
    SLICE_X27Y108        LUT1 (Prop_lut1_I0_O)        0.042     1.407 f  <hidden>
                         net (fo=3, routed)           0.228     1.635    <hidden>
    SLICE_X27Y108        FDCE                                         f  <hidden>
  -------------------------------------------------------------------    -------------------

                         (clock clk_fpga_0 rise edge)
                                                      0.000     0.000 r  
    PS7_X0Y0             PS7                          0.000     0.000 r  design_1_i/processing_system7_0/inst/PS7_i/FCLKCLK[0]
                         net (fo=1, routed)           0.337     0.337    design_1_i/processing_system7_0/inst/FCLK_CLK_unbuffered[0]
    BUFGCTRL_X0Y16       BUFG (Prop_bufg_I_O)         0.029     0.366 r  design_1_i/processing_system7_0/inst/buffer_fclk_clk_0.FCLK_CLK_0_BUFG/O
                         net (fo=22095, routed)       0.928     1.294    <hidden>
    SLICE_X27Y108        FDCE                                         r  <hidden>

Slack:                    inf
  Source:                 design_1_i/axi_smc/inst/clk_map/psr_aclk/U0/ACTIVE_LOW_BSR_OUT_DFF[0].FDRE_BSR_N/C
                            (rising edge-triggered cell FDRE clocked by clk_fpga_0  {rise@0.000ns fall@5.000ns period=10.000ns})
  Destination:            <hidden>
                            (removal check against rising-edge clock clk_fpga_0  {rise@0.000ns fall@5.000ns period=10.000ns})
  Path Group:             (none)
  Path Type:              Removal (Min at Fast Process Corner)
  Data Path Delay:        0.642ns  (logic 0.183ns (28.508%)  route 0.459ns (71.492%))
  Logic Levels:           1  (LUT1=1)
  Clock Path Skew:        0.301ns (DCD - SCD - CPR)
    Destination Clock Delay (DCD):    1.294ns
    Source Clock Delay      (SCD):    0.993ns
    Clock Pessimism Removal (CPR):    -0.000ns
  Clock Uncertainty:      0.154ns  ((TSJ^2 + TIJ^2)^1/2 + DJ) / 2 + PE
    Total System Jitter     (TSJ):    0.071ns
    Total Input Jitter      (TIJ):    0.300ns
    Discrete Jitter          (DJ):    0.000ns
    Phase Error              (PE):    0.000ns
  Timing Exception:       False Path

    Location             Delay type                Incr(ns)  Path(ns)    Netlist Resource(s)
  -------------------------------------------------------------------    -------------------
                         (clock clk_fpga_0 rise edge)
                                                      0.000     0.000 r  
    PS7_X0Y0             PS7                          0.000     0.000 r  design_1_i/processing_system7_0/inst/PS7_i/FCLKCLK[0]
                         net (fo=1, routed)           0.310     0.310    design_1_i/processing_system7_0/inst/FCLK_CLK_unbuffered[0]
    BUFGCTRL_X0Y16       BUFG (Prop_bufg_I_O)         0.026     0.336 r  design_1_i/processing_system7_0/inst/buffer_fclk_clk_0.FCLK_CLK_0_BUFG/O
                         net (fo=22095, routed)       0.657     0.993    design_1_i/axi_smc/inst/clk_map/psr_aclk/U0/aclk
    SLICE_X29Y109        FDRE                                         r  design_1_i/axi_smc/inst/clk_map/psr_aclk/U0/ACTIVE_LOW_BSR_OUT_DFF[0].FDRE_BSR_N/C
  -------------------------------------------------------------------    -------------------
    SLICE_X29Y109        FDRE (Prop_fdre_C_Q)         0.141     1.134 r  design_1_i/axi_smc/inst/clk_map/psr_aclk/U0/ACTIVE_LOW_BSR_OUT_DFF[0].FDRE_BSR_N/Q
                         net (fo=25, routed)          0.231     1.365    <hidden>
    SLICE_X27Y108        LUT1 (Prop_lut1_I0_O)        0.042     1.407 f  <hidden>
                         net (fo=3, routed)           0.228     1.635    <hidden>
    SLICE_X27Y108        FDCE                                         f  <hidden>
  -------------------------------------------------------------------    -------------------

                         (clock clk_fpga_0 rise edge)
                                                      0.000     0.000 r  
    PS7_X0Y0             PS7                          0.000     0.000 r  design_1_i/processing_system7_0/inst/PS7_i/FCLKCLK[0]
                         net (fo=1, routed)           0.337     0.337    design_1_i/processing_system7_0/inst/FCLK_CLK_unbuffered[0]
    BUFGCTRL_X0Y16       BUFG (Prop_bufg_I_O)         0.029     0.366 r  design_1_i/processing_system7_0/inst/buffer_fclk_clk_0.FCLK_CLK_0_BUFG/O
                         net (fo=22095, routed)       0.928     1.294    <hidden>
    SLICE_X27Y108        FDCE                                         r  <hidden>

Slack:                    inf
  Source:                 design_1_i/axi_smc/inst/clk_map/psr_aclk/U0/ACTIVE_LOW_BSR_OUT_DFF[0].FDRE_BSR_N/C
                            (rising edge-triggered cell FDRE clocked by clk_fpga_0  {rise@0.000ns fall@5.000ns period=10.000ns})
  Destination:            <hidden>
                            (removal check against rising-edge clock clk_fpga_0  {rise@0.000ns fall@5.000ns period=10.000ns})
  Path Group:             (none)
  Path Type:              Removal (Min at Fast Process Corner)
  Data Path Delay:        0.642ns  (logic 0.183ns (28.508%)  route 0.459ns (71.492%))
  Logic Levels:           1  (LUT1=1)
  Clock Path Skew:        0.301ns (DCD - SCD - CPR)
    Destination Clock Delay (DCD):    1.294ns
    Source Clock Delay      (SCD):    0.993ns
    Clock Pessimism Removal (CPR):    -0.000ns
  Clock Uncertainty:      0.154ns  ((TSJ^2 + TIJ^2)^1/2 + DJ) / 2 + PE
    Total System Jitter     (TSJ):    0.071ns
    Total Input Jitter      (TIJ):    0.300ns
    Discrete Jitter          (DJ):    0.000ns
    Phase Error              (PE):    0.000ns
  Timing Exception:       False Path

    Location             Delay type                Incr(ns)  Path(ns)    Netlist Resource(s)
  -------------------------------------------------------------------    -------------------
                         (clock clk_fpga_0 rise edge)
                                                      0.000     0.000 r  
    PS7_X0Y0             PS7                          0.000     0.000 r  design_1_i/processing_system7_0/inst/PS7_i/FCLKCLK[0]
                         net (fo=1, routed)           0.310     0.310    design_1_i/processing_system7_0/inst/FCLK_CLK_unbuffered[0]
    BUFGCTRL_X0Y16       BUFG (Prop_bufg_I_O)         0.026     0.336 r  design_1_i/processing_system7_0/inst/buffer_fclk_clk_0.FCLK_CLK_0_BUFG/O
                         net (fo=22095, routed)       0.657     0.993    design_1_i/axi_smc/inst/clk_map/psr_aclk/U0/aclk
    SLICE_X29Y109        FDRE                                         r  design_1_i/axi_smc/inst/clk_map/psr_aclk/U0/ACTIVE_LOW_BSR_OUT_DFF[0].FDRE_BSR_N/C
  -------------------------------------------------------------------    -------------------
    SLICE_X29Y109        FDRE (Prop_fdre_C_Q)         0.141     1.134 r  design_1_i/axi_smc/inst/clk_map/psr_aclk/U0/ACTIVE_LOW_BSR_OUT_DFF[0].FDRE_BSR_N/Q
                         net (fo=25, routed)          0.231     1.365    <hidden>
    SLICE_X27Y108        LUT1 (Prop_lut1_I0_O)        0.042     1.407 f  <hidden>
                         net (fo=3, routed)           0.228     1.635    <hidden>
    SLICE_X27Y108        FDCE                                         f  <hidden>
  -------------------------------------------------------------------    -------------------

                         (clock clk_fpga_0 rise edge)
                                                      0.000     0.000 r  
    PS7_X0Y0             PS7                          0.000     0.000 r  design_1_i/processing_system7_0/inst/PS7_i/FCLKCLK[0]
                         net (fo=1, routed)           0.337     0.337    design_1_i/processing_system7_0/inst/FCLK_CLK_unbuffered[0]
    BUFGCTRL_X0Y16       BUFG (Prop_bufg_I_O)         0.029     0.366 r  design_1_i/processing_system7_0/inst/buffer_fclk_clk_0.FCLK_CLK_0_BUFG/O
                         net (fo=22095, routed)       0.928     1.294    <hidden>
    SLICE_X27Y108        FDCE                                         r  <hidden>

Slack:                    inf
  Source:                 design_1_i/axi_smc/inst/clk_map/psr_aclk/U0/ACTIVE_LOW_BSR_OUT_DFF[0].FDRE_BSR_N/C
                            (rising edge-triggered cell FDRE clocked by clk_fpga_0  {rise@0.000ns fall@5.000ns period=10.000ns})
  Destination:            <hidden>
                            (removal check against rising-edge clock clk_fpga_0  {rise@0.000ns fall@5.000ns period=10.000ns})
  Path Group:             (none)
  Path Type:              Removal (Min at Fast Process Corner)
  Data Path Delay:        0.654ns  (logic 0.186ns (28.434%)  route 0.468ns (71.566%))
  Logic Levels:           1  (LUT1=1)
  Clock Path Skew:        0.302ns (DCD - SCD - CPR)
    Destination Clock Delay (DCD):    1.295ns
    Source Clock Delay      (SCD):    0.993ns
    Clock Pessimism Removal (CPR):    -0.000ns
  Clock Uncertainty:      0.154ns  ((TSJ^2 + TIJ^2)^1/2 + DJ) / 2 + PE
    Total System Jitter     (TSJ):    0.071ns
    Total Input Jitter      (TIJ):    0.300ns
    Discrete Jitter          (DJ):    0.000ns
    Phase Error              (PE):    0.000ns
  Timing Exception:       False Path

    Location             Delay type                Incr(ns)  Path(ns)    Netlist Resource(s)
  -------------------------------------------------------------------    -------------------
                         (clock clk_fpga_0 rise edge)
                                                      0.000     0.000 r  
    PS7_X0Y0             PS7                          0.000     0.000 r  design_1_i/processing_system7_0/inst/PS7_i/FCLKCLK[0]
                         net (fo=1, routed)           0.310     0.310    design_1_i/processing_system7_0/inst/FCLK_CLK_unbuffered[0]
    BUFGCTRL_X0Y16       BUFG (Prop_bufg_I_O)         0.026     0.336 r  design_1_i/processing_system7_0/inst/buffer_fclk_clk_0.FCLK_CLK_0_BUFG/O
                         net (fo=22095, routed)       0.657     0.993    design_1_i/axi_smc/inst/clk_map/psr_aclk/U0/aclk
    SLICE_X29Y109        FDRE                                         r  design_1_i/axi_smc/inst/clk_map/psr_aclk/U0/ACTIVE_LOW_BSR_OUT_DFF[0].FDRE_BSR_N/C
  -------------------------------------------------------------------    -------------------
    SLICE_X29Y109        FDRE (Prop_fdre_C_Q)         0.141     1.134 r  design_1_i/axi_smc/inst/clk_map/psr_aclk/U0/ACTIVE_LOW_BSR_OUT_DFF[0].FDRE_BSR_N/Q
                         net (fo=25, routed)          0.231     1.365    <hidden>
    SLICE_X27Y108        LUT1 (Prop_lut1_I0_O)        0.045     1.410 f  <hidden>
                         net (fo=3, routed)           0.237     1.647    <hidden>
    SLICE_X28Y108        FDCE                                         f  <hidden>
  -------------------------------------------------------------------    -------------------

                         (clock clk_fpga_0 rise edge)
                                                      0.000     0.000 r  
    PS7_X0Y0             PS7                          0.000     0.000 r  design_1_i/processing_system7_0/inst/PS7_i/FCLKCLK[0]
                         net (fo=1, routed)           0.337     0.337    design_1_i/processing_system7_0/inst/FCLK_CLK_unbuffered[0]
    BUFGCTRL_X0Y16       BUFG (Prop_bufg_I_O)         0.029     0.366 r  design_1_i/processing_system7_0/inst/buffer_fclk_clk_0.FCLK_CLK_0_BUFG/O
                         net (fo=22095, routed)       0.929     1.295    <hidden>
    SLICE_X28Y108        FDCE                                         r  <hidden>

Slack:                    inf
  Source:                 design_1_i/axi_smc/inst/clk_map/psr_aclk/U0/ACTIVE_LOW_BSR_OUT_DFF[0].FDRE_BSR_N/C
                            (rising edge-triggered cell FDRE clocked by clk_fpga_0  {rise@0.000ns fall@5.000ns period=10.000ns})
  Destination:            <hidden>
                            (removal check against rising-edge clock clk_fpga_0  {rise@0.000ns fall@5.000ns period=10.000ns})
  Path Group:             (none)
  Path Type:              Removal (Min at Fast Process Corner)
  Data Path Delay:        0.654ns  (logic 0.186ns (28.434%)  route 0.468ns (71.566%))
  Logic Levels:           1  (LUT1=1)
  Clock Path Skew:        0.302ns (DCD - SCD - CPR)
    Destination Clock Delay (DCD):    1.295ns
    Source Clock Delay      (SCD):    0.993ns
    Clock Pessimism Removal (CPR):    -0.000ns
  Clock Uncertainty:      0.154ns  ((TSJ^2 + TIJ^2)^1/2 + DJ) / 2 + PE
    Total System Jitter     (TSJ):    0.071ns
    Total Input Jitter      (TIJ):    0.300ns
    Discrete Jitter          (DJ):    0.000ns
    Phase Error              (PE):    0.000ns
  Timing Exception:       False Path

    Location             Delay type                Incr(ns)  Path(ns)    Netlist Resource(s)
  -------------------------------------------------------------------    -------------------
                         (clock clk_fpga_0 rise edge)
                                                      0.000     0.000 r  
    PS7_X0Y0             PS7                          0.000     0.000 r  design_1_i/processing_system7_0/inst/PS7_i/FCLKCLK[0]
                         net (fo=1, routed)           0.310     0.310    design_1_i/processing_system7_0/inst/FCLK_CLK_unbuffered[0]
    BUFGCTRL_X0Y16       BUFG (Prop_bufg_I_O)         0.026     0.336 r  design_1_i/processing_system7_0/inst/buffer_fclk_clk_0.FCLK_CLK_0_BUFG/O
                         net (fo=22095, routed)       0.657     0.993    design_1_i/axi_smc/inst/clk_map/psr_aclk/U0/aclk
    SLICE_X29Y109        FDRE                                         r  design_1_i/axi_smc/inst/clk_map/psr_aclk/U0/ACTIVE_LOW_BSR_OUT_DFF[0].FDRE_BSR_N/C
  -------------------------------------------------------------------    -------------------
    SLICE_X29Y109        FDRE (Prop_fdre_C_Q)         0.141     1.134 r  design_1_i/axi_smc/inst/clk_map/psr_aclk/U0/ACTIVE_LOW_BSR_OUT_DFF[0].FDRE_BSR_N/Q
                         net (fo=25, routed)          0.231     1.365    <hidden>
    SLICE_X27Y108        LUT1 (Prop_lut1_I0_O)        0.045     1.410 f  <hidden>
                         net (fo=3, routed)           0.237     1.647    <hidden>
    SLICE_X28Y108        FDCE                                         f  <hidden>
  -------------------------------------------------------------------    -------------------

                         (clock clk_fpga_0 rise edge)
                                                      0.000     0.000 r  
    PS7_X0Y0             PS7                          0.000     0.000 r  design_1_i/processing_system7_0/inst/PS7_i/FCLKCLK[0]
                         net (fo=1, routed)           0.337     0.337    design_1_i/processing_system7_0/inst/FCLK_CLK_unbuffered[0]
    BUFGCTRL_X0Y16       BUFG (Prop_bufg_I_O)         0.029     0.366 r  design_1_i/processing_system7_0/inst/buffer_fclk_clk_0.FCLK_CLK_0_BUFG/O
                         net (fo=22095, routed)       0.929     1.295    <hidden>
    SLICE_X28Y108        FDCE                                         r  <hidden>

Slack:                    inf
  Source:                 design_1_i/axi_smc/inst/clk_map/psr_aclk/U0/ACTIVE_LOW_BSR_OUT_DFF[0].FDRE_BSR_N/C
                            (rising edge-triggered cell FDRE clocked by clk_fpga_0  {rise@0.000ns fall@5.000ns period=10.000ns})
  Destination:            <hidden>
                            (removal check against rising-edge clock clk_fpga_0  {rise@0.000ns fall@5.000ns period=10.000ns})
  Path Group:             (none)
  Path Type:              Removal (Min at Fast Process Corner)
  Data Path Delay:        0.654ns  (logic 0.186ns (28.434%)  route 0.468ns (71.566%))
  Logic Levels:           1  (LUT1=1)
  Clock Path Skew:        0.302ns (DCD - SCD - CPR)
    Destination Clock Delay (DCD):    1.295ns
    Source Clock Delay      (SCD):    0.993ns
    Clock Pessimism Removal (CPR):    -0.000ns
  Clock Uncertainty:      0.154ns  ((TSJ^2 + TIJ^2)^1/2 + DJ) / 2 + PE
    Total System Jitter     (TSJ):    0.071ns
    Total Input Jitter      (TIJ):    0.300ns
    Discrete Jitter          (DJ):    0.000ns
    Phase Error              (PE):    0.000ns
  Timing Exception:       False Path

    Location             Delay type                Incr(ns)  Path(ns)    Netlist Resource(s)
  -------------------------------------------------------------------    -------------------
                         (clock clk_fpga_0 rise edge)
                                                      0.000     0.000 r  
    PS7_X0Y0             PS7                          0.000     0.000 r  design_1_i/processing_system7_0/inst/PS7_i/FCLKCLK[0]
                         net (fo=1, routed)           0.310     0.310    design_1_i/processing_system7_0/inst/FCLK_CLK_unbuffered[0]
    BUFGCTRL_X0Y16       BUFG (Prop_bufg_I_O)         0.026     0.336 r  design_1_i/processing_system7_0/inst/buffer_fclk_clk_0.FCLK_CLK_0_BUFG/O
                         net (fo=22095, routed)       0.657     0.993    design_1_i/axi_smc/inst/clk_map/psr_aclk/U0/aclk
    SLICE_X29Y109        FDRE                                         r  design_1_i/axi_smc/inst/clk_map/psr_aclk/U0/ACTIVE_LOW_BSR_OUT_DFF[0].FDRE_BSR_N/C
  -------------------------------------------------------------------    -------------------
    SLICE_X29Y109        FDRE (Prop_fdre_C_Q)         0.141     1.134 r  design_1_i/axi_smc/inst/clk_map/psr_aclk/U0/ACTIVE_LOW_BSR_OUT_DFF[0].FDRE_BSR_N/Q
                         net (fo=25, routed)          0.231     1.365    <hidden>
    SLICE_X27Y108        LUT1 (Prop_lut1_I0_O)        0.045     1.410 f  <hidden>
                         net (fo=3, routed)           0.237     1.647    <hidden>
    SLICE_X28Y108        FDCE                                         f  <hidden>
  -------------------------------------------------------------------    -------------------

                         (clock clk_fpga_0 rise edge)
                                                      0.000     0.000 r  
    PS7_X0Y0             PS7                          0.000     0.000 r  design_1_i/processing_system7_0/inst/PS7_i/FCLKCLK[0]
                         net (fo=1, routed)           0.337     0.337    design_1_i/processing_system7_0/inst/FCLK_CLK_unbuffered[0]
    BUFGCTRL_X0Y16       BUFG (Prop_bufg_I_O)         0.029     0.366 r  design_1_i/processing_system7_0/inst/buffer_fclk_clk_0.FCLK_CLK_0_BUFG/O
                         net (fo=22095, routed)       0.929     1.295    <hidden>
    SLICE_X28Y108        FDCE                                         r  <hidden>

Slack:                    inf
  Source:                 design_1_i/axi_smc/inst/clk_map/psr_aclk/U0/ACTIVE_LOW_BSR_OUT_DFF[0].FDRE_BSR_N/C
                            (rising edge-triggered cell FDRE clocked by clk_fpga_0  {rise@0.000ns fall@5.000ns period=10.000ns})
  Destination:            <hidden>
                            (removal check against rising-edge clock clk_fpga_0  {rise@0.000ns fall@5.000ns period=10.000ns})
  Path Group:             (none)
  Path Type:              Removal (Min at Fast Process Corner)
  Data Path Delay:        0.660ns  (logic 0.183ns (27.737%)  route 0.477ns (72.263%))
  Logic Levels:           1  (LUT1=1)
  Clock Path Skew:        0.302ns (DCD - SCD - CPR)
    Destination Clock Delay (DCD):    1.295ns
    Source Clock Delay      (SCD):    0.993ns
    Clock Pessimism Removal (CPR):    -0.000ns
  Clock Uncertainty:      0.154ns  ((TSJ^2 + TIJ^2)^1/2 + DJ) / 2 + PE
    Total System Jitter     (TSJ):    0.071ns
    Total Input Jitter      (TIJ):    0.300ns
    Discrete Jitter          (DJ):    0.000ns
    Phase Error              (PE):    0.000ns
  Timing Exception:       False Path

    Location             Delay type                Incr(ns)  Path(ns)    Netlist Resource(s)
  -------------------------------------------------------------------    -------------------
                         (clock clk_fpga_0 rise edge)
                                                      0.000     0.000 r  
    PS7_X0Y0             PS7                          0.000     0.000 r  design_1_i/processing_system7_0/inst/PS7_i/FCLKCLK[0]
                         net (fo=1, routed)           0.310     0.310    design_1_i/processing_system7_0/inst/FCLK_CLK_unbuffered[0]
    BUFGCTRL_X0Y16       BUFG (Prop_bufg_I_O)         0.026     0.336 r  design_1_i/processing_system7_0/inst/buffer_fclk_clk_0.FCLK_CLK_0_BUFG/O
                         net (fo=22095, routed)       0.657     0.993    design_1_i/axi_smc/inst/clk_map/psr_aclk/U0/aclk
    SLICE_X29Y109        FDRE                                         r  design_1_i/axi_smc/inst/clk_map/psr_aclk/U0/ACTIVE_LOW_BSR_OUT_DFF[0].FDRE_BSR_N/C
  -------------------------------------------------------------------    -------------------
    SLICE_X29Y109        FDRE (Prop_fdre_C_Q)         0.141     1.134 r  design_1_i/axi_smc/inst/clk_map/psr_aclk/U0/ACTIVE_LOW_BSR_OUT_DFF[0].FDRE_BSR_N/Q
                         net (fo=25, routed)          0.300     1.434    <hidden>
    SLICE_X31Y107        LUT1 (Prop_lut1_I0_O)        0.042     1.476 f  <hidden>
                         net (fo=3, routed)           0.177     1.653    <hidden>
    SLICE_X31Y107        FDCE                                         f  <hidden>
  -------------------------------------------------------------------    -------------------

                         (clock clk_fpga_0 rise edge)
                                                      0.000     0.000 r  
    PS7_X0Y0             PS7                          0.000     0.000 r  design_1_i/processing_system7_0/inst/PS7_i/FCLKCLK[0]
                         net (fo=1, routed)           0.337     0.337    design_1_i/processing_system7_0/inst/FCLK_CLK_unbuffered[0]
    BUFGCTRL_X0Y16       BUFG (Prop_bufg_I_O)         0.029     0.366 r  design_1_i/processing_system7_0/inst/buffer_fclk_clk_0.FCLK_CLK_0_BUFG/O
                         net (fo=22095, routed)       0.929     1.295    <hidden>
    SLICE_X31Y107        FDCE                                         r  <hidden>

Slack:                    inf
  Source:                 design_1_i/axi_smc/inst/clk_map/psr_aclk/U0/ACTIVE_LOW_BSR_OUT_DFF[0].FDRE_BSR_N/C
                            (rising edge-triggered cell FDRE clocked by clk_fpga_0  {rise@0.000ns fall@5.000ns period=10.000ns})
  Destination:            <hidden>
                            (removal check against rising-edge clock clk_fpga_0  {rise@0.000ns fall@5.000ns period=10.000ns})
  Path Group:             (none)
  Path Type:              Removal (Min at Fast Process Corner)
  Data Path Delay:        0.660ns  (logic 0.183ns (27.737%)  route 0.477ns (72.263%))
  Logic Levels:           1  (LUT1=1)
  Clock Path Skew:        0.302ns (DCD - SCD - CPR)
    Destination Clock Delay (DCD):    1.295ns
    Source Clock Delay      (SCD):    0.993ns
    Clock Pessimism Removal (CPR):    -0.000ns
  Clock Uncertainty:      0.154ns  ((TSJ^2 + TIJ^2)^1/2 + DJ) / 2 + PE
    Total System Jitter     (TSJ):    0.071ns
    Total Input Jitter      (TIJ):    0.300ns
    Discrete Jitter          (DJ):    0.000ns
    Phase Error              (PE):    0.000ns
  Timing Exception:       False Path

    Location             Delay type                Incr(ns)  Path(ns)    Netlist Resource(s)
  -------------------------------------------------------------------    -------------------
                         (clock clk_fpga_0 rise edge)
                                                      0.000     0.000 r  
    PS7_X0Y0             PS7                          0.000     0.000 r  design_1_i/processing_system7_0/inst/PS7_i/FCLKCLK[0]
                         net (fo=1, routed)           0.310     0.310    design_1_i/processing_system7_0/inst/FCLK_CLK_unbuffered[0]
    BUFGCTRL_X0Y16       BUFG (Prop_bufg_I_O)         0.026     0.336 r  design_1_i/processing_system7_0/inst/buffer_fclk_clk_0.FCLK_CLK_0_BUFG/O
                         net (fo=22095, routed)       0.657     0.993    design_1_i/axi_smc/inst/clk_map/psr_aclk/U0/aclk
    SLICE_X29Y109        FDRE                                         r  design_1_i/axi_smc/inst/clk_map/psr_aclk/U0/ACTIVE_LOW_BSR_OUT_DFF[0].FDRE_BSR_N/C
  -------------------------------------------------------------------    -------------------
    SLICE_X29Y109        FDRE (Prop_fdre_C_Q)         0.141     1.134 r  design_1_i/axi_smc/inst/clk_map/psr_aclk/U0/ACTIVE_LOW_BSR_OUT_DFF[0].FDRE_BSR_N/Q
                         net (fo=25, routed)          0.300     1.434    <hidden>
    SLICE_X31Y107        LUT1 (Prop_lut1_I0_O)        0.042     1.476 f  <hidden>
                         net (fo=3, routed)           0.177     1.653    <hidden>
    SLICE_X31Y107        FDCE                                         f  <hidden>
  -------------------------------------------------------------------    -------------------

                         (clock clk_fpga_0 rise edge)
                                                      0.000     0.000 r  
    PS7_X0Y0             PS7                          0.000     0.000 r  design_1_i/processing_system7_0/inst/PS7_i/FCLKCLK[0]
                         net (fo=1, routed)           0.337     0.337    design_1_i/processing_system7_0/inst/FCLK_CLK_unbuffered[0]
    BUFGCTRL_X0Y16       BUFG (Prop_bufg_I_O)         0.029     0.366 r  design_1_i/processing_system7_0/inst/buffer_fclk_clk_0.FCLK_CLK_0_BUFG/O
                         net (fo=22095, routed)       0.929     1.295    <hidden>
    SLICE_X31Y107        FDCE                                         r  <hidden>

Slack:                    inf
  Source:                 design_1_i/axi_smc/inst/clk_map/psr_aclk/U0/ACTIVE_LOW_BSR_OUT_DFF[0].FDRE_BSR_N/C
                            (rising edge-triggered cell FDRE clocked by clk_fpga_0  {rise@0.000ns fall@5.000ns period=10.000ns})
  Destination:            <hidden>
                            (removal check against rising-edge clock clk_fpga_0  {rise@0.000ns fall@5.000ns period=10.000ns})
  Path Group:             (none)
  Path Type:              Removal (Min at Fast Process Corner)
  Data Path Delay:        0.660ns  (logic 0.183ns (27.737%)  route 0.477ns (72.263%))
  Logic Levels:           1  (LUT1=1)
  Clock Path Skew:        0.302ns (DCD - SCD - CPR)
    Destination Clock Delay (DCD):    1.295ns
    Source Clock Delay      (SCD):    0.993ns
    Clock Pessimism Removal (CPR):    -0.000ns
  Clock Uncertainty:      0.154ns  ((TSJ^2 + TIJ^2)^1/2 + DJ) / 2 + PE
    Total System Jitter     (TSJ):    0.071ns
    Total Input Jitter      (TIJ):    0.300ns
    Discrete Jitter          (DJ):    0.000ns
    Phase Error              (PE):    0.000ns
  Timing Exception:       False Path

    Location             Delay type                Incr(ns)  Path(ns)    Netlist Resource(s)
  -------------------------------------------------------------------    -------------------
                         (clock clk_fpga_0 rise edge)
                                                      0.000     0.000 r  
    PS7_X0Y0             PS7                          0.000     0.000 r  design_1_i/processing_system7_0/inst/PS7_i/FCLKCLK[0]
                         net (fo=1, routed)           0.310     0.310    design_1_i/processing_system7_0/inst/FCLK_CLK_unbuffered[0]
    BUFGCTRL_X0Y16       BUFG (Prop_bufg_I_O)         0.026     0.336 r  design_1_i/processing_system7_0/inst/buffer_fclk_clk_0.FCLK_CLK_0_BUFG/O
                         net (fo=22095, routed)       0.657     0.993    design_1_i/axi_smc/inst/clk_map/psr_aclk/U0/aclk
    SLICE_X29Y109        FDRE                                         r  design_1_i/axi_smc/inst/clk_map/psr_aclk/U0/ACTIVE_LOW_BSR_OUT_DFF[0].FDRE_BSR_N/C
  -------------------------------------------------------------------    -------------------
    SLICE_X29Y109        FDRE (Prop_fdre_C_Q)         0.141     1.134 r  design_1_i/axi_smc/inst/clk_map/psr_aclk/U0/ACTIVE_LOW_BSR_OUT_DFF[0].FDRE_BSR_N/Q
                         net (fo=25, routed)          0.300     1.434    <hidden>
    SLICE_X31Y107        LUT1 (Prop_lut1_I0_O)        0.042     1.476 f  <hidden>
                         net (fo=3, routed)           0.177     1.653    <hidden>
    SLICE_X31Y107        FDCE                                         f  <hidden>
  -------------------------------------------------------------------    -------------------

                         (clock clk_fpga_0 rise edge)
                                                      0.000     0.000 r  
    PS7_X0Y0             PS7                          0.000     0.000 r  design_1_i/processing_system7_0/inst/PS7_i/FCLKCLK[0]
                         net (fo=1, routed)           0.337     0.337    design_1_i/processing_system7_0/inst/FCLK_CLK_unbuffered[0]
    BUFGCTRL_X0Y16       BUFG (Prop_bufg_I_O)         0.029     0.366 r  design_1_i/processing_system7_0/inst/buffer_fclk_clk_0.FCLK_CLK_0_BUFG/O
                         net (fo=22095, routed)       0.929     1.295    <hidden>
    SLICE_X31Y107        FDCE                                         r  <hidden>





--------------------------------------------------------------------------------------
Path Group:  (none)
From Clock:  
  To Clock:  clk_fpga_0

Max Delay           810 Endpoints
Min Delay           810 Endpoints
--------------------------------------------------------------------------------------


Max Delay Paths
--------------------------------------------------------------------------------------
Slack:                    inf
  Source:                 <hidden>
                            (internal pin)
  Destination:            <hidden>
                            (rising edge-triggered cell DSP48E1 clocked by clk_fpga_0  {rise@0.000ns fall@5.000ns period=10.000ns})
  Path Group:             (none)
  Path Type:              Setup (Max at Slow Process Corner)
  Data Path Delay:        0.002ns  (logic 0.000ns (0.000%)  route 0.002ns (100.000%))
  Logic Levels:           0  
  Clock Uncertainty:      0.152ns  ((TSJ^2 + TIJ^2)^1/2 + DJ) / 2 + PE
    Total System Jitter     (TSJ):    0.050ns
    Total Input Jitter      (TIJ):    0.300ns
    Discrete Jitter          (DJ):    0.000ns
    Phase Error              (PE):    0.000ns

    Location             Delay type                Incr(ns)  Path(ns)    Netlist Resource(s)
  -------------------------------------------------------------------    -------------------
    DSP48_X0Y10          DSP48E1                      0.000     0.000 r  <hidden>
                         net (fo=1, routed)           0.002     0.002    <hidden>
    DSP48_X0Y11          DSP48E1                                      r  <hidden>
  -------------------------------------------------------------------    -------------------

                         (clock clk_fpga_0 rise edge)
                                                      0.000     0.000 r  
    PS7_X0Y0             PS7                          0.000     0.000 r  design_1_i/processing_system7_0/inst/PS7_i/FCLKCLK[0]
                         net (fo=1, routed)           1.088     1.088    design_1_i/processing_system7_0/inst/FCLK_CLK_unbuffered[0]
    BUFGCTRL_X0Y16       BUFG (Prop_bufg_I_O)         0.091     1.179 r  design_1_i/processing_system7_0/inst/buffer_fclk_clk_0.FCLK_CLK_0_BUFG/O
                         net (fo=22095, routed)       1.659     2.838    <hidden>
    DSP48_X0Y11          DSP48E1                                      r  <hidden>

Slack:                    inf
  Source:                 <hidden>
                            (internal pin)
  Destination:            <hidden>
                            (rising edge-triggered cell DSP48E1 clocked by clk_fpga_0  {rise@0.000ns fall@5.000ns period=10.000ns})
  Path Group:             (none)
  Path Type:              Setup (Max at Slow Process Corner)
  Data Path Delay:        0.002ns  (logic 0.000ns (0.000%)  route 0.002ns (100.000%))
  Logic Levels:           0  
  Clock Uncertainty:      0.152ns  ((TSJ^2 + TIJ^2)^1/2 + DJ) / 2 + PE
    Total System Jitter     (TSJ):    0.050ns
    Total Input Jitter      (TIJ):    0.300ns
    Discrete Jitter          (DJ):    0.000ns
    Phase Error              (PE):    0.000ns

    Location             Delay type                Incr(ns)  Path(ns)    Netlist Resource(s)
  -------------------------------------------------------------------    -------------------
    DSP48_X0Y10          DSP48E1                      0.000     0.000 r  <hidden>
                         net (fo=1, routed)           0.002     0.002    <hidden>
    DSP48_X0Y11          DSP48E1                                      r  <hidden>
  -------------------------------------------------------------------    -------------------

                         (clock clk_fpga_0 rise edge)
                                                      0.000     0.000 r  
    PS7_X0Y0             PS7                          0.000     0.000 r  design_1_i/processing_system7_0/inst/PS7_i/FCLKCLK[0]
                         net (fo=1, routed)           1.088     1.088    design_1_i/processing_system7_0/inst/FCLK_CLK_unbuffered[0]
    BUFGCTRL_X0Y16       BUFG (Prop_bufg_I_O)         0.091     1.179 r  design_1_i/processing_system7_0/inst/buffer_fclk_clk_0.FCLK_CLK_0_BUFG/O
                         net (fo=22095, routed)       1.659     2.838    <hidden>
    DSP48_X0Y11          DSP48E1                                      r  <hidden>

Slack:                    inf
  Source:                 <hidden>
                            (internal pin)
  Destination:            <hidden>
                            (rising edge-triggered cell DSP48E1 clocked by clk_fpga_0  {rise@0.000ns fall@5.000ns period=10.000ns})
  Path Group:             (none)
  Path Type:              Setup (Max at Slow Process Corner)
  Data Path Delay:        0.002ns  (logic 0.000ns (0.000%)  route 0.002ns (100.000%))
  Logic Levels:           0  
  Clock Uncertainty:      0.152ns  ((TSJ^2 + TIJ^2)^1/2 + DJ) / 2 + PE
    Total System Jitter     (TSJ):    0.050ns
    Total Input Jitter      (TIJ):    0.300ns
    Discrete Jitter          (DJ):    0.000ns
    Phase Error              (PE):    0.000ns

    Location             Delay type                Incr(ns)  Path(ns)    Netlist Resource(s)
  -------------------------------------------------------------------    -------------------
    DSP48_X0Y10          DSP48E1                      0.000     0.000 r  <hidden>
                         net (fo=1, routed)           0.002     0.002    <hidden>
    DSP48_X0Y11          DSP48E1                                      r  <hidden>
  -------------------------------------------------------------------    -------------------

                         (clock clk_fpga_0 rise edge)
                                                      0.000     0.000 r  
    PS7_X0Y0             PS7                          0.000     0.000 r  design_1_i/processing_system7_0/inst/PS7_i/FCLKCLK[0]
                         net (fo=1, routed)           1.088     1.088    design_1_i/processing_system7_0/inst/FCLK_CLK_unbuffered[0]
    BUFGCTRL_X0Y16       BUFG (Prop_bufg_I_O)         0.091     1.179 r  design_1_i/processing_system7_0/inst/buffer_fclk_clk_0.FCLK_CLK_0_BUFG/O
                         net (fo=22095, routed)       1.659     2.838    <hidden>
    DSP48_X0Y11          DSP48E1                                      r  <hidden>

Slack:                    inf
  Source:                 <hidden>
                            (internal pin)
  Destination:            <hidden>
                            (rising edge-triggered cell DSP48E1 clocked by clk_fpga_0  {rise@0.000ns fall@5.000ns period=10.000ns})
  Path Group:             (none)
  Path Type:              Setup (Max at Slow Process Corner)
  Data Path Delay:        0.002ns  (logic 0.000ns (0.000%)  route 0.002ns (100.000%))
  Logic Levels:           0  
  Clock Uncertainty:      0.152ns  ((TSJ^2 + TIJ^2)^1/2 + DJ) / 2 + PE
    Total System Jitter     (TSJ):    0.050ns
    Total Input Jitter      (TIJ):    0.300ns
    Discrete Jitter          (DJ):    0.000ns
    Phase Error              (PE):    0.000ns

    Location             Delay type                Incr(ns)  Path(ns)    Netlist Resource(s)
  -------------------------------------------------------------------    -------------------
    DSP48_X0Y10          DSP48E1                      0.000     0.000 r  <hidden>
                         net (fo=1, routed)           0.002     0.002    <hidden>
    DSP48_X0Y11          DSP48E1                                      r  <hidden>
  -------------------------------------------------------------------    -------------------

                         (clock clk_fpga_0 rise edge)
                                                      0.000     0.000 r  
    PS7_X0Y0             PS7                          0.000     0.000 r  design_1_i/processing_system7_0/inst/PS7_i/FCLKCLK[0]
                         net (fo=1, routed)           1.088     1.088    design_1_i/processing_system7_0/inst/FCLK_CLK_unbuffered[0]
    BUFGCTRL_X0Y16       BUFG (Prop_bufg_I_O)         0.091     1.179 r  design_1_i/processing_system7_0/inst/buffer_fclk_clk_0.FCLK_CLK_0_BUFG/O
                         net (fo=22095, routed)       1.659     2.838    <hidden>
    DSP48_X0Y11          DSP48E1                                      r  <hidden>

Slack:                    inf
  Source:                 <hidden>
                            (internal pin)
  Destination:            <hidden>
                            (rising edge-triggered cell DSP48E1 clocked by clk_fpga_0  {rise@0.000ns fall@5.000ns period=10.000ns})
  Path Group:             (none)
  Path Type:              Setup (Max at Slow Process Corner)
  Data Path Delay:        0.002ns  (logic 0.000ns (0.000%)  route 0.002ns (100.000%))
  Logic Levels:           0  
  Clock Uncertainty:      0.152ns  ((TSJ^2 + TIJ^2)^1/2 + DJ) / 2 + PE
    Total System Jitter     (TSJ):    0.050ns
    Total Input Jitter      (TIJ):    0.300ns
    Discrete Jitter          (DJ):    0.000ns
    Phase Error              (PE):    0.000ns

    Location             Delay type                Incr(ns)  Path(ns)    Netlist Resource(s)
  -------------------------------------------------------------------    -------------------
    DSP48_X0Y10          DSP48E1                      0.000     0.000 r  <hidden>
                         net (fo=1, routed)           0.002     0.002    <hidden>
    DSP48_X0Y11          DSP48E1                                      r  <hidden>
  -------------------------------------------------------------------    -------------------

                         (clock clk_fpga_0 rise edge)
                                                      0.000     0.000 r  
    PS7_X0Y0             PS7                          0.000     0.000 r  design_1_i/processing_system7_0/inst/PS7_i/FCLKCLK[0]
                         net (fo=1, routed)           1.088     1.088    design_1_i/processing_system7_0/inst/FCLK_CLK_unbuffered[0]
    BUFGCTRL_X0Y16       BUFG (Prop_bufg_I_O)         0.091     1.179 r  design_1_i/processing_system7_0/inst/buffer_fclk_clk_0.FCLK_CLK_0_BUFG/O
                         net (fo=22095, routed)       1.659     2.838    <hidden>
    DSP48_X0Y11          DSP48E1                                      r  <hidden>

Slack:                    inf
  Source:                 <hidden>
                            (internal pin)
  Destination:            <hidden>
                            (rising edge-triggered cell DSP48E1 clocked by clk_fpga_0  {rise@0.000ns fall@5.000ns period=10.000ns})
  Path Group:             (none)
  Path Type:              Setup (Max at Slow Process Corner)
  Data Path Delay:        0.002ns  (logic 0.000ns (0.000%)  route 0.002ns (100.000%))
  Logic Levels:           0  
  Clock Uncertainty:      0.152ns  ((TSJ^2 + TIJ^2)^1/2 + DJ) / 2 + PE
    Total System Jitter     (TSJ):    0.050ns
    Total Input Jitter      (TIJ):    0.300ns
    Discrete Jitter          (DJ):    0.000ns
    Phase Error              (PE):    0.000ns

    Location             Delay type                Incr(ns)  Path(ns)    Netlist Resource(s)
  -------------------------------------------------------------------    -------------------
    DSP48_X0Y10          DSP48E1                      0.000     0.000 r  <hidden>
                         net (fo=1, routed)           0.002     0.002    <hidden>
    DSP48_X0Y11          DSP48E1                                      r  <hidden>
  -------------------------------------------------------------------    -------------------

                         (clock clk_fpga_0 rise edge)
                                                      0.000     0.000 r  
    PS7_X0Y0             PS7                          0.000     0.000 r  design_1_i/processing_system7_0/inst/PS7_i/FCLKCLK[0]
                         net (fo=1, routed)           1.088     1.088    design_1_i/processing_system7_0/inst/FCLK_CLK_unbuffered[0]
    BUFGCTRL_X0Y16       BUFG (Prop_bufg_I_O)         0.091     1.179 r  design_1_i/processing_system7_0/inst/buffer_fclk_clk_0.FCLK_CLK_0_BUFG/O
                         net (fo=22095, routed)       1.659     2.838    <hidden>
    DSP48_X0Y11          DSP48E1                                      r  <hidden>

Slack:                    inf
  Source:                 <hidden>
                            (internal pin)
  Destination:            <hidden>
                            (rising edge-triggered cell DSP48E1 clocked by clk_fpga_0  {rise@0.000ns fall@5.000ns period=10.000ns})
  Path Group:             (none)
  Path Type:              Setup (Max at Slow Process Corner)
  Data Path Delay:        0.002ns  (logic 0.000ns (0.000%)  route 0.002ns (100.000%))
  Logic Levels:           0  
  Clock Uncertainty:      0.152ns  ((TSJ^2 + TIJ^2)^1/2 + DJ) / 2 + PE
    Total System Jitter     (TSJ):    0.050ns
    Total Input Jitter      (TIJ):    0.300ns
    Discrete Jitter          (DJ):    0.000ns
    Phase Error              (PE):    0.000ns

    Location             Delay type                Incr(ns)  Path(ns)    Netlist Resource(s)
  -------------------------------------------------------------------    -------------------
    DSP48_X0Y10          DSP48E1                      0.000     0.000 r  <hidden>
                         net (fo=1, routed)           0.002     0.002    <hidden>
    DSP48_X0Y11          DSP48E1                                      r  <hidden>
  -------------------------------------------------------------------    -------------------

                         (clock clk_fpga_0 rise edge)
                                                      0.000     0.000 r  
    PS7_X0Y0             PS7                          0.000     0.000 r  design_1_i/processing_system7_0/inst/PS7_i/FCLKCLK[0]
                         net (fo=1, routed)           1.088     1.088    design_1_i/processing_system7_0/inst/FCLK_CLK_unbuffered[0]
    BUFGCTRL_X0Y16       BUFG (Prop_bufg_I_O)         0.091     1.179 r  design_1_i/processing_system7_0/inst/buffer_fclk_clk_0.FCLK_CLK_0_BUFG/O
                         net (fo=22095, routed)       1.659     2.838    <hidden>
    DSP48_X0Y11          DSP48E1                                      r  <hidden>

Slack:                    inf
  Source:                 <hidden>
                            (internal pin)
  Destination:            <hidden>
                            (rising edge-triggered cell DSP48E1 clocked by clk_fpga_0  {rise@0.000ns fall@5.000ns period=10.000ns})
  Path Group:             (none)
  Path Type:              Setup (Max at Slow Process Corner)
  Data Path Delay:        0.002ns  (logic 0.000ns (0.000%)  route 0.002ns (100.000%))
  Logic Levels:           0  
  Clock Uncertainty:      0.152ns  ((TSJ^2 + TIJ^2)^1/2 + DJ) / 2 + PE
    Total System Jitter     (TSJ):    0.050ns
    Total Input Jitter      (TIJ):    0.300ns
    Discrete Jitter          (DJ):    0.000ns
    Phase Error              (PE):    0.000ns

    Location             Delay type                Incr(ns)  Path(ns)    Netlist Resource(s)
  -------------------------------------------------------------------    -------------------
    DSP48_X0Y10          DSP48E1                      0.000     0.000 r  <hidden>
                         net (fo=1, routed)           0.002     0.002    <hidden>
    DSP48_X0Y11          DSP48E1                                      r  <hidden>
  -------------------------------------------------------------------    -------------------

                         (clock clk_fpga_0 rise edge)
                                                      0.000     0.000 r  
    PS7_X0Y0             PS7                          0.000     0.000 r  design_1_i/processing_system7_0/inst/PS7_i/FCLKCLK[0]
                         net (fo=1, routed)           1.088     1.088    design_1_i/processing_system7_0/inst/FCLK_CLK_unbuffered[0]
    BUFGCTRL_X0Y16       BUFG (Prop_bufg_I_O)         0.091     1.179 r  design_1_i/processing_system7_0/inst/buffer_fclk_clk_0.FCLK_CLK_0_BUFG/O
                         net (fo=22095, routed)       1.659     2.838    <hidden>
    DSP48_X0Y11          DSP48E1                                      r  <hidden>

Slack:                    inf
  Source:                 <hidden>
                            (internal pin)
  Destination:            <hidden>
                            (rising edge-triggered cell DSP48E1 clocked by clk_fpga_0  {rise@0.000ns fall@5.000ns period=10.000ns})
  Path Group:             (none)
  Path Type:              Setup (Max at Slow Process Corner)
  Data Path Delay:        0.002ns  (logic 0.000ns (0.000%)  route 0.002ns (100.000%))
  Logic Levels:           0  
  Clock Uncertainty:      0.152ns  ((TSJ^2 + TIJ^2)^1/2 + DJ) / 2 + PE
    Total System Jitter     (TSJ):    0.050ns
    Total Input Jitter      (TIJ):    0.300ns
    Discrete Jitter          (DJ):    0.000ns
    Phase Error              (PE):    0.000ns

    Location             Delay type                Incr(ns)  Path(ns)    Netlist Resource(s)
  -------------------------------------------------------------------    -------------------
    DSP48_X0Y10          DSP48E1                      0.000     0.000 r  <hidden>
                         net (fo=1, routed)           0.002     0.002    <hidden>
    DSP48_X0Y11          DSP48E1                                      r  <hidden>
  -------------------------------------------------------------------    -------------------

                         (clock clk_fpga_0 rise edge)
                                                      0.000     0.000 r  
    PS7_X0Y0             PS7                          0.000     0.000 r  design_1_i/processing_system7_0/inst/PS7_i/FCLKCLK[0]
                         net (fo=1, routed)           1.088     1.088    design_1_i/processing_system7_0/inst/FCLK_CLK_unbuffered[0]
    BUFGCTRL_X0Y16       BUFG (Prop_bufg_I_O)         0.091     1.179 r  design_1_i/processing_system7_0/inst/buffer_fclk_clk_0.FCLK_CLK_0_BUFG/O
                         net (fo=22095, routed)       1.659     2.838    <hidden>
    DSP48_X0Y11          DSP48E1                                      r  <hidden>

Slack:                    inf
  Source:                 <hidden>
                            (internal pin)
  Destination:            <hidden>
                            (rising edge-triggered cell DSP48E1 clocked by clk_fpga_0  {rise@0.000ns fall@5.000ns period=10.000ns})
  Path Group:             (none)
  Path Type:              Setup (Max at Slow Process Corner)
  Data Path Delay:        0.002ns  (logic 0.000ns (0.000%)  route 0.002ns (100.000%))
  Logic Levels:           0  
  Clock Uncertainty:      0.152ns  ((TSJ^2 + TIJ^2)^1/2 + DJ) / 2 + PE
    Total System Jitter     (TSJ):    0.050ns
    Total Input Jitter      (TIJ):    0.300ns
    Discrete Jitter          (DJ):    0.000ns
    Phase Error              (PE):    0.000ns

    Location             Delay type                Incr(ns)  Path(ns)    Netlist Resource(s)
  -------------------------------------------------------------------    -------------------
    DSP48_X0Y10          DSP48E1                      0.000     0.000 r  <hidden>
                         net (fo=1, routed)           0.002     0.002    <hidden>
    DSP48_X0Y11          DSP48E1                                      r  <hidden>
  -------------------------------------------------------------------    -------------------

                         (clock clk_fpga_0 rise edge)
                                                      0.000     0.000 r  
    PS7_X0Y0             PS7                          0.000     0.000 r  design_1_i/processing_system7_0/inst/PS7_i/FCLKCLK[0]
                         net (fo=1, routed)           1.088     1.088    design_1_i/processing_system7_0/inst/FCLK_CLK_unbuffered[0]
    BUFGCTRL_X0Y16       BUFG (Prop_bufg_I_O)         0.091     1.179 r  design_1_i/processing_system7_0/inst/buffer_fclk_clk_0.FCLK_CLK_0_BUFG/O
                         net (fo=22095, routed)       1.659     2.838    <hidden>
    DSP48_X0Y11          DSP48E1                                      r  <hidden>





Min Delay Paths
--------------------------------------------------------------------------------------
Slack:                    inf
  Source:                 <hidden>
                            (internal pin)
  Destination:            <hidden>
                            (rising edge-triggered cell DSP48E1 clocked by clk_fpga_0  {rise@0.000ns fall@5.000ns period=10.000ns})
  Path Group:             (none)
  Path Type:              Hold (Min at Slow Process Corner)
  Data Path Delay:        0.002ns  (logic 0.000ns (0.000%)  route 0.002ns (100.000%))
  Logic Levels:           0  
  Clock Uncertainty:      0.152ns  ((TSJ^2 + TIJ^2)^1/2 + DJ) / 2 + PE
    Total System Jitter     (TSJ):    0.050ns
    Total Input Jitter      (TIJ):    0.300ns
    Discrete Jitter          (DJ):    0.000ns
    Phase Error              (PE):    0.000ns

    Location             Delay type                Incr(ns)  Path(ns)    Netlist Resource(s)
  -------------------------------------------------------------------    -------------------
    DSP48_X0Y10          DSP48E1                      0.000     0.000 r  <hidden>
                         net (fo=1, routed)           0.002     0.002    <hidden>
    DSP48_X0Y11          DSP48E1                                      r  <hidden>
  -------------------------------------------------------------------    -------------------

                         (clock clk_fpga_0 rise edge)
                                                      0.000     0.000 r  
    PS7_X0Y0             PS7                          0.000     0.000 r  design_1_i/processing_system7_0/inst/PS7_i/FCLKCLK[0]
                         net (fo=1, routed)           1.193     1.193    design_1_i/processing_system7_0/inst/FCLK_CLK_unbuffered[0]
    BUFGCTRL_X0Y16       BUFG (Prop_bufg_I_O)         0.101     1.294 r  design_1_i/processing_system7_0/inst/buffer_fclk_clk_0.FCLK_CLK_0_BUFG/O
                         net (fo=22095, routed)       1.833     3.127    <hidden>
    DSP48_X0Y11          DSP48E1                                      r  <hidden>

Slack:                    inf
  Source:                 <hidden>
                            (internal pin)
  Destination:            <hidden>
                            (rising edge-triggered cell DSP48E1 clocked by clk_fpga_0  {rise@0.000ns fall@5.000ns period=10.000ns})
  Path Group:             (none)
  Path Type:              Hold (Min at Slow Process Corner)
  Data Path Delay:        0.002ns  (logic 0.000ns (0.000%)  route 0.002ns (100.000%))
  Logic Levels:           0  
  Clock Uncertainty:      0.152ns  ((TSJ^2 + TIJ^2)^1/2 + DJ) / 2 + PE
    Total System Jitter     (TSJ):    0.050ns
    Total Input Jitter      (TIJ):    0.300ns
    Discrete Jitter          (DJ):    0.000ns
    Phase Error              (PE):    0.000ns

    Location             Delay type                Incr(ns)  Path(ns)    Netlist Resource(s)
  -------------------------------------------------------------------    -------------------
    DSP48_X0Y10          DSP48E1                      0.000     0.000 r  <hidden>
                         net (fo=1, routed)           0.002     0.002    <hidden>
    DSP48_X0Y11          DSP48E1                                      r  <hidden>
  -------------------------------------------------------------------    -------------------

                         (clock clk_fpga_0 rise edge)
                                                      0.000     0.000 r  
    PS7_X0Y0             PS7                          0.000     0.000 r  design_1_i/processing_system7_0/inst/PS7_i/FCLKCLK[0]
                         net (fo=1, routed)           1.193     1.193    design_1_i/processing_system7_0/inst/FCLK_CLK_unbuffered[0]
    BUFGCTRL_X0Y16       BUFG (Prop_bufg_I_O)         0.101     1.294 r  design_1_i/processing_system7_0/inst/buffer_fclk_clk_0.FCLK_CLK_0_BUFG/O
                         net (fo=22095, routed)       1.833     3.127    <hidden>
    DSP48_X0Y11          DSP48E1                                      r  <hidden>

Slack:                    inf
  Source:                 <hidden>
                            (internal pin)
  Destination:            <hidden>
                            (rising edge-triggered cell DSP48E1 clocked by clk_fpga_0  {rise@0.000ns fall@5.000ns period=10.000ns})
  Path Group:             (none)
  Path Type:              Hold (Min at Slow Process Corner)
  Data Path Delay:        0.002ns  (logic 0.000ns (0.000%)  route 0.002ns (100.000%))
  Logic Levels:           0  
  Clock Uncertainty:      0.152ns  ((TSJ^2 + TIJ^2)^1/2 + DJ) / 2 + PE
    Total System Jitter     (TSJ):    0.050ns
    Total Input Jitter      (TIJ):    0.300ns
    Discrete Jitter          (DJ):    0.000ns
    Phase Error              (PE):    0.000ns

    Location             Delay type                Incr(ns)  Path(ns)    Netlist Resource(s)
  -------------------------------------------------------------------    -------------------
    DSP48_X0Y10          DSP48E1                      0.000     0.000 r  <hidden>
                         net (fo=1, routed)           0.002     0.002    <hidden>
    DSP48_X0Y11          DSP48E1                                      r  <hidden>
  -------------------------------------------------------------------    -------------------

                         (clock clk_fpga_0 rise edge)
                                                      0.000     0.000 r  
    PS7_X0Y0             PS7                          0.000     0.000 r  design_1_i/processing_system7_0/inst/PS7_i/FCLKCLK[0]
                         net (fo=1, routed)           1.193     1.193    design_1_i/processing_system7_0/inst/FCLK_CLK_unbuffered[0]
    BUFGCTRL_X0Y16       BUFG (Prop_bufg_I_O)         0.101     1.294 r  design_1_i/processing_system7_0/inst/buffer_fclk_clk_0.FCLK_CLK_0_BUFG/O
                         net (fo=22095, routed)       1.833     3.127    <hidden>
    DSP48_X0Y11          DSP48E1                                      r  <hidden>

Slack:                    inf
  Source:                 <hidden>
                            (internal pin)
  Destination:            <hidden>
                            (rising edge-triggered cell DSP48E1 clocked by clk_fpga_0  {rise@0.000ns fall@5.000ns period=10.000ns})
  Path Group:             (none)
  Path Type:              Hold (Min at Slow Process Corner)
  Data Path Delay:        0.002ns  (logic 0.000ns (0.000%)  route 0.002ns (100.000%))
  Logic Levels:           0  
  Clock Uncertainty:      0.152ns  ((TSJ^2 + TIJ^2)^1/2 + DJ) / 2 + PE
    Total System Jitter     (TSJ):    0.050ns
    Total Input Jitter      (TIJ):    0.300ns
    Discrete Jitter          (DJ):    0.000ns
    Phase Error              (PE):    0.000ns

    Location             Delay type                Incr(ns)  Path(ns)    Netlist Resource(s)
  -------------------------------------------------------------------    -------------------
    DSP48_X0Y10          DSP48E1                      0.000     0.000 r  <hidden>
                         net (fo=1, routed)           0.002     0.002    <hidden>
    DSP48_X0Y11          DSP48E1                                      r  <hidden>
  -------------------------------------------------------------------    -------------------

                         (clock clk_fpga_0 rise edge)
                                                      0.000     0.000 r  
    PS7_X0Y0             PS7                          0.000     0.000 r  design_1_i/processing_system7_0/inst/PS7_i/FCLKCLK[0]
                         net (fo=1, routed)           1.193     1.193    design_1_i/processing_system7_0/inst/FCLK_CLK_unbuffered[0]
    BUFGCTRL_X0Y16       BUFG (Prop_bufg_I_O)         0.101     1.294 r  design_1_i/processing_system7_0/inst/buffer_fclk_clk_0.FCLK_CLK_0_BUFG/O
                         net (fo=22095, routed)       1.833     3.127    <hidden>
    DSP48_X0Y11          DSP48E1                                      r  <hidden>

Slack:                    inf
  Source:                 <hidden>
                            (internal pin)
  Destination:            <hidden>
                            (rising edge-triggered cell DSP48E1 clocked by clk_fpga_0  {rise@0.000ns fall@5.000ns period=10.000ns})
  Path Group:             (none)
  Path Type:              Hold (Min at Slow Process Corner)
  Data Path Delay:        0.002ns  (logic 0.000ns (0.000%)  route 0.002ns (100.000%))
  Logic Levels:           0  
  Clock Uncertainty:      0.152ns  ((TSJ^2 + TIJ^2)^1/2 + DJ) / 2 + PE
    Total System Jitter     (TSJ):    0.050ns
    Total Input Jitter      (TIJ):    0.300ns
    Discrete Jitter          (DJ):    0.000ns
    Phase Error              (PE):    0.000ns

    Location             Delay type                Incr(ns)  Path(ns)    Netlist Resource(s)
  -------------------------------------------------------------------    -------------------
    DSP48_X0Y10          DSP48E1                      0.000     0.000 r  <hidden>
                         net (fo=1, routed)           0.002     0.002    <hidden>
    DSP48_X0Y11          DSP48E1                                      r  <hidden>
  -------------------------------------------------------------------    -------------------

                         (clock clk_fpga_0 rise edge)
                                                      0.000     0.000 r  
    PS7_X0Y0             PS7                          0.000     0.000 r  design_1_i/processing_system7_0/inst/PS7_i/FCLKCLK[0]
                         net (fo=1, routed)           1.193     1.193    design_1_i/processing_system7_0/inst/FCLK_CLK_unbuffered[0]
    BUFGCTRL_X0Y16       BUFG (Prop_bufg_I_O)         0.101     1.294 r  design_1_i/processing_system7_0/inst/buffer_fclk_clk_0.FCLK_CLK_0_BUFG/O
                         net (fo=22095, routed)       1.833     3.127    <hidden>
    DSP48_X0Y11          DSP48E1                                      r  <hidden>

Slack:                    inf
  Source:                 <hidden>
                            (internal pin)
  Destination:            <hidden>
                            (rising edge-triggered cell DSP48E1 clocked by clk_fpga_0  {rise@0.000ns fall@5.000ns period=10.000ns})
  Path Group:             (none)
  Path Type:              Hold (Min at Slow Process Corner)
  Data Path Delay:        0.002ns  (logic 0.000ns (0.000%)  route 0.002ns (100.000%))
  Logic Levels:           0  
  Clock Uncertainty:      0.152ns  ((TSJ^2 + TIJ^2)^1/2 + DJ) / 2 + PE
    Total System Jitter     (TSJ):    0.050ns
    Total Input Jitter      (TIJ):    0.300ns
    Discrete Jitter          (DJ):    0.000ns
    Phase Error              (PE):    0.000ns

    Location             Delay type                Incr(ns)  Path(ns)    Netlist Resource(s)
  -------------------------------------------------------------------    -------------------
    DSP48_X0Y10          DSP48E1                      0.000     0.000 r  <hidden>
                         net (fo=1, routed)           0.002     0.002    <hidden>
    DSP48_X0Y11          DSP48E1                                      r  <hidden>
  -------------------------------------------------------------------    -------------------

                         (clock clk_fpga_0 rise edge)
                                                      0.000     0.000 r  
    PS7_X0Y0             PS7                          0.000     0.000 r  design_1_i/processing_system7_0/inst/PS7_i/FCLKCLK[0]
                         net (fo=1, routed)           1.193     1.193    design_1_i/processing_system7_0/inst/FCLK_CLK_unbuffered[0]
    BUFGCTRL_X0Y16       BUFG (Prop_bufg_I_O)         0.101     1.294 r  design_1_i/processing_system7_0/inst/buffer_fclk_clk_0.FCLK_CLK_0_BUFG/O
                         net (fo=22095, routed)       1.833     3.127    <hidden>
    DSP48_X0Y11          DSP48E1                                      r  <hidden>

Slack:                    inf
  Source:                 <hidden>
                            (internal pin)
  Destination:            <hidden>
                            (rising edge-triggered cell DSP48E1 clocked by clk_fpga_0  {rise@0.000ns fall@5.000ns period=10.000ns})
  Path Group:             (none)
  Path Type:              Hold (Min at Slow Process Corner)
  Data Path Delay:        0.002ns  (logic 0.000ns (0.000%)  route 0.002ns (100.000%))
  Logic Levels:           0  
  Clock Uncertainty:      0.152ns  ((TSJ^2 + TIJ^2)^1/2 + DJ) / 2 + PE
    Total System Jitter     (TSJ):    0.050ns
    Total Input Jitter      (TIJ):    0.300ns
    Discrete Jitter          (DJ):    0.000ns
    Phase Error              (PE):    0.000ns

    Location             Delay type                Incr(ns)  Path(ns)    Netlist Resource(s)
  -------------------------------------------------------------------    -------------------
    DSP48_X0Y10          DSP48E1                      0.000     0.000 r  <hidden>
                         net (fo=1, routed)           0.002     0.002    <hidden>
    DSP48_X0Y11          DSP48E1                                      r  <hidden>
  -------------------------------------------------------------------    -------------------

                         (clock clk_fpga_0 rise edge)
                                                      0.000     0.000 r  
    PS7_X0Y0             PS7                          0.000     0.000 r  design_1_i/processing_system7_0/inst/PS7_i/FCLKCLK[0]
                         net (fo=1, routed)           1.193     1.193    design_1_i/processing_system7_0/inst/FCLK_CLK_unbuffered[0]
    BUFGCTRL_X0Y16       BUFG (Prop_bufg_I_O)         0.101     1.294 r  design_1_i/processing_system7_0/inst/buffer_fclk_clk_0.FCLK_CLK_0_BUFG/O
                         net (fo=22095, routed)       1.833     3.127    <hidden>
    DSP48_X0Y11          DSP48E1                                      r  <hidden>

Slack:                    inf
  Source:                 <hidden>
                            (internal pin)
  Destination:            <hidden>
                            (rising edge-triggered cell DSP48E1 clocked by clk_fpga_0  {rise@0.000ns fall@5.000ns period=10.000ns})
  Path Group:             (none)
  Path Type:              Hold (Min at Slow Process Corner)
  Data Path Delay:        0.002ns  (logic 0.000ns (0.000%)  route 0.002ns (100.000%))
  Logic Levels:           0  
  Clock Uncertainty:      0.152ns  ((TSJ^2 + TIJ^2)^1/2 + DJ) / 2 + PE
    Total System Jitter     (TSJ):    0.050ns
    Total Input Jitter      (TIJ):    0.300ns
    Discrete Jitter          (DJ):    0.000ns
    Phase Error              (PE):    0.000ns

    Location             Delay type                Incr(ns)  Path(ns)    Netlist Resource(s)
  -------------------------------------------------------------------    -------------------
    DSP48_X0Y10          DSP48E1                      0.000     0.000 r  <hidden>
                         net (fo=1, routed)           0.002     0.002    <hidden>
    DSP48_X0Y11          DSP48E1                                      r  <hidden>
  -------------------------------------------------------------------    -------------------

                         (clock clk_fpga_0 rise edge)
                                                      0.000     0.000 r  
    PS7_X0Y0             PS7                          0.000     0.000 r  design_1_i/processing_system7_0/inst/PS7_i/FCLKCLK[0]
                         net (fo=1, routed)           1.193     1.193    design_1_i/processing_system7_0/inst/FCLK_CLK_unbuffered[0]
    BUFGCTRL_X0Y16       BUFG (Prop_bufg_I_O)         0.101     1.294 r  design_1_i/processing_system7_0/inst/buffer_fclk_clk_0.FCLK_CLK_0_BUFG/O
                         net (fo=22095, routed)       1.833     3.127    <hidden>
    DSP48_X0Y11          DSP48E1                                      r  <hidden>

Slack:                    inf
  Source:                 <hidden>
                            (internal pin)
  Destination:            <hidden>
                            (rising edge-triggered cell DSP48E1 clocked by clk_fpga_0  {rise@0.000ns fall@5.000ns period=10.000ns})
  Path Group:             (none)
  Path Type:              Hold (Min at Slow Process Corner)
  Data Path Delay:        0.002ns  (logic 0.000ns (0.000%)  route 0.002ns (100.000%))
  Logic Levels:           0  
  Clock Uncertainty:      0.152ns  ((TSJ^2 + TIJ^2)^1/2 + DJ) / 2 + PE
    Total System Jitter     (TSJ):    0.050ns
    Total Input Jitter      (TIJ):    0.300ns
    Discrete Jitter          (DJ):    0.000ns
    Phase Error              (PE):    0.000ns

    Location             Delay type                Incr(ns)  Path(ns)    Netlist Resource(s)
  -------------------------------------------------------------------    -------------------
    DSP48_X0Y10          DSP48E1                      0.000     0.000 r  <hidden>
                         net (fo=1, routed)           0.002     0.002    <hidden>
    DSP48_X0Y11          DSP48E1                                      r  <hidden>
  -------------------------------------------------------------------    -------------------

                         (clock clk_fpga_0 rise edge)
                                                      0.000     0.000 r  
    PS7_X0Y0             PS7                          0.000     0.000 r  design_1_i/processing_system7_0/inst/PS7_i/FCLKCLK[0]
                         net (fo=1, routed)           1.193     1.193    design_1_i/processing_system7_0/inst/FCLK_CLK_unbuffered[0]
    BUFGCTRL_X0Y16       BUFG (Prop_bufg_I_O)         0.101     1.294 r  design_1_i/processing_system7_0/inst/buffer_fclk_clk_0.FCLK_CLK_0_BUFG/O
                         net (fo=22095, routed)       1.833     3.127    <hidden>
    DSP48_X0Y11          DSP48E1                                      r  <hidden>

Slack:                    inf
  Source:                 <hidden>
                            (internal pin)
  Destination:            <hidden>
                            (rising edge-triggered cell DSP48E1 clocked by clk_fpga_0  {rise@0.000ns fall@5.000ns period=10.000ns})
  Path Group:             (none)
  Path Type:              Hold (Min at Slow Process Corner)
  Data Path Delay:        0.002ns  (logic 0.000ns (0.000%)  route 0.002ns (100.000%))
  Logic Levels:           0  
  Clock Uncertainty:      0.152ns  ((TSJ^2 + TIJ^2)^1/2 + DJ) / 2 + PE
    Total System Jitter     (TSJ):    0.050ns
    Total Input Jitter      (TIJ):    0.300ns
    Discrete Jitter          (DJ):    0.000ns
    Phase Error              (PE):    0.000ns

    Location             Delay type                Incr(ns)  Path(ns)    Netlist Resource(s)
  -------------------------------------------------------------------    -------------------
    DSP48_X0Y10          DSP48E1                      0.000     0.000 r  <hidden>
                         net (fo=1, routed)           0.002     0.002    <hidden>
    DSP48_X0Y11          DSP48E1                                      r  <hidden>
  -------------------------------------------------------------------    -------------------

                         (clock clk_fpga_0 rise edge)
                                                      0.000     0.000 r  
    PS7_X0Y0             PS7                          0.000     0.000 r  design_1_i/processing_system7_0/inst/PS7_i/FCLKCLK[0]
                         net (fo=1, routed)           1.193     1.193    design_1_i/processing_system7_0/inst/FCLK_CLK_unbuffered[0]
    BUFGCTRL_X0Y16       BUFG (Prop_bufg_I_O)         0.101     1.294 r  design_1_i/processing_system7_0/inst/buffer_fclk_clk_0.FCLK_CLK_0_BUFG/O
                         net (fo=22095, routed)       1.833     3.127    <hidden>
    DSP48_X0Y11          DSP48E1                                      r  <hidden>





