

================================================================
== Vitis HLS Report for 'filter_kernel_Pipeline_VITIS_LOOP_137_8'
================================================================
* Date:           Wed Mar 19 23:02:45 2025

* Version:        2024.2 (Build 5238294 on Nov  8 2024)
* Project:        filter
* Solution:       hls (Vivado IP Flow Target)
* Product family: zynq
* Target device:  xc7z020-clg400-1


================================================================
== Performance Estimates
================================================================
+ Timing: 
    * Summary: 
    +--------+----------+----------+------------+
    |  Clock |  Target  | Estimated| Uncertainty|
    +--------+----------+----------+------------+
    |ap_clk  |  10.00 ns|  7.256 ns|     2.70 ns|
    +--------+----------+----------+------------+

+ Latency: 
    * Summary: 
    +---------+---------+----------+----------+-----+-----+------------------------------------------------+
    |  Latency (cycles) |  Latency (absolute) |  Interval |                    Pipeline                    |
    |   min   |   max   |    min   |    max   | min | max |                      Type                      |
    +---------+---------+----------+----------+-----+-----+------------------------------------------------+
    |        ?|        ?|         ?|         ?|    0|    0|  loop auto-rewind stp (delay=0 clock cycles(s))|
    +---------+---------+----------+----------+-----+-----+------------------------------------------------+

    + Detail: 
        * Instance: 
        N/A

        * Loop: 
        +--------------------+---------+---------+----------+-----------+-----------+------+----------+
        |                    |  Latency (cycles) | Iteration|  Initiation Interval  | Trip |          |
        |      Loop Name     |   min   |   max   |  Latency |  achieved |   target  | Count| Pipelined|
        +--------------------+---------+---------+----------+-----------+-----------+------+----------+
        |- VITIS_LOOP_137_8  |        ?|        ?|        64|          1|          1|     ?|       yes|
        +--------------------+---------+---------+----------+-----------+-----------+------+----------+

============================================================
+ Verbose Summary: Synthesis Manager
============================================================
InlineROM: 1
ExposeGlobal: 0
============================================================
+ Verbose Summary: CDFG Model
============================================================
IsTopModel: 0
ResetActiveHigh: 1
IsCombinational: 0
IsDatapathOnly: 0
HasWiredReturn: 1
HasMFsm: 2
HasVarLatency: 1
IsPipeline: 0
IsRtlPipelined: 0
IsInstanceOverlapped: 0
IsDontTouch: 0
HasImplIP: 0
IsGatedGlobalClock: 0

+ Individual pipeline summary: 
  * Pipeline-0: initiation interval (II) = 1, depth = 64


============================================================
+ Verbose Summary: Schedule
============================================================
* Number of FSM states : 64
* Pipeline : 1
  Pipeline-0 : II = 1, D = 64, States = { 1 2 3 4 5 6 7 8 9 10 11 12 13 14 15 16 17 18 19 20 21 22 23 24 25 26 27 28 29 30 31 32 33 34 35 36 37 38 39 40 41 42 43 44 45 46 47 48 49 50 51 52 53 54 55 56 57 58 59 60 61 62 63 64 }
* Dataflow Pipeline: 0

* FSM state transitions: 
1 --> 2 
2 --> 3 
3 --> 4 
4 --> 5 
5 --> 6 
6 --> 7 
7 --> 8 
8 --> 9 
9 --> 10 
10 --> 11 
11 --> 12 
12 --> 13 
13 --> 14 
14 --> 15 
15 --> 16 
16 --> 17 
17 --> 18 
18 --> 19 
19 --> 20 
20 --> 21 
21 --> 22 
22 --> 23 
23 --> 24 
24 --> 25 
25 --> 26 
26 --> 27 
27 --> 28 
28 --> 29 
29 --> 30 
30 --> 31 
31 --> 32 
32 --> 33 
33 --> 34 
34 --> 35 
35 --> 36 
36 --> 37 
37 --> 38 
38 --> 39 
39 --> 40 
40 --> 41 
41 --> 42 
42 --> 43 
43 --> 44 
44 --> 45 
45 --> 46 
46 --> 47 
47 --> 48 
48 --> 49 
49 --> 50 
50 --> 51 
51 --> 52 
52 --> 53 
53 --> 54 
54 --> 55 
55 --> 56 
56 --> 57 
57 --> 58 
58 --> 59 
59 --> 60 
60 --> 61 
61 --> 62 
62 --> 63 
63 --> 64 
64 --> 

* FSM state operations: 

State 1 <SV = 0> <Delay = 5.72>
ST_1 : Operation 67 [1/1] (0.00ns)   --->   "%src_col_1 = alloca i32 1" [filter.cpp:41->filter.cpp:151]   --->   Operation 67 'alloca' 'src_col_1' <Predicate = true> <Delay = 0.00>
ST_1 : Operation 68 [1/1] (0.00ns)   --->   "%specaxissidechannel_ln0 = specaxissidechannel void @_ssdm_op_SpecAXISSideChannel, i32 %output_stream_V_data_V, i4 %output_stream_V_keep_V, i4 %output_stream_V_strb_V, i1 0, i1 %output_stream_V_last_V, i1 0, i1 0, void @empty_9"   --->   Operation 68 'specaxissidechannel' 'specaxissidechannel_ln0' <Predicate = true> <Delay = 0.00>
ST_1 : Operation 69 [1/1] (0.00ns)   --->   "%specaxissidechannel_ln0 = specaxissidechannel void @_ssdm_op_SpecAXISSideChannel, i32 %input_stream_V_data_V, i4 %input_stream_V_keep_V, i4 %input_stream_V_strb_V, i1 0, i1 %input_stream_V_last_V, i1 0, i1 0, void @empty_10"   --->   Operation 69 'specaxissidechannel' 'specaxissidechannel_ln0' <Predicate = true> <Delay = 0.00>
ST_1 : Operation 70 [1/1] (0.00ns)   --->   "%specinterface_ln0 = specinterface void @_ssdm_op_SpecInterface, i1 %output_stream_V_last_V, i4 %output_stream_V_strb_V, i4 %output_stream_V_keep_V, i32 %output_stream_V_data_V, void @empty_8, i32 0, i32 0, void @empty_0, i32 0, i32 0, void @empty_3, void @empty_3, void @empty_3, i32 0, i32 0, i32 0, i32 0, void @empty_3, void @empty_3, i32 4294967295, i32 0, i32 0"   --->   Operation 70 'specinterface' 'specinterface_ln0' <Predicate = true> <Delay = 0.00>
ST_1 : Operation 71 [1/1] (0.00ns)   --->   "%specinterface_ln0 = specinterface void @_ssdm_op_SpecInterface, i1 %input_stream_V_last_V, i4 %input_stream_V_strb_V, i4 %input_stream_V_keep_V, i32 %input_stream_V_data_V, void @empty_8, i32 0, i32 0, void @empty_0, i32 0, i32 0, void @empty_3, void @empty_3, void @empty_3, i32 0, i32 0, i32 0, i32 0, void @empty_3, void @empty_3, i32 4294967295, i32 0, i32 0"   --->   Operation 71 'specinterface' 'specinterface_ln0' <Predicate = true> <Delay = 0.00>
ST_1 : Operation 72 [1/1] (0.00ns)   --->   "%buffer_row_read = read i2 @_ssdm_op_Read.ap_auto.i2, i2 %buffer_row"   --->   Operation 72 'read' 'buffer_row_read' <Predicate = true> <Delay = 0.00>
ST_1 : Operation 73 [1/1] (0.00ns)   --->   "%phi_urem_read = read i2 @_ssdm_op_Read.ap_auto.i2, i2 %phi_urem"   --->   Operation 73 'read' 'phi_urem_read' <Predicate = true> <Delay = 0.00>
ST_1 : Operation 74 [1/1] (0.00ns)   --->   "%sub23_i_read = read i11 @_ssdm_op_Read.ap_auto.i11, i11 %sub23_i"   --->   Operation 74 'read' 'sub23_i_read' <Predicate = true> <Delay = 0.00>
ST_1 : Operation 75 [1/1] (0.00ns)   --->   "%tmp = read i32 @_ssdm_op_Read.ap_auto.float, i32 %empty"   --->   Operation 75 'read' 'tmp' <Predicate = true> <Delay = 0.00>
ST_1 : Operation 76 [1/1] (0.00ns)   --->   "%tmp_26 = read i32 @_ssdm_op_Read.ap_auto.float, i32 %empty_30"   --->   Operation 76 'read' 'tmp_26' <Predicate = true> <Delay = 0.00>
ST_1 : Operation 77 [1/1] (0.00ns)   --->   "%tmp_28 = read i32 @_ssdm_op_Read.ap_auto.float, i32 %empty_29"   --->   Operation 77 'read' 'tmp_28' <Predicate = true> <Delay = 0.00>
ST_1 : Operation 78 [1/1] (0.00ns)   --->   "%tmp_30 = read i32 @_ssdm_op_Read.ap_auto.float, i32 %empty_28"   --->   Operation 78 'read' 'tmp_30' <Predicate = true> <Delay = 0.00>
ST_1 : Operation 79 [1/1] (0.00ns)   --->   "%tmp_32 = read i32 @_ssdm_op_Read.ap_auto.float, i32 %empty_27"   --->   Operation 79 'read' 'tmp_32' <Predicate = true> <Delay = 0.00>
ST_1 : Operation 80 [1/1] (0.00ns)   --->   "%tmp_34 = read i32 @_ssdm_op_Read.ap_auto.float, i32 %empty_26"   --->   Operation 80 'read' 'tmp_34' <Predicate = true> <Delay = 0.00>
ST_1 : Operation 81 [1/1] (0.00ns)   --->   "%tmp_36 = read i32 @_ssdm_op_Read.ap_auto.float, i32 %empty_25"   --->   Operation 81 'read' 'tmp_36' <Predicate = true> <Delay = 0.00>
ST_1 : Operation 82 [1/1] (0.00ns)   --->   "%tmp_47 = read i32 @_ssdm_op_Read.ap_auto.float, i32 %empty_24"   --->   Operation 82 'read' 'tmp_47' <Predicate = true> <Delay = 0.00>
ST_1 : Operation 83 [1/1] (0.00ns)   --->   "%tmp_48 = read i32 @_ssdm_op_Read.ap_auto.float, i32 %empty_23"   --->   Operation 83 'read' 'tmp_48' <Predicate = true> <Delay = 0.00>
ST_1 : Operation 84 [1/1] (0.00ns)   --->   "%tmp_49 = read i2 @_ssdm_op_Read.ap_auto.i2, i2 %empty_22"   --->   Operation 84 'read' 'tmp_49' <Predicate = true> <Delay = 0.00>
ST_1 : Operation 85 [1/1] (0.00ns)   --->   "%width_read = read i32 @_ssdm_op_Read.ap_auto.i32, i32 %width"   --->   Operation 85 'read' 'width_read' <Predicate = true> <Delay = 0.00>
ST_1 : Operation 86 [1/1] (1.58ns)   --->   "%store_ln41 = store i31 0, i31 %src_col_1" [filter.cpp:41->filter.cpp:151]   --->   Operation 86 'store' 'store_ln41' <Predicate = true> <Delay = 1.58>
ST_1 : Operation 87 [1/1] (0.00ns)   --->   "%br_ln137 = br void %for.body57" [filter.cpp:137]   --->   Operation 87 'br' 'br_ln137' <Predicate = true> <Delay = 0.00>
ST_1 : Operation 88 [1/1] (0.00ns)   --->   "%col = load i31 %src_col_1" [filter.cpp:137]   --->   Operation 88 'load' 'col' <Predicate = true> <Delay = 0.00>
ST_1 : Operation 89 [1/1] (0.00ns)   --->   "%zext_ln137_1 = zext i31 %col" [filter.cpp:137]   --->   Operation 89 'zext' 'zext_ln137_1' <Predicate = true> <Delay = 0.00>
ST_1 : Operation 90 [1/1] (2.55ns)   --->   "%icmp_ln137 = icmp_slt  i32 %zext_ln137_1, i32 %width_read" [filter.cpp:137]   --->   Operation 90 'icmp' 'icmp_ln137' <Predicate = true> <Delay = 2.55> <CoreInst = "Cmp">   --->   Core 9 'Cmp' <Latency = 0> <II = 1> <Delay = 2.55> <FuncUnit> <Opcode : 'seteq' 'setne' 'setle' 'setge' 'setlt' 'setgt'> <InPorts = 2> <OutPorts = 1>
ST_1 : Operation 91 [1/1] (2.52ns)   --->   "%add_ln137 = add i31 %col, i31 1" [filter.cpp:137]   --->   Operation 91 'add' 'add_ln137' <Predicate = true> <Delay = 2.52> <CoreInst = "Adder">   --->   Core 1 'Adder' <Latency = 0> <II = 1> <Delay = 2.52> <FuncUnit> <Opcode : 'add' 'sub'> <InPorts = 2> <OutPorts = 1>
ST_1 : Operation 92 [1/1] (0.00ns)   --->   "%br_ln137 = br i1 %icmp_ln137, void %for.inc69.loopexit.exitStub, void %for.body57.split" [filter.cpp:137]   --->   Operation 92 'br' 'br_ln137' <Predicate = true> <Delay = 0.00>
ST_1 : Operation 93 [1/1] (2.52ns)   --->   "%empty_32 = add i32 %zext_ln137_1, i32 4294967295" [filter.cpp:137]   --->   Operation 93 'add' 'empty_32' <Predicate = (icmp_ln137)> <Delay = 2.52> <CoreInst = "Adder">   --->   Core 1 'Adder' <Latency = 0> <II = 1> <Delay = 2.52> <FuncUnit> <Opcode : 'add' 'sub'> <InPorts = 2> <OutPorts = 1>
ST_1 : Operation 94 [1/1] (0.00ns)   --->   "%tmp_50 = bitselect i1 @_ssdm_op_BitSelect.i1.i32.i32, i32 %empty_32, i32 31" [filter.cpp:137]   --->   Operation 94 'bitselect' 'tmp_50' <Predicate = (icmp_ln137)> <Delay = 0.00>
ST_1 : Operation 95 [1/1] (0.00ns)   --->   "%trunc_ln45 = trunc i32 %empty_32" [filter.cpp:45->filter.cpp:151]   --->   Operation 95 'trunc' 'trunc_ln45' <Predicate = (icmp_ln137)> <Delay = 0.00>
ST_1 : Operation 96 [1/1] (0.69ns)   --->   "%src_col = select i1 %tmp_50, i11 0, i11 %trunc_ln45" [filter.cpp:45->filter.cpp:151]   --->   Operation 96 'select' 'src_col' <Predicate = (icmp_ln137)> <Delay = 0.69> <CoreInst = "Sel">   --->   Core 73 'Sel' <Latency = 0> <II = 1> <Delay = 0.69> <FuncUnit> <Opcode : 'select'> <InPorts = 3> <OutPorts = 1>
ST_1 : Operation 97 [1/1] (1.56ns)   --->   "%switch_ln19 = switch i2 %phi_urem_read, void %arrayidx206.i70.case.2, i2 0, void %arrayidx206.i70.case.0, i2 1, void %arrayidx206.i70.case.1" [filter.cpp:19->filter.cpp:145]   --->   Operation 97 'switch' 'switch_ln19' <Predicate = (icmp_ln137)> <Delay = 1.56>
ST_1 : Operation 98 [1/1] (1.58ns)   --->   "%store_ln41 = store i31 %add_ln137, i31 %src_col_1" [filter.cpp:41->filter.cpp:151]   --->   Operation 98 'store' 'store_ln41' <Predicate = (icmp_ln137)> <Delay = 1.58>

State 2 <SV = 1> <Delay = 3.77>
ST_2 : Operation 99 [1/1] (0.00ns)   --->   "%zext_ln137 = zext i31 %col" [filter.cpp:137]   --->   Operation 99 'zext' 'zext_ln137' <Predicate = true> <Delay = 0.00>
ST_2 : Operation 100 [1/1] (0.51ns)   --->   "%empty_31 = read i41 @_ssdm_op_Read.axis.volatile.i32P0A.i4P0A.i4P0A.i1P0A, i32 %input_stream_V_data_V, i4 %input_stream_V_keep_V, i4 %input_stream_V_strb_V, i1 %input_stream_V_last_V" [filter.cpp:144]   --->   Operation 100 'read' 'empty_31' <Predicate = true> <Delay = 0.51> <CoreInst = "regslice">   --->   Core 135 'regslice' <Latency = 0> <II = 1> <Delay = 1.86> <Adapter> <Opcode : 'read' 'write'>
ST_2 : Operation 101 [1/1] (0.00ns)   --->   "%in_pixel_data = extractvalue i41 %empty_31" [filter.cpp:144]   --->   Operation 101 'extractvalue' 'in_pixel_data' <Predicate = true> <Delay = 0.00>
ST_2 : Operation 102 [1/1] (0.00ns)   --->   "%trunc_ln19 = trunc i32 %in_pixel_data" [filter.cpp:19->filter.cpp:145]   --->   Operation 102 'trunc' 'trunc_ln19' <Predicate = true> <Delay = 0.00>
ST_2 : Operation 103 [1/1] (0.00ns)   --->   "%line_buffer_addr = getelementptr i8 %line_buffer, i64 0, i64 %zext_ln137" [filter.cpp:19->filter.cpp:145]   --->   Operation 103 'getelementptr' 'line_buffer_addr' <Predicate = true> <Delay = 0.00>
ST_2 : Operation 104 [1/1] (0.00ns)   --->   "%line_buffer_3_addr = getelementptr i8 %line_buffer_3, i64 0, i64 %zext_ln137" [filter.cpp:19->filter.cpp:145]   --->   Operation 104 'getelementptr' 'line_buffer_3_addr' <Predicate = true> <Delay = 0.00>
ST_2 : Operation 105 [1/1] (0.00ns)   --->   "%line_buffer_6_addr = getelementptr i8 %line_buffer_6, i64 0, i64 %zext_ln137" [filter.cpp:19->filter.cpp:145]   --->   Operation 105 'getelementptr' 'line_buffer_6_addr' <Predicate = true> <Delay = 0.00>
ST_2 : Operation 106 [1/1] (0.00ns)   --->   "%tmp_1 = partselect i8 @_ssdm_op_PartSelect.i8.i32.i32, i32 %in_pixel_data, i32 8" [filter.cpp:20->filter.cpp:145]   --->   Operation 106 'partselect' 'tmp_1' <Predicate = true> <Delay = 0.00>
ST_2 : Operation 107 [1/1] (0.00ns)   --->   "%line_buffer_1_addr = getelementptr i8 %line_buffer_1, i64 0, i64 %zext_ln137" [filter.cpp:20->filter.cpp:145]   --->   Operation 107 'getelementptr' 'line_buffer_1_addr' <Predicate = true> <Delay = 0.00>
ST_2 : Operation 108 [1/1] (0.00ns)   --->   "%line_buffer_4_addr = getelementptr i8 %line_buffer_4, i64 0, i64 %zext_ln137" [filter.cpp:20->filter.cpp:145]   --->   Operation 108 'getelementptr' 'line_buffer_4_addr' <Predicate = true> <Delay = 0.00>
ST_2 : Operation 109 [1/1] (0.00ns)   --->   "%line_buffer_7_addr = getelementptr i8 %line_buffer_7, i64 0, i64 %zext_ln137" [filter.cpp:20->filter.cpp:145]   --->   Operation 109 'getelementptr' 'line_buffer_7_addr' <Predicate = true> <Delay = 0.00>
ST_2 : Operation 110 [1/1] (0.00ns)   --->   "%tmp_2 = partselect i8 @_ssdm_op_PartSelect.i8.i32.i32, i32 %in_pixel_data, i32 16" [filter.cpp:21->filter.cpp:145]   --->   Operation 110 'partselect' 'tmp_2' <Predicate = true> <Delay = 0.00>
ST_2 : Operation 111 [1/1] (0.00ns)   --->   "%line_buffer_2_addr = getelementptr i8 %line_buffer_2, i64 0, i64 %zext_ln137" [filter.cpp:21->filter.cpp:145]   --->   Operation 111 'getelementptr' 'line_buffer_2_addr' <Predicate = true> <Delay = 0.00>
ST_2 : Operation 112 [1/1] (0.00ns)   --->   "%line_buffer_5_addr = getelementptr i8 %line_buffer_5, i64 0, i64 %zext_ln137" [filter.cpp:21->filter.cpp:145]   --->   Operation 112 'getelementptr' 'line_buffer_5_addr' <Predicate = true> <Delay = 0.00>
ST_2 : Operation 113 [1/1] (0.00ns)   --->   "%line_buffer_8_addr = getelementptr i8 %line_buffer_8, i64 0, i64 %zext_ln137" [filter.cpp:21->filter.cpp:145]   --->   Operation 113 'getelementptr' 'line_buffer_8_addr' <Predicate = true> <Delay = 0.00>
ST_2 : Operation 114 [1/1] (0.00ns)   --->   "%add_ln137_cast = zext i31 %add_ln137" [filter.cpp:137]   --->   Operation 114 'zext' 'add_ln137_cast' <Predicate = true> <Delay = 0.00>
ST_2 : Operation 115 [1/1] (2.55ns)   --->   "%slt = icmp_slt  i32 %add_ln137_cast, i32 %width_read" [filter.cpp:137]   --->   Operation 115 'icmp' 'slt' <Predicate = true> <Delay = 2.55> <CoreInst = "Cmp">   --->   Core 9 'Cmp' <Latency = 0> <II = 1> <Delay = 2.55> <FuncUnit> <Opcode : 'seteq' 'setne' 'setle' 'setge' 'setlt' 'setgt'> <InPorts = 2> <OutPorts = 1>
ST_2 : Operation 116 [1/1] (0.00ns) (grouped into LUT with out node src_col_4)   --->   "%rev59 = xor i1 %slt, i1 1" [filter.cpp:137]   --->   Operation 116 'xor' 'rev59' <Predicate = true> <Delay = 0.00> <CoreInst = "LogicGate">   --->   Core 74 'LogicGate' <Latency = 0> <II = 1> <Delay = 0.97> <FuncUnit> <Opcode : 'and' 'or' 'xor'> <InPorts = 2> <OutPorts = 1>
ST_2 : Operation 117 [1/1] (0.00ns) (grouped into LUT with out node src_col_4)   --->   "%trunc_ln45_1 = trunc i31 %add_ln137" [filter.cpp:45->filter.cpp:151]   --->   Operation 117 'trunc' 'trunc_ln45_1' <Predicate = true> <Delay = 0.00>
ST_2 : Operation 118 [1/1] (0.97ns) (out node of the LUT)   --->   "%src_col_4 = select i1 %rev59, i11 %sub23_i_read, i11 %trunc_ln45_1" [filter.cpp:45->filter.cpp:151]   --->   Operation 118 'select' 'src_col_4' <Predicate = true> <Delay = 0.97> <CoreInst = "Sel">   --->   Core 73 'Sel' <Latency = 0> <II = 1> <Delay = 0.69> <FuncUnit> <Opcode : 'select'> <InPorts = 3> <OutPorts = 1>
ST_2 : Operation 119 [1/1] ( I:3.25ns O:3.25ns )   --->   "%store_ln19 = store i8 %trunc_ln19, i11 %line_buffer_3_addr" [filter.cpp:19->filter.cpp:145]   --->   Operation 119 'store' 'store_ln19' <Predicate = (phi_urem_read == 1)> <Delay = 3.25> <CoreInst = "RAM_1WnR">   --->   Core 82 'RAM_1WnR' <Latency = 1> <II = 1> <Delay = 3.25> <Storage> <Opcode : 'load' 'store'> <Ports = 17> <Width = 8> <Depth = 1920> <RAM>
ST_2 : Operation 120 [1/1] ( I:3.25ns O:3.25ns )   --->   "%store_ln20 = store i8 %tmp_1, i11 %line_buffer_4_addr" [filter.cpp:20->filter.cpp:145]   --->   Operation 120 'store' 'store_ln20' <Predicate = (phi_urem_read == 1)> <Delay = 3.25> <CoreInst = "RAM_1WnR">   --->   Core 82 'RAM_1WnR' <Latency = 1> <II = 1> <Delay = 3.25> <Storage> <Opcode : 'load' 'store'> <Ports = 17> <Width = 8> <Depth = 1920> <RAM>
ST_2 : Operation 121 [1/1] ( I:3.25ns O:3.25ns )   --->   "%store_ln21 = store i8 %tmp_2, i11 %line_buffer_5_addr" [filter.cpp:21->filter.cpp:145]   --->   Operation 121 'store' 'store_ln21' <Predicate = (phi_urem_read == 1)> <Delay = 3.25> <CoreInst = "RAM_1WnR">   --->   Core 82 'RAM_1WnR' <Latency = 1> <II = 1> <Delay = 3.25> <Storage> <Opcode : 'load' 'store'> <Ports = 17> <Width = 8> <Depth = 1920> <RAM>
ST_2 : Operation 122 [1/1] (0.00ns)   --->   "%br_ln21 = br void %arrayidx206.i70.exit_ifconv" [filter.cpp:21->filter.cpp:145]   --->   Operation 122 'br' 'br_ln21' <Predicate = (phi_urem_read == 1)> <Delay = 0.00>
ST_2 : Operation 123 [1/1] ( I:3.25ns O:3.25ns )   --->   "%store_ln19 = store i8 %trunc_ln19, i11 %line_buffer_addr" [filter.cpp:19->filter.cpp:145]   --->   Operation 123 'store' 'store_ln19' <Predicate = (phi_urem_read == 0)> <Delay = 3.25> <CoreInst = "RAM_1WnR">   --->   Core 82 'RAM_1WnR' <Latency = 1> <II = 1> <Delay = 3.25> <Storage> <Opcode : 'load' 'store'> <Ports = 17> <Width = 8> <Depth = 1920> <RAM>
ST_2 : Operation 124 [1/1] ( I:3.25ns O:3.25ns )   --->   "%store_ln20 = store i8 %tmp_1, i11 %line_buffer_1_addr" [filter.cpp:20->filter.cpp:145]   --->   Operation 124 'store' 'store_ln20' <Predicate = (phi_urem_read == 0)> <Delay = 3.25> <CoreInst = "RAM_1WnR">   --->   Core 82 'RAM_1WnR' <Latency = 1> <II = 1> <Delay = 3.25> <Storage> <Opcode : 'load' 'store'> <Ports = 17> <Width = 8> <Depth = 1920> <RAM>
ST_2 : Operation 125 [1/1] ( I:3.25ns O:3.25ns )   --->   "%store_ln21 = store i8 %tmp_2, i11 %line_buffer_2_addr" [filter.cpp:21->filter.cpp:145]   --->   Operation 125 'store' 'store_ln21' <Predicate = (phi_urem_read == 0)> <Delay = 3.25> <CoreInst = "RAM_1WnR">   --->   Core 82 'RAM_1WnR' <Latency = 1> <II = 1> <Delay = 3.25> <Storage> <Opcode : 'load' 'store'> <Ports = 17> <Width = 8> <Depth = 1920> <RAM>
ST_2 : Operation 126 [1/1] (0.00ns)   --->   "%br_ln21 = br void %arrayidx206.i70.exit_ifconv" [filter.cpp:21->filter.cpp:145]   --->   Operation 126 'br' 'br_ln21' <Predicate = (phi_urem_read == 0)> <Delay = 0.00>
ST_2 : Operation 127 [1/1] ( I:3.25ns O:3.25ns )   --->   "%store_ln19 = store i8 %trunc_ln19, i11 %line_buffer_6_addr" [filter.cpp:19->filter.cpp:145]   --->   Operation 127 'store' 'store_ln19' <Predicate = (phi_urem_read != 0 & phi_urem_read != 1)> <Delay = 3.25> <CoreInst = "RAM_1WnR">   --->   Core 82 'RAM_1WnR' <Latency = 1> <II = 1> <Delay = 3.25> <Storage> <Opcode : 'load' 'store'> <Ports = 17> <Width = 8> <Depth = 1920> <RAM>
ST_2 : Operation 128 [1/1] ( I:3.25ns O:3.25ns )   --->   "%store_ln20 = store i8 %tmp_1, i11 %line_buffer_7_addr" [filter.cpp:20->filter.cpp:145]   --->   Operation 128 'store' 'store_ln20' <Predicate = (phi_urem_read != 0 & phi_urem_read != 1)> <Delay = 3.25> <CoreInst = "RAM_1WnR">   --->   Core 82 'RAM_1WnR' <Latency = 1> <II = 1> <Delay = 3.25> <Storage> <Opcode : 'load' 'store'> <Ports = 17> <Width = 8> <Depth = 1920> <RAM>
ST_2 : Operation 129 [1/1] ( I:3.25ns O:3.25ns )   --->   "%store_ln21 = store i8 %tmp_2, i11 %line_buffer_8_addr" [filter.cpp:21->filter.cpp:145]   --->   Operation 129 'store' 'store_ln21' <Predicate = (phi_urem_read != 0 & phi_urem_read != 1)> <Delay = 3.25> <CoreInst = "RAM_1WnR">   --->   Core 82 'RAM_1WnR' <Latency = 1> <II = 1> <Delay = 3.25> <Storage> <Opcode : 'load' 'store'> <Ports = 17> <Width = 8> <Depth = 1920> <RAM>
ST_2 : Operation 130 [1/1] (0.00ns)   --->   "%br_ln21 = br void %arrayidx206.i70.exit_ifconv" [filter.cpp:21->filter.cpp:145]   --->   Operation 130 'br' 'br_ln21' <Predicate = (phi_urem_read != 0 & phi_urem_read != 1)> <Delay = 0.00>

State 3 <SV = 2> <Delay = 3.25>
ST_3 : Operation 131 [1/1] (0.00ns)   --->   "%specpipeline_ln138 = specpipeline void @_ssdm_op_SpecPipeline, i32 1, i32 0, i32 0, i32 0, void @empty_3" [filter.cpp:138]   --->   Operation 131 'specpipeline' 'specpipeline_ln138' <Predicate = true> <Delay = 0.00>
ST_3 : Operation 132 [1/1] (0.00ns)   --->   "%specloopname_ln137 = specloopname void @_ssdm_op_SpecLoopName, void @empty_12" [filter.cpp:137]   --->   Operation 132 'specloopname' 'specloopname_ln137' <Predicate = true> <Delay = 0.00>
ST_3 : Operation 133 [1/1] (0.00ns)   --->   "%zext_ln49 = zext i11 %src_col" [filter.cpp:49->filter.cpp:151]   --->   Operation 133 'zext' 'zext_ln49' <Predicate = true> <Delay = 0.00>
ST_3 : Operation 134 [1/1] (0.00ns)   --->   "%line_buffer_addr_1 = getelementptr i8 %line_buffer, i64 0, i64 %zext_ln49" [filter.cpp:49->filter.cpp:151]   --->   Operation 134 'getelementptr' 'line_buffer_addr_1' <Predicate = true> <Delay = 0.00>
ST_3 : Operation 135 [1/1] (0.00ns)   --->   "%line_buffer_3_addr_1 = getelementptr i8 %line_buffer_3, i64 0, i64 %zext_ln49" [filter.cpp:49->filter.cpp:151]   --->   Operation 135 'getelementptr' 'line_buffer_3_addr_1' <Predicate = true> <Delay = 0.00>
ST_3 : Operation 136 [1/1] (0.00ns)   --->   "%line_buffer_6_addr_1 = getelementptr i8 %line_buffer_6, i64 0, i64 %zext_ln49" [filter.cpp:49->filter.cpp:151]   --->   Operation 136 'getelementptr' 'line_buffer_6_addr_1' <Predicate = true> <Delay = 0.00>
ST_3 : Operation 137 [1/1] (0.00ns)   --->   "%line_buffer_1_addr_1 = getelementptr i8 %line_buffer_1, i64 0, i64 %zext_ln49" [filter.cpp:49->filter.cpp:151]   --->   Operation 137 'getelementptr' 'line_buffer_1_addr_1' <Predicate = true> <Delay = 0.00>
ST_3 : Operation 138 [1/1] (0.00ns)   --->   "%line_buffer_4_addr_1 = getelementptr i8 %line_buffer_4, i64 0, i64 %zext_ln49" [filter.cpp:49->filter.cpp:151]   --->   Operation 138 'getelementptr' 'line_buffer_4_addr_1' <Predicate = true> <Delay = 0.00>
ST_3 : Operation 139 [1/1] (0.00ns)   --->   "%line_buffer_7_addr_1 = getelementptr i8 %line_buffer_7, i64 0, i64 %zext_ln49" [filter.cpp:49->filter.cpp:151]   --->   Operation 139 'getelementptr' 'line_buffer_7_addr_1' <Predicate = true> <Delay = 0.00>
ST_3 : Operation 140 [1/1] (0.00ns)   --->   "%line_buffer_2_addr_1 = getelementptr i8 %line_buffer_2, i64 0, i64 %zext_ln49" [filter.cpp:49->filter.cpp:151]   --->   Operation 140 'getelementptr' 'line_buffer_2_addr_1' <Predicate = true> <Delay = 0.00>
ST_3 : Operation 141 [1/1] (0.00ns)   --->   "%line_buffer_5_addr_1 = getelementptr i8 %line_buffer_5, i64 0, i64 %zext_ln49" [filter.cpp:49->filter.cpp:151]   --->   Operation 141 'getelementptr' 'line_buffer_5_addr_1' <Predicate = true> <Delay = 0.00>
ST_3 : Operation 142 [1/1] (0.00ns)   --->   "%line_buffer_8_addr_1 = getelementptr i8 %line_buffer_8, i64 0, i64 %zext_ln49" [filter.cpp:49->filter.cpp:151]   --->   Operation 142 'getelementptr' 'line_buffer_8_addr_1' <Predicate = true> <Delay = 0.00>
ST_3 : Operation 143 [1/1] (0.00ns)   --->   "%zext_ln49_1 = zext i11 %src_col_4" [filter.cpp:49->filter.cpp:151]   --->   Operation 143 'zext' 'zext_ln49_1' <Predicate = true> <Delay = 0.00>
ST_3 : Operation 144 [1/1] (0.00ns)   --->   "%line_buffer_addr_2 = getelementptr i8 %line_buffer, i64 0, i64 %zext_ln49_1" [filter.cpp:49->filter.cpp:151]   --->   Operation 144 'getelementptr' 'line_buffer_addr_2' <Predicate = true> <Delay = 0.00>
ST_3 : Operation 145 [1/1] (0.00ns)   --->   "%line_buffer_3_addr_2 = getelementptr i8 %line_buffer_3, i64 0, i64 %zext_ln49_1" [filter.cpp:49->filter.cpp:151]   --->   Operation 145 'getelementptr' 'line_buffer_3_addr_2' <Predicate = true> <Delay = 0.00>
ST_3 : Operation 146 [1/1] (0.00ns)   --->   "%line_buffer_6_addr_2 = getelementptr i8 %line_buffer_6, i64 0, i64 %zext_ln49_1" [filter.cpp:49->filter.cpp:151]   --->   Operation 146 'getelementptr' 'line_buffer_6_addr_2' <Predicate = true> <Delay = 0.00>
ST_3 : Operation 147 [1/1] (0.00ns)   --->   "%line_buffer_1_addr_2 = getelementptr i8 %line_buffer_1, i64 0, i64 %zext_ln49_1" [filter.cpp:49->filter.cpp:151]   --->   Operation 147 'getelementptr' 'line_buffer_1_addr_2' <Predicate = true> <Delay = 0.00>
ST_3 : Operation 148 [1/1] (0.00ns)   --->   "%line_buffer_4_addr_2 = getelementptr i8 %line_buffer_4, i64 0, i64 %zext_ln49_1" [filter.cpp:49->filter.cpp:151]   --->   Operation 148 'getelementptr' 'line_buffer_4_addr_2' <Predicate = true> <Delay = 0.00>
ST_3 : Operation 149 [1/1] (0.00ns)   --->   "%line_buffer_7_addr_2 = getelementptr i8 %line_buffer_7, i64 0, i64 %zext_ln49_1" [filter.cpp:49->filter.cpp:151]   --->   Operation 149 'getelementptr' 'line_buffer_7_addr_2' <Predicate = true> <Delay = 0.00>
ST_3 : Operation 150 [1/1] (0.00ns)   --->   "%line_buffer_2_addr_2 = getelementptr i8 %line_buffer_2, i64 0, i64 %zext_ln49_1" [filter.cpp:49->filter.cpp:151]   --->   Operation 150 'getelementptr' 'line_buffer_2_addr_2' <Predicate = true> <Delay = 0.00>
ST_3 : Operation 151 [1/1] (0.00ns)   --->   "%line_buffer_5_addr_2 = getelementptr i8 %line_buffer_5, i64 0, i64 %zext_ln49_1" [filter.cpp:49->filter.cpp:151]   --->   Operation 151 'getelementptr' 'line_buffer_5_addr_2' <Predicate = true> <Delay = 0.00>
ST_3 : Operation 152 [1/1] (0.00ns)   --->   "%line_buffer_8_addr_2 = getelementptr i8 %line_buffer_8, i64 0, i64 %zext_ln49_1" [filter.cpp:49->filter.cpp:151]   --->   Operation 152 'getelementptr' 'line_buffer_8_addr_2' <Predicate = true> <Delay = 0.00>
ST_3 : Operation 153 [2/2] (3.25ns)   --->   "%line_buffer_load = load i11 %line_buffer_addr_1" [filter.cpp:49->filter.cpp:151]   --->   Operation 153 'load' 'line_buffer_load' <Predicate = (buffer_row_read == 0) | (tmp_49 == 0) | (phi_urem_read == 0)> <Delay = 3.25> <CoreInst = "RAM_1WnR">   --->   Core 82 'RAM_1WnR' <Latency = 1> <II = 1> <Delay = 3.25> <Storage> <Opcode : 'load' 'store'> <Ports = 17> <Width = 8> <Depth = 1920> <RAM>
ST_3 : Operation 154 [2/2] (3.25ns)   --->   "%line_buffer_3_load = load i11 %line_buffer_3_addr_1" [filter.cpp:49->filter.cpp:151]   --->   Operation 154 'load' 'line_buffer_3_load' <Predicate = (buffer_row_read == 1) | (tmp_49 == 1) | (phi_urem_read == 1)> <Delay = 3.25> <CoreInst = "RAM_1WnR">   --->   Core 82 'RAM_1WnR' <Latency = 1> <II = 1> <Delay = 3.25> <Storage> <Opcode : 'load' 'store'> <Ports = 17> <Width = 8> <Depth = 1920> <RAM>
ST_3 : Operation 155 [2/2] (3.25ns)   --->   "%line_buffer_6_load = load i11 %line_buffer_6_addr_1" [filter.cpp:49->filter.cpp:151]   --->   Operation 155 'load' 'line_buffer_6_load' <Predicate = (buffer_row_read == 2) | (phi_urem_read == 2) | (tmp_49 == 2)> <Delay = 3.25> <CoreInst = "RAM_1WnR">   --->   Core 82 'RAM_1WnR' <Latency = 1> <II = 1> <Delay = 3.25> <Storage> <Opcode : 'load' 'store'> <Ports = 17> <Width = 8> <Depth = 1920> <RAM>
ST_3 : Operation 156 [2/2] (3.25ns)   --->   "%line_buffer_1_load = load i11 %line_buffer_1_addr_1" [filter.cpp:49->filter.cpp:151]   --->   Operation 156 'load' 'line_buffer_1_load' <Predicate = (buffer_row_read == 0) | (tmp_49 == 0) | (phi_urem_read == 0)> <Delay = 3.25> <CoreInst = "RAM_1WnR">   --->   Core 82 'RAM_1WnR' <Latency = 1> <II = 1> <Delay = 3.25> <Storage> <Opcode : 'load' 'store'> <Ports = 17> <Width = 8> <Depth = 1920> <RAM>
ST_3 : Operation 157 [2/2] (3.25ns)   --->   "%line_buffer_4_load = load i11 %line_buffer_4_addr_1" [filter.cpp:49->filter.cpp:151]   --->   Operation 157 'load' 'line_buffer_4_load' <Predicate = (buffer_row_read == 1) | (tmp_49 == 1) | (phi_urem_read == 1)> <Delay = 3.25> <CoreInst = "RAM_1WnR">   --->   Core 82 'RAM_1WnR' <Latency = 1> <II = 1> <Delay = 3.25> <Storage> <Opcode : 'load' 'store'> <Ports = 17> <Width = 8> <Depth = 1920> <RAM>
ST_3 : Operation 158 [2/2] (3.25ns)   --->   "%line_buffer_7_load = load i11 %line_buffer_7_addr_1" [filter.cpp:49->filter.cpp:151]   --->   Operation 158 'load' 'line_buffer_7_load' <Predicate = (buffer_row_read == 2) | (phi_urem_read == 2) | (tmp_49 == 2)> <Delay = 3.25> <CoreInst = "RAM_1WnR">   --->   Core 82 'RAM_1WnR' <Latency = 1> <II = 1> <Delay = 3.25> <Storage> <Opcode : 'load' 'store'> <Ports = 17> <Width = 8> <Depth = 1920> <RAM>
ST_3 : Operation 159 [2/2] (3.25ns)   --->   "%line_buffer_2_load = load i11 %line_buffer_2_addr_1" [filter.cpp:49->filter.cpp:151]   --->   Operation 159 'load' 'line_buffer_2_load' <Predicate = (buffer_row_read == 0) | (tmp_49 == 0) | (phi_urem_read == 0)> <Delay = 3.25> <CoreInst = "RAM_1WnR">   --->   Core 82 'RAM_1WnR' <Latency = 1> <II = 1> <Delay = 3.25> <Storage> <Opcode : 'load' 'store'> <Ports = 17> <Width = 8> <Depth = 1920> <RAM>
ST_3 : Operation 160 [2/2] (3.25ns)   --->   "%line_buffer_5_load = load i11 %line_buffer_5_addr_1" [filter.cpp:49->filter.cpp:151]   --->   Operation 160 'load' 'line_buffer_5_load' <Predicate = (buffer_row_read == 1) | (tmp_49 == 1) | (phi_urem_read == 1)> <Delay = 3.25> <CoreInst = "RAM_1WnR">   --->   Core 82 'RAM_1WnR' <Latency = 1> <II = 1> <Delay = 3.25> <Storage> <Opcode : 'load' 'store'> <Ports = 17> <Width = 8> <Depth = 1920> <RAM>
ST_3 : Operation 161 [2/2] (3.25ns)   --->   "%line_buffer_8_load = load i11 %line_buffer_8_addr_1" [filter.cpp:49->filter.cpp:151]   --->   Operation 161 'load' 'line_buffer_8_load' <Predicate = (buffer_row_read == 2) | (phi_urem_read == 2) | (tmp_49 == 2)> <Delay = 3.25> <CoreInst = "RAM_1WnR">   --->   Core 82 'RAM_1WnR' <Latency = 1> <II = 1> <Delay = 3.25> <Storage> <Opcode : 'load' 'store'> <Ports = 17> <Width = 8> <Depth = 1920> <RAM>
ST_3 : Operation 162 [2/2] (3.25ns)   --->   "%line_buffer_load_1 = load i11 %line_buffer_addr" [filter.cpp:49->filter.cpp:151]   --->   Operation 162 'load' 'line_buffer_load_1' <Predicate = (buffer_row_read == 0) | (tmp_49 == 0)> <Delay = 3.25> <CoreInst = "RAM_1WnR">   --->   Core 82 'RAM_1WnR' <Latency = 1> <II = 1> <Delay = 3.25> <Storage> <Opcode : 'load' 'store'> <Ports = 17> <Width = 8> <Depth = 1920> <RAM>
ST_3 : Operation 163 [2/2] (3.25ns)   --->   "%line_buffer_3_load_1 = load i11 %line_buffer_3_addr" [filter.cpp:49->filter.cpp:151]   --->   Operation 163 'load' 'line_buffer_3_load_1' <Predicate = (buffer_row_read == 1) | (tmp_49 == 1)> <Delay = 3.25> <CoreInst = "RAM_1WnR">   --->   Core 82 'RAM_1WnR' <Latency = 1> <II = 1> <Delay = 3.25> <Storage> <Opcode : 'load' 'store'> <Ports = 17> <Width = 8> <Depth = 1920> <RAM>
ST_3 : Operation 164 [2/2] (3.25ns)   --->   "%line_buffer_6_load_1 = load i11 %line_buffer_6_addr" [filter.cpp:49->filter.cpp:151]   --->   Operation 164 'load' 'line_buffer_6_load_1' <Predicate = (buffer_row_read == 2) | (tmp_49 == 2)> <Delay = 3.25> <CoreInst = "RAM_1WnR">   --->   Core 82 'RAM_1WnR' <Latency = 1> <II = 1> <Delay = 3.25> <Storage> <Opcode : 'load' 'store'> <Ports = 17> <Width = 8> <Depth = 1920> <RAM>
ST_3 : Operation 165 [2/2] (3.25ns)   --->   "%line_buffer_1_load_1 = load i11 %line_buffer_1_addr" [filter.cpp:49->filter.cpp:151]   --->   Operation 165 'load' 'line_buffer_1_load_1' <Predicate = (buffer_row_read == 0) | (tmp_49 == 0)> <Delay = 3.25> <CoreInst = "RAM_1WnR">   --->   Core 82 'RAM_1WnR' <Latency = 1> <II = 1> <Delay = 3.25> <Storage> <Opcode : 'load' 'store'> <Ports = 17> <Width = 8> <Depth = 1920> <RAM>
ST_3 : Operation 166 [2/2] (3.25ns)   --->   "%line_buffer_4_load_1 = load i11 %line_buffer_4_addr" [filter.cpp:49->filter.cpp:151]   --->   Operation 166 'load' 'line_buffer_4_load_1' <Predicate = (buffer_row_read == 1) | (tmp_49 == 1)> <Delay = 3.25> <CoreInst = "RAM_1WnR">   --->   Core 82 'RAM_1WnR' <Latency = 1> <II = 1> <Delay = 3.25> <Storage> <Opcode : 'load' 'store'> <Ports = 17> <Width = 8> <Depth = 1920> <RAM>
ST_3 : Operation 167 [2/2] (3.25ns)   --->   "%line_buffer_7_load_1 = load i11 %line_buffer_7_addr" [filter.cpp:49->filter.cpp:151]   --->   Operation 167 'load' 'line_buffer_7_load_1' <Predicate = (buffer_row_read == 2) | (tmp_49 == 2)> <Delay = 3.25> <CoreInst = "RAM_1WnR">   --->   Core 82 'RAM_1WnR' <Latency = 1> <II = 1> <Delay = 3.25> <Storage> <Opcode : 'load' 'store'> <Ports = 17> <Width = 8> <Depth = 1920> <RAM>
ST_3 : Operation 168 [2/2] (3.25ns)   --->   "%line_buffer_2_load_1 = load i11 %line_buffer_2_addr" [filter.cpp:49->filter.cpp:151]   --->   Operation 168 'load' 'line_buffer_2_load_1' <Predicate = (buffer_row_read == 0) | (tmp_49 == 0)> <Delay = 3.25> <CoreInst = "RAM_1WnR">   --->   Core 82 'RAM_1WnR' <Latency = 1> <II = 1> <Delay = 3.25> <Storage> <Opcode : 'load' 'store'> <Ports = 17> <Width = 8> <Depth = 1920> <RAM>
ST_3 : Operation 169 [2/2] (3.25ns)   --->   "%line_buffer_5_load_1 = load i11 %line_buffer_5_addr" [filter.cpp:49->filter.cpp:151]   --->   Operation 169 'load' 'line_buffer_5_load_1' <Predicate = (buffer_row_read == 1) | (tmp_49 == 1)> <Delay = 3.25> <CoreInst = "RAM_1WnR">   --->   Core 82 'RAM_1WnR' <Latency = 1> <II = 1> <Delay = 3.25> <Storage> <Opcode : 'load' 'store'> <Ports = 17> <Width = 8> <Depth = 1920> <RAM>
ST_3 : Operation 170 [2/2] (3.25ns)   --->   "%line_buffer_8_load_1 = load i11 %line_buffer_8_addr" [filter.cpp:49->filter.cpp:151]   --->   Operation 170 'load' 'line_buffer_8_load_1' <Predicate = (buffer_row_read == 2) | (tmp_49 == 2)> <Delay = 3.25> <CoreInst = "RAM_1WnR">   --->   Core 82 'RAM_1WnR' <Latency = 1> <II = 1> <Delay = 3.25> <Storage> <Opcode : 'load' 'store'> <Ports = 17> <Width = 8> <Depth = 1920> <RAM>
ST_3 : Operation 171 [2/2] (3.25ns)   --->   "%line_buffer_load_2 = load i11 %line_buffer_addr_2" [filter.cpp:49->filter.cpp:151]   --->   Operation 171 'load' 'line_buffer_load_2' <Predicate = (buffer_row_read == 0) | (tmp_49 == 0) | (phi_urem_read == 0)> <Delay = 3.25> <CoreInst = "RAM_1WnR">   --->   Core 82 'RAM_1WnR' <Latency = 1> <II = 1> <Delay = 3.25> <Storage> <Opcode : 'load' 'store'> <Ports = 17> <Width = 8> <Depth = 1920> <RAM>
ST_3 : Operation 172 [2/2] (3.25ns)   --->   "%line_buffer_3_load_2 = load i11 %line_buffer_3_addr_2" [filter.cpp:49->filter.cpp:151]   --->   Operation 172 'load' 'line_buffer_3_load_2' <Predicate = (buffer_row_read == 1) | (tmp_49 == 1) | (phi_urem_read == 1)> <Delay = 3.25> <CoreInst = "RAM_1WnR">   --->   Core 82 'RAM_1WnR' <Latency = 1> <II = 1> <Delay = 3.25> <Storage> <Opcode : 'load' 'store'> <Ports = 17> <Width = 8> <Depth = 1920> <RAM>
ST_3 : Operation 173 [2/2] (3.25ns)   --->   "%line_buffer_6_load_2 = load i11 %line_buffer_6_addr_2" [filter.cpp:49->filter.cpp:151]   --->   Operation 173 'load' 'line_buffer_6_load_2' <Predicate = (buffer_row_read == 2) | (phi_urem_read == 2) | (tmp_49 == 2)> <Delay = 3.25> <CoreInst = "RAM_1WnR">   --->   Core 82 'RAM_1WnR' <Latency = 1> <II = 1> <Delay = 3.25> <Storage> <Opcode : 'load' 'store'> <Ports = 17> <Width = 8> <Depth = 1920> <RAM>
ST_3 : Operation 174 [2/2] (3.25ns)   --->   "%line_buffer_1_load_2 = load i11 %line_buffer_1_addr_2" [filter.cpp:49->filter.cpp:151]   --->   Operation 174 'load' 'line_buffer_1_load_2' <Predicate = (buffer_row_read == 0) | (tmp_49 == 0) | (phi_urem_read == 0)> <Delay = 3.25> <CoreInst = "RAM_1WnR">   --->   Core 82 'RAM_1WnR' <Latency = 1> <II = 1> <Delay = 3.25> <Storage> <Opcode : 'load' 'store'> <Ports = 17> <Width = 8> <Depth = 1920> <RAM>
ST_3 : Operation 175 [2/2] (3.25ns)   --->   "%line_buffer_4_load_2 = load i11 %line_buffer_4_addr_2" [filter.cpp:49->filter.cpp:151]   --->   Operation 175 'load' 'line_buffer_4_load_2' <Predicate = (buffer_row_read == 1) | (tmp_49 == 1) | (phi_urem_read == 1)> <Delay = 3.25> <CoreInst = "RAM_1WnR">   --->   Core 82 'RAM_1WnR' <Latency = 1> <II = 1> <Delay = 3.25> <Storage> <Opcode : 'load' 'store'> <Ports = 17> <Width = 8> <Depth = 1920> <RAM>
ST_3 : Operation 176 [2/2] (3.25ns)   --->   "%line_buffer_7_load_2 = load i11 %line_buffer_7_addr_2" [filter.cpp:49->filter.cpp:151]   --->   Operation 176 'load' 'line_buffer_7_load_2' <Predicate = (buffer_row_read == 2) | (phi_urem_read == 2) | (tmp_49 == 2)> <Delay = 3.25> <CoreInst = "RAM_1WnR">   --->   Core 82 'RAM_1WnR' <Latency = 1> <II = 1> <Delay = 3.25> <Storage> <Opcode : 'load' 'store'> <Ports = 17> <Width = 8> <Depth = 1920> <RAM>
ST_3 : Operation 177 [2/2] (3.25ns)   --->   "%line_buffer_2_load_2 = load i11 %line_buffer_2_addr_2" [filter.cpp:49->filter.cpp:151]   --->   Operation 177 'load' 'line_buffer_2_load_2' <Predicate = (buffer_row_read == 0) | (tmp_49 == 0) | (phi_urem_read == 0)> <Delay = 3.25> <CoreInst = "RAM_1WnR">   --->   Core 82 'RAM_1WnR' <Latency = 1> <II = 1> <Delay = 3.25> <Storage> <Opcode : 'load' 'store'> <Ports = 17> <Width = 8> <Depth = 1920> <RAM>
ST_3 : Operation 178 [2/2] (3.25ns)   --->   "%line_buffer_5_load_2 = load i11 %line_buffer_5_addr_2" [filter.cpp:49->filter.cpp:151]   --->   Operation 178 'load' 'line_buffer_5_load_2' <Predicate = (buffer_row_read == 1) | (tmp_49 == 1) | (phi_urem_read == 1)> <Delay = 3.25> <CoreInst = "RAM_1WnR">   --->   Core 82 'RAM_1WnR' <Latency = 1> <II = 1> <Delay = 3.25> <Storage> <Opcode : 'load' 'store'> <Ports = 17> <Width = 8> <Depth = 1920> <RAM>
ST_3 : Operation 179 [2/2] (3.25ns)   --->   "%line_buffer_8_load_2 = load i11 %line_buffer_8_addr_2" [filter.cpp:49->filter.cpp:151]   --->   Operation 179 'load' 'line_buffer_8_load_2' <Predicate = (buffer_row_read == 2) | (phi_urem_read == 2) | (tmp_49 == 2)> <Delay = 3.25> <CoreInst = "RAM_1WnR">   --->   Core 82 'RAM_1WnR' <Latency = 1> <II = 1> <Delay = 3.25> <Storage> <Opcode : 'load' 'store'> <Ports = 17> <Width = 8> <Depth = 1920> <RAM>

State 4 <SV = 3> <Delay = 4.84>
ST_4 : Operation 180 [1/2] ( I:3.25ns O:3.25ns )   --->   "%line_buffer_load = load i11 %line_buffer_addr_1" [filter.cpp:49->filter.cpp:151]   --->   Operation 180 'load' 'line_buffer_load' <Predicate = (buffer_row_read == 0) | (tmp_49 == 0) | (phi_urem_read == 0)> <Delay = 3.25> <CoreInst = "RAM_1WnR">   --->   Core 82 'RAM_1WnR' <Latency = 1> <II = 1> <Delay = 3.25> <Storage> <Opcode : 'load' 'store'> <Ports = 17> <Width = 8> <Depth = 1920> <RAM>
ST_4 : Operation 181 [1/2] ( I:3.25ns O:3.25ns )   --->   "%line_buffer_3_load = load i11 %line_buffer_3_addr_1" [filter.cpp:49->filter.cpp:151]   --->   Operation 181 'load' 'line_buffer_3_load' <Predicate = (buffer_row_read == 1) | (tmp_49 == 1) | (phi_urem_read == 1)> <Delay = 3.25> <CoreInst = "RAM_1WnR">   --->   Core 82 'RAM_1WnR' <Latency = 1> <II = 1> <Delay = 3.25> <Storage> <Opcode : 'load' 'store'> <Ports = 17> <Width = 8> <Depth = 1920> <RAM>
ST_4 : Operation 182 [1/2] ( I:3.25ns O:3.25ns )   --->   "%line_buffer_6_load = load i11 %line_buffer_6_addr_1" [filter.cpp:49->filter.cpp:151]   --->   Operation 182 'load' 'line_buffer_6_load' <Predicate = (buffer_row_read == 2) | (phi_urem_read == 2) | (tmp_49 == 2)> <Delay = 3.25> <CoreInst = "RAM_1WnR">   --->   Core 82 'RAM_1WnR' <Latency = 1> <II = 1> <Delay = 3.25> <Storage> <Opcode : 'load' 'store'> <Ports = 17> <Width = 8> <Depth = 1920> <RAM>
ST_4 : Operation 183 [1/1] (1.58ns)   --->   "%tmp_3 = sparsemux i8 @_ssdm_op_SparseMux.ap_auto.3i8.i8.i2, i2 0, i8 %line_buffer_load, i2 1, i8 %line_buffer_3_load, i2 2, i8 %line_buffer_6_load, i8 0, i2 %tmp_49" [filter.cpp:49->filter.cpp:151]   --->   Operation 183 'sparsemux' 'tmp_3' <Predicate = true> <Delay = 1.58> <CoreInst = "OneHotSparseMux_HasDef">   --->   Core 140 'OneHotSparseMux_HasDef' <Latency = 0> <II = 1> <Delay = 1.58> <FuncUnit> <Opcode : 'sparsemux'> <InPorts = 2> <OutPorts = 1>
ST_4 : Operation 184 [1/2] ( I:3.25ns O:3.25ns )   --->   "%line_buffer_1_load = load i11 %line_buffer_1_addr_1" [filter.cpp:49->filter.cpp:151]   --->   Operation 184 'load' 'line_buffer_1_load' <Predicate = (buffer_row_read == 0) | (tmp_49 == 0) | (phi_urem_read == 0)> <Delay = 3.25> <CoreInst = "RAM_1WnR">   --->   Core 82 'RAM_1WnR' <Latency = 1> <II = 1> <Delay = 3.25> <Storage> <Opcode : 'load' 'store'> <Ports = 17> <Width = 8> <Depth = 1920> <RAM>
ST_4 : Operation 185 [1/2] ( I:3.25ns O:3.25ns )   --->   "%line_buffer_4_load = load i11 %line_buffer_4_addr_1" [filter.cpp:49->filter.cpp:151]   --->   Operation 185 'load' 'line_buffer_4_load' <Predicate = (buffer_row_read == 1) | (tmp_49 == 1) | (phi_urem_read == 1)> <Delay = 3.25> <CoreInst = "RAM_1WnR">   --->   Core 82 'RAM_1WnR' <Latency = 1> <II = 1> <Delay = 3.25> <Storage> <Opcode : 'load' 'store'> <Ports = 17> <Width = 8> <Depth = 1920> <RAM>
ST_4 : Operation 186 [1/2] ( I:3.25ns O:3.25ns )   --->   "%line_buffer_7_load = load i11 %line_buffer_7_addr_1" [filter.cpp:49->filter.cpp:151]   --->   Operation 186 'load' 'line_buffer_7_load' <Predicate = (buffer_row_read == 2) | (phi_urem_read == 2) | (tmp_49 == 2)> <Delay = 3.25> <CoreInst = "RAM_1WnR">   --->   Core 82 'RAM_1WnR' <Latency = 1> <II = 1> <Delay = 3.25> <Storage> <Opcode : 'load' 'store'> <Ports = 17> <Width = 8> <Depth = 1920> <RAM>
ST_4 : Operation 187 [1/1] (1.58ns)   --->   "%tmp_4 = sparsemux i8 @_ssdm_op_SparseMux.ap_auto.3i8.i8.i2, i2 0, i8 %line_buffer_1_load, i2 1, i8 %line_buffer_4_load, i2 2, i8 %line_buffer_7_load, i8 0, i2 %tmp_49" [filter.cpp:49->filter.cpp:151]   --->   Operation 187 'sparsemux' 'tmp_4' <Predicate = true> <Delay = 1.58> <CoreInst = "OneHotSparseMux_HasDef">   --->   Core 140 'OneHotSparseMux_HasDef' <Latency = 0> <II = 1> <Delay = 1.58> <FuncUnit> <Opcode : 'sparsemux'> <InPorts = 2> <OutPorts = 1>
ST_4 : Operation 188 [1/2] ( I:3.25ns O:3.25ns )   --->   "%line_buffer_2_load = load i11 %line_buffer_2_addr_1" [filter.cpp:49->filter.cpp:151]   --->   Operation 188 'load' 'line_buffer_2_load' <Predicate = (buffer_row_read == 0) | (tmp_49 == 0) | (phi_urem_read == 0)> <Delay = 3.25> <CoreInst = "RAM_1WnR">   --->   Core 82 'RAM_1WnR' <Latency = 1> <II = 1> <Delay = 3.25> <Storage> <Opcode : 'load' 'store'> <Ports = 17> <Width = 8> <Depth = 1920> <RAM>
ST_4 : Operation 189 [1/2] ( I:3.25ns O:3.25ns )   --->   "%line_buffer_5_load = load i11 %line_buffer_5_addr_1" [filter.cpp:49->filter.cpp:151]   --->   Operation 189 'load' 'line_buffer_5_load' <Predicate = (buffer_row_read == 1) | (tmp_49 == 1) | (phi_urem_read == 1)> <Delay = 3.25> <CoreInst = "RAM_1WnR">   --->   Core 82 'RAM_1WnR' <Latency = 1> <II = 1> <Delay = 3.25> <Storage> <Opcode : 'load' 'store'> <Ports = 17> <Width = 8> <Depth = 1920> <RAM>
ST_4 : Operation 190 [1/2] ( I:3.25ns O:3.25ns )   --->   "%line_buffer_8_load = load i11 %line_buffer_8_addr_1" [filter.cpp:49->filter.cpp:151]   --->   Operation 190 'load' 'line_buffer_8_load' <Predicate = (buffer_row_read == 2) | (phi_urem_read == 2) | (tmp_49 == 2)> <Delay = 3.25> <CoreInst = "RAM_1WnR">   --->   Core 82 'RAM_1WnR' <Latency = 1> <II = 1> <Delay = 3.25> <Storage> <Opcode : 'load' 'store'> <Ports = 17> <Width = 8> <Depth = 1920> <RAM>
ST_4 : Operation 191 [1/1] (1.58ns)   --->   "%tmp_5 = sparsemux i8 @_ssdm_op_SparseMux.ap_auto.3i8.i8.i2, i2 0, i8 %line_buffer_2_load, i2 1, i8 %line_buffer_5_load, i2 2, i8 %line_buffer_8_load, i8 0, i2 %tmp_49" [filter.cpp:49->filter.cpp:151]   --->   Operation 191 'sparsemux' 'tmp_5' <Predicate = true> <Delay = 1.58> <CoreInst = "OneHotSparseMux_HasDef">   --->   Core 140 'OneHotSparseMux_HasDef' <Latency = 0> <II = 1> <Delay = 1.58> <FuncUnit> <Opcode : 'sparsemux'> <InPorts = 2> <OutPorts = 1>
ST_4 : Operation 192 [1/2] ( I:3.25ns O:3.25ns )   --->   "%line_buffer_load_1 = load i11 %line_buffer_addr" [filter.cpp:49->filter.cpp:151]   --->   Operation 192 'load' 'line_buffer_load_1' <Predicate = (buffer_row_read == 0) | (tmp_49 == 0)> <Delay = 3.25> <CoreInst = "RAM_1WnR">   --->   Core 82 'RAM_1WnR' <Latency = 1> <II = 1> <Delay = 3.25> <Storage> <Opcode : 'load' 'store'> <Ports = 17> <Width = 8> <Depth = 1920> <RAM>
ST_4 : Operation 193 [1/2] ( I:3.25ns O:3.25ns )   --->   "%line_buffer_3_load_1 = load i11 %line_buffer_3_addr" [filter.cpp:49->filter.cpp:151]   --->   Operation 193 'load' 'line_buffer_3_load_1' <Predicate = (buffer_row_read == 1) | (tmp_49 == 1)> <Delay = 3.25> <CoreInst = "RAM_1WnR">   --->   Core 82 'RAM_1WnR' <Latency = 1> <II = 1> <Delay = 3.25> <Storage> <Opcode : 'load' 'store'> <Ports = 17> <Width = 8> <Depth = 1920> <RAM>
ST_4 : Operation 194 [1/2] ( I:3.25ns O:3.25ns )   --->   "%line_buffer_6_load_1 = load i11 %line_buffer_6_addr" [filter.cpp:49->filter.cpp:151]   --->   Operation 194 'load' 'line_buffer_6_load_1' <Predicate = (buffer_row_read == 2) | (tmp_49 == 2)> <Delay = 3.25> <CoreInst = "RAM_1WnR">   --->   Core 82 'RAM_1WnR' <Latency = 1> <II = 1> <Delay = 3.25> <Storage> <Opcode : 'load' 'store'> <Ports = 17> <Width = 8> <Depth = 1920> <RAM>
ST_4 : Operation 195 [1/1] (1.58ns)   --->   "%tmp_6 = sparsemux i8 @_ssdm_op_SparseMux.ap_auto.3i8.i8.i2, i2 0, i8 %line_buffer_load_1, i2 1, i8 %line_buffer_3_load_1, i2 2, i8 %line_buffer_6_load_1, i8 0, i2 %tmp_49" [filter.cpp:49->filter.cpp:151]   --->   Operation 195 'sparsemux' 'tmp_6' <Predicate = true> <Delay = 1.58> <CoreInst = "OneHotSparseMux_HasDef">   --->   Core 140 'OneHotSparseMux_HasDef' <Latency = 0> <II = 1> <Delay = 1.58> <FuncUnit> <Opcode : 'sparsemux'> <InPorts = 2> <OutPorts = 1>
ST_4 : Operation 196 [1/2] ( I:3.25ns O:3.25ns )   --->   "%line_buffer_1_load_1 = load i11 %line_buffer_1_addr" [filter.cpp:49->filter.cpp:151]   --->   Operation 196 'load' 'line_buffer_1_load_1' <Predicate = (buffer_row_read == 0) | (tmp_49 == 0)> <Delay = 3.25> <CoreInst = "RAM_1WnR">   --->   Core 82 'RAM_1WnR' <Latency = 1> <II = 1> <Delay = 3.25> <Storage> <Opcode : 'load' 'store'> <Ports = 17> <Width = 8> <Depth = 1920> <RAM>
ST_4 : Operation 197 [1/2] ( I:3.25ns O:3.25ns )   --->   "%line_buffer_4_load_1 = load i11 %line_buffer_4_addr" [filter.cpp:49->filter.cpp:151]   --->   Operation 197 'load' 'line_buffer_4_load_1' <Predicate = (buffer_row_read == 1) | (tmp_49 == 1)> <Delay = 3.25> <CoreInst = "RAM_1WnR">   --->   Core 82 'RAM_1WnR' <Latency = 1> <II = 1> <Delay = 3.25> <Storage> <Opcode : 'load' 'store'> <Ports = 17> <Width = 8> <Depth = 1920> <RAM>
ST_4 : Operation 198 [1/2] ( I:3.25ns O:3.25ns )   --->   "%line_buffer_7_load_1 = load i11 %line_buffer_7_addr" [filter.cpp:49->filter.cpp:151]   --->   Operation 198 'load' 'line_buffer_7_load_1' <Predicate = (buffer_row_read == 2) | (tmp_49 == 2)> <Delay = 3.25> <CoreInst = "RAM_1WnR">   --->   Core 82 'RAM_1WnR' <Latency = 1> <II = 1> <Delay = 3.25> <Storage> <Opcode : 'load' 'store'> <Ports = 17> <Width = 8> <Depth = 1920> <RAM>
ST_4 : Operation 199 [1/1] (1.58ns)   --->   "%tmp_7 = sparsemux i8 @_ssdm_op_SparseMux.ap_auto.3i8.i8.i2, i2 0, i8 %line_buffer_1_load_1, i2 1, i8 %line_buffer_4_load_1, i2 2, i8 %line_buffer_7_load_1, i8 0, i2 %tmp_49" [filter.cpp:49->filter.cpp:151]   --->   Operation 199 'sparsemux' 'tmp_7' <Predicate = true> <Delay = 1.58> <CoreInst = "OneHotSparseMux_HasDef">   --->   Core 140 'OneHotSparseMux_HasDef' <Latency = 0> <II = 1> <Delay = 1.58> <FuncUnit> <Opcode : 'sparsemux'> <InPorts = 2> <OutPorts = 1>
ST_4 : Operation 200 [1/2] ( I:3.25ns O:3.25ns )   --->   "%line_buffer_2_load_1 = load i11 %line_buffer_2_addr" [filter.cpp:49->filter.cpp:151]   --->   Operation 200 'load' 'line_buffer_2_load_1' <Predicate = (buffer_row_read == 0) | (tmp_49 == 0)> <Delay = 3.25> <CoreInst = "RAM_1WnR">   --->   Core 82 'RAM_1WnR' <Latency = 1> <II = 1> <Delay = 3.25> <Storage> <Opcode : 'load' 'store'> <Ports = 17> <Width = 8> <Depth = 1920> <RAM>
ST_4 : Operation 201 [1/2] ( I:3.25ns O:3.25ns )   --->   "%line_buffer_5_load_1 = load i11 %line_buffer_5_addr" [filter.cpp:49->filter.cpp:151]   --->   Operation 201 'load' 'line_buffer_5_load_1' <Predicate = (buffer_row_read == 1) | (tmp_49 == 1)> <Delay = 3.25> <CoreInst = "RAM_1WnR">   --->   Core 82 'RAM_1WnR' <Latency = 1> <II = 1> <Delay = 3.25> <Storage> <Opcode : 'load' 'store'> <Ports = 17> <Width = 8> <Depth = 1920> <RAM>
ST_4 : Operation 202 [1/2] ( I:3.25ns O:3.25ns )   --->   "%line_buffer_8_load_1 = load i11 %line_buffer_8_addr" [filter.cpp:49->filter.cpp:151]   --->   Operation 202 'load' 'line_buffer_8_load_1' <Predicate = (buffer_row_read == 2) | (tmp_49 == 2)> <Delay = 3.25> <CoreInst = "RAM_1WnR">   --->   Core 82 'RAM_1WnR' <Latency = 1> <II = 1> <Delay = 3.25> <Storage> <Opcode : 'load' 'store'> <Ports = 17> <Width = 8> <Depth = 1920> <RAM>
ST_4 : Operation 203 [1/1] (1.58ns)   --->   "%tmp_8 = sparsemux i8 @_ssdm_op_SparseMux.ap_auto.3i8.i8.i2, i2 0, i8 %line_buffer_2_load_1, i2 1, i8 %line_buffer_5_load_1, i2 2, i8 %line_buffer_8_load_1, i8 0, i2 %tmp_49" [filter.cpp:49->filter.cpp:151]   --->   Operation 203 'sparsemux' 'tmp_8' <Predicate = true> <Delay = 1.58> <CoreInst = "OneHotSparseMux_HasDef">   --->   Core 140 'OneHotSparseMux_HasDef' <Latency = 0> <II = 1> <Delay = 1.58> <FuncUnit> <Opcode : 'sparsemux'> <InPorts = 2> <OutPorts = 1>
ST_4 : Operation 204 [1/2] ( I:3.25ns O:3.25ns )   --->   "%line_buffer_load_2 = load i11 %line_buffer_addr_2" [filter.cpp:49->filter.cpp:151]   --->   Operation 204 'load' 'line_buffer_load_2' <Predicate = (buffer_row_read == 0) | (tmp_49 == 0) | (phi_urem_read == 0)> <Delay = 3.25> <CoreInst = "RAM_1WnR">   --->   Core 82 'RAM_1WnR' <Latency = 1> <II = 1> <Delay = 3.25> <Storage> <Opcode : 'load' 'store'> <Ports = 17> <Width = 8> <Depth = 1920> <RAM>
ST_4 : Operation 205 [1/2] ( I:3.25ns O:3.25ns )   --->   "%line_buffer_3_load_2 = load i11 %line_buffer_3_addr_2" [filter.cpp:49->filter.cpp:151]   --->   Operation 205 'load' 'line_buffer_3_load_2' <Predicate = (buffer_row_read == 1) | (tmp_49 == 1) | (phi_urem_read == 1)> <Delay = 3.25> <CoreInst = "RAM_1WnR">   --->   Core 82 'RAM_1WnR' <Latency = 1> <II = 1> <Delay = 3.25> <Storage> <Opcode : 'load' 'store'> <Ports = 17> <Width = 8> <Depth = 1920> <RAM>
ST_4 : Operation 206 [1/2] ( I:3.25ns O:3.25ns )   --->   "%line_buffer_6_load_2 = load i11 %line_buffer_6_addr_2" [filter.cpp:49->filter.cpp:151]   --->   Operation 206 'load' 'line_buffer_6_load_2' <Predicate = (buffer_row_read == 2) | (phi_urem_read == 2) | (tmp_49 == 2)> <Delay = 3.25> <CoreInst = "RAM_1WnR">   --->   Core 82 'RAM_1WnR' <Latency = 1> <II = 1> <Delay = 3.25> <Storage> <Opcode : 'load' 'store'> <Ports = 17> <Width = 8> <Depth = 1920> <RAM>
ST_4 : Operation 207 [1/1] (1.58ns)   --->   "%tmp_9 = sparsemux i8 @_ssdm_op_SparseMux.ap_auto.3i8.i8.i2, i2 0, i8 %line_buffer_load_2, i2 1, i8 %line_buffer_3_load_2, i2 2, i8 %line_buffer_6_load_2, i8 0, i2 %tmp_49" [filter.cpp:49->filter.cpp:151]   --->   Operation 207 'sparsemux' 'tmp_9' <Predicate = true> <Delay = 1.58> <CoreInst = "OneHotSparseMux_HasDef">   --->   Core 140 'OneHotSparseMux_HasDef' <Latency = 0> <II = 1> <Delay = 1.58> <FuncUnit> <Opcode : 'sparsemux'> <InPorts = 2> <OutPorts = 1>
ST_4 : Operation 208 [1/2] ( I:3.25ns O:3.25ns )   --->   "%line_buffer_1_load_2 = load i11 %line_buffer_1_addr_2" [filter.cpp:49->filter.cpp:151]   --->   Operation 208 'load' 'line_buffer_1_load_2' <Predicate = (buffer_row_read == 0) | (tmp_49 == 0) | (phi_urem_read == 0)> <Delay = 3.25> <CoreInst = "RAM_1WnR">   --->   Core 82 'RAM_1WnR' <Latency = 1> <II = 1> <Delay = 3.25> <Storage> <Opcode : 'load' 'store'> <Ports = 17> <Width = 8> <Depth = 1920> <RAM>
ST_4 : Operation 209 [1/2] ( I:3.25ns O:3.25ns )   --->   "%line_buffer_4_load_2 = load i11 %line_buffer_4_addr_2" [filter.cpp:49->filter.cpp:151]   --->   Operation 209 'load' 'line_buffer_4_load_2' <Predicate = (buffer_row_read == 1) | (tmp_49 == 1) | (phi_urem_read == 1)> <Delay = 3.25> <CoreInst = "RAM_1WnR">   --->   Core 82 'RAM_1WnR' <Latency = 1> <II = 1> <Delay = 3.25> <Storage> <Opcode : 'load' 'store'> <Ports = 17> <Width = 8> <Depth = 1920> <RAM>
ST_4 : Operation 210 [1/2] ( I:3.25ns O:3.25ns )   --->   "%line_buffer_7_load_2 = load i11 %line_buffer_7_addr_2" [filter.cpp:49->filter.cpp:151]   --->   Operation 210 'load' 'line_buffer_7_load_2' <Predicate = (buffer_row_read == 2) | (phi_urem_read == 2) | (tmp_49 == 2)> <Delay = 3.25> <CoreInst = "RAM_1WnR">   --->   Core 82 'RAM_1WnR' <Latency = 1> <II = 1> <Delay = 3.25> <Storage> <Opcode : 'load' 'store'> <Ports = 17> <Width = 8> <Depth = 1920> <RAM>
ST_4 : Operation 211 [1/1] (1.58ns)   --->   "%tmp_s = sparsemux i8 @_ssdm_op_SparseMux.ap_auto.3i8.i8.i2, i2 0, i8 %line_buffer_1_load_2, i2 1, i8 %line_buffer_4_load_2, i2 2, i8 %line_buffer_7_load_2, i8 0, i2 %tmp_49" [filter.cpp:49->filter.cpp:151]   --->   Operation 211 'sparsemux' 'tmp_s' <Predicate = true> <Delay = 1.58> <CoreInst = "OneHotSparseMux_HasDef">   --->   Core 140 'OneHotSparseMux_HasDef' <Latency = 0> <II = 1> <Delay = 1.58> <FuncUnit> <Opcode : 'sparsemux'> <InPorts = 2> <OutPorts = 1>
ST_4 : Operation 212 [1/2] ( I:3.25ns O:3.25ns )   --->   "%line_buffer_2_load_2 = load i11 %line_buffer_2_addr_2" [filter.cpp:49->filter.cpp:151]   --->   Operation 212 'load' 'line_buffer_2_load_2' <Predicate = (buffer_row_read == 0) | (tmp_49 == 0) | (phi_urem_read == 0)> <Delay = 3.25> <CoreInst = "RAM_1WnR">   --->   Core 82 'RAM_1WnR' <Latency = 1> <II = 1> <Delay = 3.25> <Storage> <Opcode : 'load' 'store'> <Ports = 17> <Width = 8> <Depth = 1920> <RAM>
ST_4 : Operation 213 [1/2] ( I:3.25ns O:3.25ns )   --->   "%line_buffer_5_load_2 = load i11 %line_buffer_5_addr_2" [filter.cpp:49->filter.cpp:151]   --->   Operation 213 'load' 'line_buffer_5_load_2' <Predicate = (buffer_row_read == 1) | (tmp_49 == 1) | (phi_urem_read == 1)> <Delay = 3.25> <CoreInst = "RAM_1WnR">   --->   Core 82 'RAM_1WnR' <Latency = 1> <II = 1> <Delay = 3.25> <Storage> <Opcode : 'load' 'store'> <Ports = 17> <Width = 8> <Depth = 1920> <RAM>
ST_4 : Operation 214 [1/2] ( I:3.25ns O:3.25ns )   --->   "%line_buffer_8_load_2 = load i11 %line_buffer_8_addr_2" [filter.cpp:49->filter.cpp:151]   --->   Operation 214 'load' 'line_buffer_8_load_2' <Predicate = (buffer_row_read == 2) | (phi_urem_read == 2) | (tmp_49 == 2)> <Delay = 3.25> <CoreInst = "RAM_1WnR">   --->   Core 82 'RAM_1WnR' <Latency = 1> <II = 1> <Delay = 3.25> <Storage> <Opcode : 'load' 'store'> <Ports = 17> <Width = 8> <Depth = 1920> <RAM>
ST_4 : Operation 215 [1/1] (1.58ns)   --->   "%tmp_10 = sparsemux i8 @_ssdm_op_SparseMux.ap_auto.3i8.i8.i2, i2 0, i8 %line_buffer_2_load_2, i2 1, i8 %line_buffer_5_load_2, i2 2, i8 %line_buffer_8_load_2, i8 0, i2 %tmp_49" [filter.cpp:49->filter.cpp:151]   --->   Operation 215 'sparsemux' 'tmp_10' <Predicate = true> <Delay = 1.58> <CoreInst = "OneHotSparseMux_HasDef">   --->   Core 140 'OneHotSparseMux_HasDef' <Latency = 0> <II = 1> <Delay = 1.58> <FuncUnit> <Opcode : 'sparsemux'> <InPorts = 2> <OutPorts = 1>
ST_4 : Operation 216 [1/1] (1.58ns)   --->   "%tmp_11 = sparsemux i8 @_ssdm_op_SparseMux.ap_auto.3i8.i8.i2, i2 0, i8 %line_buffer_load, i2 1, i8 %line_buffer_3_load, i2 2, i8 %line_buffer_6_load, i8 0, i2 %phi_urem_read" [filter.cpp:49->filter.cpp:151]   --->   Operation 216 'sparsemux' 'tmp_11' <Predicate = true> <Delay = 1.58> <CoreInst = "OneHotSparseMux_HasDef">   --->   Core 140 'OneHotSparseMux_HasDef' <Latency = 0> <II = 1> <Delay = 1.58> <FuncUnit> <Opcode : 'sparsemux'> <InPorts = 2> <OutPorts = 1>
ST_4 : Operation 217 [1/1] (1.58ns)   --->   "%tmp_12 = sparsemux i8 @_ssdm_op_SparseMux.ap_auto.3i8.i8.i2, i2 0, i8 %line_buffer_1_load, i2 1, i8 %line_buffer_4_load, i2 2, i8 %line_buffer_7_load, i8 0, i2 %phi_urem_read" [filter.cpp:49->filter.cpp:151]   --->   Operation 217 'sparsemux' 'tmp_12' <Predicate = true> <Delay = 1.58> <CoreInst = "OneHotSparseMux_HasDef">   --->   Core 140 'OneHotSparseMux_HasDef' <Latency = 0> <II = 1> <Delay = 1.58> <FuncUnit> <Opcode : 'sparsemux'> <InPorts = 2> <OutPorts = 1>
ST_4 : Operation 218 [1/1] (1.58ns)   --->   "%tmp_13 = sparsemux i8 @_ssdm_op_SparseMux.ap_auto.3i8.i8.i2, i2 0, i8 %line_buffer_2_load, i2 1, i8 %line_buffer_5_load, i2 2, i8 %line_buffer_8_load, i8 0, i2 %phi_urem_read" [filter.cpp:49->filter.cpp:151]   --->   Operation 218 'sparsemux' 'tmp_13' <Predicate = true> <Delay = 1.58> <CoreInst = "OneHotSparseMux_HasDef">   --->   Core 140 'OneHotSparseMux_HasDef' <Latency = 0> <II = 1> <Delay = 1.58> <FuncUnit> <Opcode : 'sparsemux'> <InPorts = 2> <OutPorts = 1>
ST_4 : Operation 219 [1/1] (1.58ns)   --->   "%tmp_14 = sparsemux i8 @_ssdm_op_SparseMux.ap_auto.3i8.i8.i2, i2 0, i8 %line_buffer_load_2, i2 1, i8 %line_buffer_3_load_2, i2 2, i8 %line_buffer_6_load_2, i8 0, i2 %phi_urem_read" [filter.cpp:49->filter.cpp:151]   --->   Operation 219 'sparsemux' 'tmp_14' <Predicate = true> <Delay = 1.58> <CoreInst = "OneHotSparseMux_HasDef">   --->   Core 140 'OneHotSparseMux_HasDef' <Latency = 0> <II = 1> <Delay = 1.58> <FuncUnit> <Opcode : 'sparsemux'> <InPorts = 2> <OutPorts = 1>
ST_4 : Operation 220 [1/1] (1.58ns)   --->   "%tmp_15 = sparsemux i8 @_ssdm_op_SparseMux.ap_auto.3i8.i8.i2, i2 0, i8 %line_buffer_1_load_2, i2 1, i8 %line_buffer_4_load_2, i2 2, i8 %line_buffer_7_load_2, i8 0, i2 %phi_urem_read" [filter.cpp:49->filter.cpp:151]   --->   Operation 220 'sparsemux' 'tmp_15' <Predicate = true> <Delay = 1.58> <CoreInst = "OneHotSparseMux_HasDef">   --->   Core 140 'OneHotSparseMux_HasDef' <Latency = 0> <II = 1> <Delay = 1.58> <FuncUnit> <Opcode : 'sparsemux'> <InPorts = 2> <OutPorts = 1>
ST_4 : Operation 221 [1/1] (1.58ns)   --->   "%tmp_16 = sparsemux i8 @_ssdm_op_SparseMux.ap_auto.3i8.i8.i2, i2 0, i8 %line_buffer_2_load_2, i2 1, i8 %line_buffer_5_load_2, i2 2, i8 %line_buffer_8_load_2, i8 0, i2 %phi_urem_read" [filter.cpp:49->filter.cpp:151]   --->   Operation 221 'sparsemux' 'tmp_16' <Predicate = true> <Delay = 1.58> <CoreInst = "OneHotSparseMux_HasDef">   --->   Core 140 'OneHotSparseMux_HasDef' <Latency = 0> <II = 1> <Delay = 1.58> <FuncUnit> <Opcode : 'sparsemux'> <InPorts = 2> <OutPorts = 1>
ST_4 : Operation 222 [1/1] (1.58ns)   --->   "%tmp_17 = sparsemux i8 @_ssdm_op_SparseMux.ap_auto.3i8.i8.i2, i2 0, i8 %line_buffer_load, i2 1, i8 %line_buffer_3_load, i2 2, i8 %line_buffer_6_load, i8 0, i2 %buffer_row_read" [filter.cpp:49->filter.cpp:151]   --->   Operation 222 'sparsemux' 'tmp_17' <Predicate = true> <Delay = 1.58> <CoreInst = "OneHotSparseMux_HasDef">   --->   Core 140 'OneHotSparseMux_HasDef' <Latency = 0> <II = 1> <Delay = 1.58> <FuncUnit> <Opcode : 'sparsemux'> <InPorts = 2> <OutPorts = 1>
ST_4 : Operation 223 [1/1] (1.58ns)   --->   "%tmp_18 = sparsemux i8 @_ssdm_op_SparseMux.ap_auto.3i8.i8.i2, i2 0, i8 %line_buffer_1_load, i2 1, i8 %line_buffer_4_load, i2 2, i8 %line_buffer_7_load, i8 0, i2 %buffer_row_read" [filter.cpp:49->filter.cpp:151]   --->   Operation 223 'sparsemux' 'tmp_18' <Predicate = true> <Delay = 1.58> <CoreInst = "OneHotSparseMux_HasDef">   --->   Core 140 'OneHotSparseMux_HasDef' <Latency = 0> <II = 1> <Delay = 1.58> <FuncUnit> <Opcode : 'sparsemux'> <InPorts = 2> <OutPorts = 1>
ST_4 : Operation 224 [1/1] (1.58ns)   --->   "%tmp_19 = sparsemux i8 @_ssdm_op_SparseMux.ap_auto.3i8.i8.i2, i2 0, i8 %line_buffer_2_load, i2 1, i8 %line_buffer_5_load, i2 2, i8 %line_buffer_8_load, i8 0, i2 %buffer_row_read" [filter.cpp:49->filter.cpp:151]   --->   Operation 224 'sparsemux' 'tmp_19' <Predicate = true> <Delay = 1.58> <CoreInst = "OneHotSparseMux_HasDef">   --->   Core 140 'OneHotSparseMux_HasDef' <Latency = 0> <II = 1> <Delay = 1.58> <FuncUnit> <Opcode : 'sparsemux'> <InPorts = 2> <OutPorts = 1>
ST_4 : Operation 225 [1/1] (1.58ns)   --->   "%tmp_20 = sparsemux i8 @_ssdm_op_SparseMux.ap_auto.3i8.i8.i2, i2 0, i8 %line_buffer_load_1, i2 1, i8 %line_buffer_3_load_1, i2 2, i8 %line_buffer_6_load_1, i8 0, i2 %buffer_row_read" [filter.cpp:49->filter.cpp:151]   --->   Operation 225 'sparsemux' 'tmp_20' <Predicate = true> <Delay = 1.58> <CoreInst = "OneHotSparseMux_HasDef">   --->   Core 140 'OneHotSparseMux_HasDef' <Latency = 0> <II = 1> <Delay = 1.58> <FuncUnit> <Opcode : 'sparsemux'> <InPorts = 2> <OutPorts = 1>
ST_4 : Operation 226 [1/1] (1.58ns)   --->   "%tmp_21 = sparsemux i8 @_ssdm_op_SparseMux.ap_auto.3i8.i8.i2, i2 0, i8 %line_buffer_1_load_1, i2 1, i8 %line_buffer_4_load_1, i2 2, i8 %line_buffer_7_load_1, i8 0, i2 %buffer_row_read" [filter.cpp:49->filter.cpp:151]   --->   Operation 226 'sparsemux' 'tmp_21' <Predicate = true> <Delay = 1.58> <CoreInst = "OneHotSparseMux_HasDef">   --->   Core 140 'OneHotSparseMux_HasDef' <Latency = 0> <II = 1> <Delay = 1.58> <FuncUnit> <Opcode : 'sparsemux'> <InPorts = 2> <OutPorts = 1>
ST_4 : Operation 227 [1/1] (1.58ns)   --->   "%tmp_22 = sparsemux i8 @_ssdm_op_SparseMux.ap_auto.3i8.i8.i2, i2 0, i8 %line_buffer_2_load_1, i2 1, i8 %line_buffer_5_load_1, i2 2, i8 %line_buffer_8_load_1, i8 0, i2 %buffer_row_read" [filter.cpp:49->filter.cpp:151]   --->   Operation 227 'sparsemux' 'tmp_22' <Predicate = true> <Delay = 1.58> <CoreInst = "OneHotSparseMux_HasDef">   --->   Core 140 'OneHotSparseMux_HasDef' <Latency = 0> <II = 1> <Delay = 1.58> <FuncUnit> <Opcode : 'sparsemux'> <InPorts = 2> <OutPorts = 1>
ST_4 : Operation 228 [1/1] (1.58ns)   --->   "%tmp_23 = sparsemux i8 @_ssdm_op_SparseMux.ap_auto.3i8.i8.i2, i2 0, i8 %line_buffer_load_2, i2 1, i8 %line_buffer_3_load_2, i2 2, i8 %line_buffer_6_load_2, i8 0, i2 %buffer_row_read" [filter.cpp:49->filter.cpp:151]   --->   Operation 228 'sparsemux' 'tmp_23' <Predicate = true> <Delay = 1.58> <CoreInst = "OneHotSparseMux_HasDef">   --->   Core 140 'OneHotSparseMux_HasDef' <Latency = 0> <II = 1> <Delay = 1.58> <FuncUnit> <Opcode : 'sparsemux'> <InPorts = 2> <OutPorts = 1>
ST_4 : Operation 229 [1/1] (1.58ns)   --->   "%tmp_24 = sparsemux i8 @_ssdm_op_SparseMux.ap_auto.3i8.i8.i2, i2 0, i8 %line_buffer_1_load_2, i2 1, i8 %line_buffer_4_load_2, i2 2, i8 %line_buffer_7_load_2, i8 0, i2 %buffer_row_read" [filter.cpp:49->filter.cpp:151]   --->   Operation 229 'sparsemux' 'tmp_24' <Predicate = true> <Delay = 1.58> <CoreInst = "OneHotSparseMux_HasDef">   --->   Core 140 'OneHotSparseMux_HasDef' <Latency = 0> <II = 1> <Delay = 1.58> <FuncUnit> <Opcode : 'sparsemux'> <InPorts = 2> <OutPorts = 1>
ST_4 : Operation 230 [1/1] (1.58ns)   --->   "%tmp_25 = sparsemux i8 @_ssdm_op_SparseMux.ap_auto.3i8.i8.i2, i2 0, i8 %line_buffer_2_load_2, i2 1, i8 %line_buffer_5_load_2, i2 2, i8 %line_buffer_8_load_2, i8 0, i2 %buffer_row_read" [filter.cpp:49->filter.cpp:151]   --->   Operation 230 'sparsemux' 'tmp_25' <Predicate = true> <Delay = 1.58> <CoreInst = "OneHotSparseMux_HasDef">   --->   Core 140 'OneHotSparseMux_HasDef' <Latency = 0> <II = 1> <Delay = 1.58> <FuncUnit> <Opcode : 'sparsemux'> <InPorts = 2> <OutPorts = 1>

State 5 <SV = 4> <Delay = 6.41>
ST_5 : Operation 231 [1/1] (0.00ns)   --->   "%zext_ln68 = zext i8 %tmp_3" [filter.cpp:68->filter.cpp:152]   --->   Operation 231 'zext' 'zext_ln68' <Predicate = true> <Delay = 0.00>
ST_5 : Operation 232 [6/6] (6.41ns)   --->   "%conv_i = uitofp i32 %zext_ln68" [filter.cpp:68->filter.cpp:152]   --->   Operation 232 'uitofp' 'conv_i' <Predicate = true> <Delay = 6.41> <CoreInst = "Int2Float">   --->   Core 62 'Int2Float' <Latency = 5> <II = 1> <Delay = 6.41> <FuncUnit> <Opcode : 'uitofp' 'sitofp'> <InPorts = 1> <OutPorts = 1>
ST_5 : Operation 233 [1/1] (0.00ns)   --->   "%zext_ln68_1 = zext i8 %tmp_4" [filter.cpp:68->filter.cpp:152]   --->   Operation 233 'zext' 'zext_ln68_1' <Predicate = true> <Delay = 0.00>
ST_5 : Operation 234 [6/6] (6.41ns)   --->   "%conv_i_s = uitofp i32 %zext_ln68_1" [filter.cpp:68->filter.cpp:152]   --->   Operation 234 'uitofp' 'conv_i_s' <Predicate = true> <Delay = 6.41> <CoreInst = "Int2Float">   --->   Core 62 'Int2Float' <Latency = 5> <II = 1> <Delay = 6.41> <FuncUnit> <Opcode : 'uitofp' 'sitofp'> <InPorts = 1> <OutPorts = 1>
ST_5 : Operation 235 [1/1] (0.00ns)   --->   "%zext_ln68_2 = zext i8 %tmp_5" [filter.cpp:68->filter.cpp:152]   --->   Operation 235 'zext' 'zext_ln68_2' <Predicate = true> <Delay = 0.00>
ST_5 : Operation 236 [6/6] (6.41ns)   --->   "%conv_i_3 = uitofp i32 %zext_ln68_2" [filter.cpp:68->filter.cpp:152]   --->   Operation 236 'uitofp' 'conv_i_3' <Predicate = true> <Delay = 6.41> <CoreInst = "Int2Float">   --->   Core 62 'Int2Float' <Latency = 5> <II = 1> <Delay = 6.41> <FuncUnit> <Opcode : 'uitofp' 'sitofp'> <InPorts = 1> <OutPorts = 1>

State 6 <SV = 5> <Delay = 6.41>
ST_6 : Operation 237 [5/6] (6.41ns)   --->   "%conv_i = uitofp i32 %zext_ln68" [filter.cpp:68->filter.cpp:152]   --->   Operation 237 'uitofp' 'conv_i' <Predicate = true> <Delay = 6.41> <CoreInst = "Int2Float">   --->   Core 62 'Int2Float' <Latency = 5> <II = 1> <Delay = 6.41> <FuncUnit> <Opcode : 'uitofp' 'sitofp'> <InPorts = 1> <OutPorts = 1>
ST_6 : Operation 238 [5/6] (6.41ns)   --->   "%conv_i_s = uitofp i32 %zext_ln68_1" [filter.cpp:68->filter.cpp:152]   --->   Operation 238 'uitofp' 'conv_i_s' <Predicate = true> <Delay = 6.41> <CoreInst = "Int2Float">   --->   Core 62 'Int2Float' <Latency = 5> <II = 1> <Delay = 6.41> <FuncUnit> <Opcode : 'uitofp' 'sitofp'> <InPorts = 1> <OutPorts = 1>
ST_6 : Operation 239 [5/6] (6.41ns)   --->   "%conv_i_3 = uitofp i32 %zext_ln68_2" [filter.cpp:68->filter.cpp:152]   --->   Operation 239 'uitofp' 'conv_i_3' <Predicate = true> <Delay = 6.41> <CoreInst = "Int2Float">   --->   Core 62 'Int2Float' <Latency = 5> <II = 1> <Delay = 6.41> <FuncUnit> <Opcode : 'uitofp' 'sitofp'> <InPorts = 1> <OutPorts = 1>

State 7 <SV = 6> <Delay = 6.41>
ST_7 : Operation 240 [4/6] (6.41ns)   --->   "%conv_i = uitofp i32 %zext_ln68" [filter.cpp:68->filter.cpp:152]   --->   Operation 240 'uitofp' 'conv_i' <Predicate = true> <Delay = 6.41> <CoreInst = "Int2Float">   --->   Core 62 'Int2Float' <Latency = 5> <II = 1> <Delay = 6.41> <FuncUnit> <Opcode : 'uitofp' 'sitofp'> <InPorts = 1> <OutPorts = 1>
ST_7 : Operation 241 [4/6] (6.41ns)   --->   "%conv_i_s = uitofp i32 %zext_ln68_1" [filter.cpp:68->filter.cpp:152]   --->   Operation 241 'uitofp' 'conv_i_s' <Predicate = true> <Delay = 6.41> <CoreInst = "Int2Float">   --->   Core 62 'Int2Float' <Latency = 5> <II = 1> <Delay = 6.41> <FuncUnit> <Opcode : 'uitofp' 'sitofp'> <InPorts = 1> <OutPorts = 1>
ST_7 : Operation 242 [4/6] (6.41ns)   --->   "%conv_i_3 = uitofp i32 %zext_ln68_2" [filter.cpp:68->filter.cpp:152]   --->   Operation 242 'uitofp' 'conv_i_3' <Predicate = true> <Delay = 6.41> <CoreInst = "Int2Float">   --->   Core 62 'Int2Float' <Latency = 5> <II = 1> <Delay = 6.41> <FuncUnit> <Opcode : 'uitofp' 'sitofp'> <InPorts = 1> <OutPorts = 1>

State 8 <SV = 7> <Delay = 6.41>
ST_8 : Operation 243 [3/6] (6.41ns)   --->   "%conv_i = uitofp i32 %zext_ln68" [filter.cpp:68->filter.cpp:152]   --->   Operation 243 'uitofp' 'conv_i' <Predicate = true> <Delay = 6.41> <CoreInst = "Int2Float">   --->   Core 62 'Int2Float' <Latency = 5> <II = 1> <Delay = 6.41> <FuncUnit> <Opcode : 'uitofp' 'sitofp'> <InPorts = 1> <OutPorts = 1>
ST_8 : Operation 244 [3/6] (6.41ns)   --->   "%conv_i_s = uitofp i32 %zext_ln68_1" [filter.cpp:68->filter.cpp:152]   --->   Operation 244 'uitofp' 'conv_i_s' <Predicate = true> <Delay = 6.41> <CoreInst = "Int2Float">   --->   Core 62 'Int2Float' <Latency = 5> <II = 1> <Delay = 6.41> <FuncUnit> <Opcode : 'uitofp' 'sitofp'> <InPorts = 1> <OutPorts = 1>
ST_8 : Operation 245 [3/6] (6.41ns)   --->   "%conv_i_3 = uitofp i32 %zext_ln68_2" [filter.cpp:68->filter.cpp:152]   --->   Operation 245 'uitofp' 'conv_i_3' <Predicate = true> <Delay = 6.41> <CoreInst = "Int2Float">   --->   Core 62 'Int2Float' <Latency = 5> <II = 1> <Delay = 6.41> <FuncUnit> <Opcode : 'uitofp' 'sitofp'> <InPorts = 1> <OutPorts = 1>

State 9 <SV = 8> <Delay = 6.41>
ST_9 : Operation 246 [2/6] (6.41ns)   --->   "%conv_i = uitofp i32 %zext_ln68" [filter.cpp:68->filter.cpp:152]   --->   Operation 246 'uitofp' 'conv_i' <Predicate = true> <Delay = 6.41> <CoreInst = "Int2Float">   --->   Core 62 'Int2Float' <Latency = 5> <II = 1> <Delay = 6.41> <FuncUnit> <Opcode : 'uitofp' 'sitofp'> <InPorts = 1> <OutPorts = 1>
ST_9 : Operation 247 [2/6] (6.41ns)   --->   "%conv_i_s = uitofp i32 %zext_ln68_1" [filter.cpp:68->filter.cpp:152]   --->   Operation 247 'uitofp' 'conv_i_s' <Predicate = true> <Delay = 6.41> <CoreInst = "Int2Float">   --->   Core 62 'Int2Float' <Latency = 5> <II = 1> <Delay = 6.41> <FuncUnit> <Opcode : 'uitofp' 'sitofp'> <InPorts = 1> <OutPorts = 1>
ST_9 : Operation 248 [2/6] (6.41ns)   --->   "%conv_i_3 = uitofp i32 %zext_ln68_2" [filter.cpp:68->filter.cpp:152]   --->   Operation 248 'uitofp' 'conv_i_3' <Predicate = true> <Delay = 6.41> <CoreInst = "Int2Float">   --->   Core 62 'Int2Float' <Latency = 5> <II = 1> <Delay = 6.41> <FuncUnit> <Opcode : 'uitofp' 'sitofp'> <InPorts = 1> <OutPorts = 1>

State 10 <SV = 9> <Delay = 6.41>
ST_10 : Operation 249 [1/6] (6.41ns)   --->   "%conv_i = uitofp i32 %zext_ln68" [filter.cpp:68->filter.cpp:152]   --->   Operation 249 'uitofp' 'conv_i' <Predicate = true> <Delay = 6.41> <CoreInst = "Int2Float">   --->   Core 62 'Int2Float' <Latency = 5> <II = 1> <Delay = 6.41> <FuncUnit> <Opcode : 'uitofp' 'sitofp'> <InPorts = 1> <OutPorts = 1>
ST_10 : Operation 250 [1/6] (6.41ns)   --->   "%conv_i_s = uitofp i32 %zext_ln68_1" [filter.cpp:68->filter.cpp:152]   --->   Operation 250 'uitofp' 'conv_i_s' <Predicate = true> <Delay = 6.41> <CoreInst = "Int2Float">   --->   Core 62 'Int2Float' <Latency = 5> <II = 1> <Delay = 6.41> <FuncUnit> <Opcode : 'uitofp' 'sitofp'> <InPorts = 1> <OutPorts = 1>
ST_10 : Operation 251 [1/6] (6.41ns)   --->   "%conv_i_3 = uitofp i32 %zext_ln68_2" [filter.cpp:68->filter.cpp:152]   --->   Operation 251 'uitofp' 'conv_i_3' <Predicate = true> <Delay = 6.41> <CoreInst = "Int2Float">   --->   Core 62 'Int2Float' <Latency = 5> <II = 1> <Delay = 6.41> <FuncUnit> <Opcode : 'uitofp' 'sitofp'> <InPorts = 1> <OutPorts = 1>
ST_10 : Operation 252 [1/1] (0.00ns)   --->   "%zext_ln68_3 = zext i8 %tmp_6" [filter.cpp:68->filter.cpp:152]   --->   Operation 252 'zext' 'zext_ln68_3' <Predicate = true> <Delay = 0.00>
ST_10 : Operation 253 [6/6] (6.41ns)   --->   "%conv_i_4 = uitofp i32 %zext_ln68_3" [filter.cpp:68->filter.cpp:152]   --->   Operation 253 'uitofp' 'conv_i_4' <Predicate = true> <Delay = 6.41> <CoreInst = "Int2Float">   --->   Core 62 'Int2Float' <Latency = 5> <II = 1> <Delay = 6.41> <FuncUnit> <Opcode : 'uitofp' 'sitofp'> <InPorts = 1> <OutPorts = 1>
ST_10 : Operation 254 [1/1] (0.00ns)   --->   "%zext_ln68_4 = zext i8 %tmp_7" [filter.cpp:68->filter.cpp:152]   --->   Operation 254 'zext' 'zext_ln68_4' <Predicate = true> <Delay = 0.00>
ST_10 : Operation 255 [6/6] (6.41ns)   --->   "%conv_i_1447_1 = uitofp i32 %zext_ln68_4" [filter.cpp:68->filter.cpp:152]   --->   Operation 255 'uitofp' 'conv_i_1447_1' <Predicate = true> <Delay = 6.41> <CoreInst = "Int2Float">   --->   Core 62 'Int2Float' <Latency = 5> <II = 1> <Delay = 6.41> <FuncUnit> <Opcode : 'uitofp' 'sitofp'> <InPorts = 1> <OutPorts = 1>
ST_10 : Operation 256 [1/1] (0.00ns)   --->   "%zext_ln68_5 = zext i8 %tmp_8" [filter.cpp:68->filter.cpp:152]   --->   Operation 256 'zext' 'zext_ln68_5' <Predicate = true> <Delay = 0.00>
ST_10 : Operation 257 [6/6] (6.41ns)   --->   "%conv_i_1447_2 = uitofp i32 %zext_ln68_5" [filter.cpp:68->filter.cpp:152]   --->   Operation 257 'uitofp' 'conv_i_1447_2' <Predicate = true> <Delay = 6.41> <CoreInst = "Int2Float">   --->   Core 62 'Int2Float' <Latency = 5> <II = 1> <Delay = 6.41> <FuncUnit> <Opcode : 'uitofp' 'sitofp'> <InPorts = 1> <OutPorts = 1>

State 11 <SV = 10> <Delay = 6.41>
ST_11 : Operation 258 [4/4] (5.70ns)   --->   "%mul_i = fmul i32 %conv_i, i32 %tmp_48" [filter.cpp:68->filter.cpp:152]   --->   Operation 258 'fmul' 'mul_i' <Predicate = true> <Delay = 5.70> <CoreInst = "FMul_maxdsp">   --->   Core 30 'FMul_maxdsp' <Latency = 3> <II = 1> <Delay = 5.70> <FuncUnit> <Opcode : 'fmul'> <InPorts = 2> <OutPorts = 1>
ST_11 : Operation 259 [4/4] (5.70ns)   --->   "%mul_i_s = fmul i32 %conv_i_s, i32 %tmp_48" [filter.cpp:68->filter.cpp:152]   --->   Operation 259 'fmul' 'mul_i_s' <Predicate = true> <Delay = 5.70> <CoreInst = "FMul_maxdsp">   --->   Core 30 'FMul_maxdsp' <Latency = 3> <II = 1> <Delay = 5.70> <FuncUnit> <Opcode : 'fmul'> <InPorts = 2> <OutPorts = 1>
ST_11 : Operation 260 [4/4] (5.70ns)   --->   "%mul_i_3 = fmul i32 %conv_i_3, i32 %tmp_48" [filter.cpp:68->filter.cpp:152]   --->   Operation 260 'fmul' 'mul_i_3' <Predicate = true> <Delay = 5.70> <CoreInst = "FMul_maxdsp">   --->   Core 30 'FMul_maxdsp' <Latency = 3> <II = 1> <Delay = 5.70> <FuncUnit> <Opcode : 'fmul'> <InPorts = 2> <OutPorts = 1>
ST_11 : Operation 261 [5/6] (6.41ns)   --->   "%conv_i_4 = uitofp i32 %zext_ln68_3" [filter.cpp:68->filter.cpp:152]   --->   Operation 261 'uitofp' 'conv_i_4' <Predicate = true> <Delay = 6.41> <CoreInst = "Int2Float">   --->   Core 62 'Int2Float' <Latency = 5> <II = 1> <Delay = 6.41> <FuncUnit> <Opcode : 'uitofp' 'sitofp'> <InPorts = 1> <OutPorts = 1>
ST_11 : Operation 262 [5/6] (6.41ns)   --->   "%conv_i_1447_1 = uitofp i32 %zext_ln68_4" [filter.cpp:68->filter.cpp:152]   --->   Operation 262 'uitofp' 'conv_i_1447_1' <Predicate = true> <Delay = 6.41> <CoreInst = "Int2Float">   --->   Core 62 'Int2Float' <Latency = 5> <II = 1> <Delay = 6.41> <FuncUnit> <Opcode : 'uitofp' 'sitofp'> <InPorts = 1> <OutPorts = 1>
ST_11 : Operation 263 [5/6] (6.41ns)   --->   "%conv_i_1447_2 = uitofp i32 %zext_ln68_5" [filter.cpp:68->filter.cpp:152]   --->   Operation 263 'uitofp' 'conv_i_1447_2' <Predicate = true> <Delay = 6.41> <CoreInst = "Int2Float">   --->   Core 62 'Int2Float' <Latency = 5> <II = 1> <Delay = 6.41> <FuncUnit> <Opcode : 'uitofp' 'sitofp'> <InPorts = 1> <OutPorts = 1>

State 12 <SV = 11> <Delay = 6.41>
ST_12 : Operation 264 [3/4] (5.70ns)   --->   "%mul_i = fmul i32 %conv_i, i32 %tmp_48" [filter.cpp:68->filter.cpp:152]   --->   Operation 264 'fmul' 'mul_i' <Predicate = true> <Delay = 5.70> <CoreInst = "FMul_maxdsp">   --->   Core 30 'FMul_maxdsp' <Latency = 3> <II = 1> <Delay = 5.70> <FuncUnit> <Opcode : 'fmul'> <InPorts = 2> <OutPorts = 1>
ST_12 : Operation 265 [3/4] (5.70ns)   --->   "%mul_i_s = fmul i32 %conv_i_s, i32 %tmp_48" [filter.cpp:68->filter.cpp:152]   --->   Operation 265 'fmul' 'mul_i_s' <Predicate = true> <Delay = 5.70> <CoreInst = "FMul_maxdsp">   --->   Core 30 'FMul_maxdsp' <Latency = 3> <II = 1> <Delay = 5.70> <FuncUnit> <Opcode : 'fmul'> <InPorts = 2> <OutPorts = 1>
ST_12 : Operation 266 [3/4] (5.70ns)   --->   "%mul_i_3 = fmul i32 %conv_i_3, i32 %tmp_48" [filter.cpp:68->filter.cpp:152]   --->   Operation 266 'fmul' 'mul_i_3' <Predicate = true> <Delay = 5.70> <CoreInst = "FMul_maxdsp">   --->   Core 30 'FMul_maxdsp' <Latency = 3> <II = 1> <Delay = 5.70> <FuncUnit> <Opcode : 'fmul'> <InPorts = 2> <OutPorts = 1>
ST_12 : Operation 267 [4/6] (6.41ns)   --->   "%conv_i_4 = uitofp i32 %zext_ln68_3" [filter.cpp:68->filter.cpp:152]   --->   Operation 267 'uitofp' 'conv_i_4' <Predicate = true> <Delay = 6.41> <CoreInst = "Int2Float">   --->   Core 62 'Int2Float' <Latency = 5> <II = 1> <Delay = 6.41> <FuncUnit> <Opcode : 'uitofp' 'sitofp'> <InPorts = 1> <OutPorts = 1>
ST_12 : Operation 268 [4/6] (6.41ns)   --->   "%conv_i_1447_1 = uitofp i32 %zext_ln68_4" [filter.cpp:68->filter.cpp:152]   --->   Operation 268 'uitofp' 'conv_i_1447_1' <Predicate = true> <Delay = 6.41> <CoreInst = "Int2Float">   --->   Core 62 'Int2Float' <Latency = 5> <II = 1> <Delay = 6.41> <FuncUnit> <Opcode : 'uitofp' 'sitofp'> <InPorts = 1> <OutPorts = 1>
ST_12 : Operation 269 [4/6] (6.41ns)   --->   "%conv_i_1447_2 = uitofp i32 %zext_ln68_5" [filter.cpp:68->filter.cpp:152]   --->   Operation 269 'uitofp' 'conv_i_1447_2' <Predicate = true> <Delay = 6.41> <CoreInst = "Int2Float">   --->   Core 62 'Int2Float' <Latency = 5> <II = 1> <Delay = 6.41> <FuncUnit> <Opcode : 'uitofp' 'sitofp'> <InPorts = 1> <OutPorts = 1>

State 13 <SV = 12> <Delay = 6.41>
ST_13 : Operation 270 [2/4] (5.70ns)   --->   "%mul_i = fmul i32 %conv_i, i32 %tmp_48" [filter.cpp:68->filter.cpp:152]   --->   Operation 270 'fmul' 'mul_i' <Predicate = true> <Delay = 5.70> <CoreInst = "FMul_maxdsp">   --->   Core 30 'FMul_maxdsp' <Latency = 3> <II = 1> <Delay = 5.70> <FuncUnit> <Opcode : 'fmul'> <InPorts = 2> <OutPorts = 1>
ST_13 : Operation 271 [2/4] (5.70ns)   --->   "%mul_i_s = fmul i32 %conv_i_s, i32 %tmp_48" [filter.cpp:68->filter.cpp:152]   --->   Operation 271 'fmul' 'mul_i_s' <Predicate = true> <Delay = 5.70> <CoreInst = "FMul_maxdsp">   --->   Core 30 'FMul_maxdsp' <Latency = 3> <II = 1> <Delay = 5.70> <FuncUnit> <Opcode : 'fmul'> <InPorts = 2> <OutPorts = 1>
ST_13 : Operation 272 [2/4] (5.70ns)   --->   "%mul_i_3 = fmul i32 %conv_i_3, i32 %tmp_48" [filter.cpp:68->filter.cpp:152]   --->   Operation 272 'fmul' 'mul_i_3' <Predicate = true> <Delay = 5.70> <CoreInst = "FMul_maxdsp">   --->   Core 30 'FMul_maxdsp' <Latency = 3> <II = 1> <Delay = 5.70> <FuncUnit> <Opcode : 'fmul'> <InPorts = 2> <OutPorts = 1>
ST_13 : Operation 273 [3/6] (6.41ns)   --->   "%conv_i_4 = uitofp i32 %zext_ln68_3" [filter.cpp:68->filter.cpp:152]   --->   Operation 273 'uitofp' 'conv_i_4' <Predicate = true> <Delay = 6.41> <CoreInst = "Int2Float">   --->   Core 62 'Int2Float' <Latency = 5> <II = 1> <Delay = 6.41> <FuncUnit> <Opcode : 'uitofp' 'sitofp'> <InPorts = 1> <OutPorts = 1>
ST_13 : Operation 274 [3/6] (6.41ns)   --->   "%conv_i_1447_1 = uitofp i32 %zext_ln68_4" [filter.cpp:68->filter.cpp:152]   --->   Operation 274 'uitofp' 'conv_i_1447_1' <Predicate = true> <Delay = 6.41> <CoreInst = "Int2Float">   --->   Core 62 'Int2Float' <Latency = 5> <II = 1> <Delay = 6.41> <FuncUnit> <Opcode : 'uitofp' 'sitofp'> <InPorts = 1> <OutPorts = 1>
ST_13 : Operation 275 [3/6] (6.41ns)   --->   "%conv_i_1447_2 = uitofp i32 %zext_ln68_5" [filter.cpp:68->filter.cpp:152]   --->   Operation 275 'uitofp' 'conv_i_1447_2' <Predicate = true> <Delay = 6.41> <CoreInst = "Int2Float">   --->   Core 62 'Int2Float' <Latency = 5> <II = 1> <Delay = 6.41> <FuncUnit> <Opcode : 'uitofp' 'sitofp'> <InPorts = 1> <OutPorts = 1>

State 14 <SV = 13> <Delay = 6.41>
ST_14 : Operation 276 [1/4] (5.70ns)   --->   "%mul_i = fmul i32 %conv_i, i32 %tmp_48" [filter.cpp:68->filter.cpp:152]   --->   Operation 276 'fmul' 'mul_i' <Predicate = true> <Delay = 5.70> <CoreInst = "FMul_maxdsp">   --->   Core 30 'FMul_maxdsp' <Latency = 3> <II = 1> <Delay = 5.70> <FuncUnit> <Opcode : 'fmul'> <InPorts = 2> <OutPorts = 1>
ST_14 : Operation 277 [1/4] (5.70ns)   --->   "%mul_i_s = fmul i32 %conv_i_s, i32 %tmp_48" [filter.cpp:68->filter.cpp:152]   --->   Operation 277 'fmul' 'mul_i_s' <Predicate = true> <Delay = 5.70> <CoreInst = "FMul_maxdsp">   --->   Core 30 'FMul_maxdsp' <Latency = 3> <II = 1> <Delay = 5.70> <FuncUnit> <Opcode : 'fmul'> <InPorts = 2> <OutPorts = 1>
ST_14 : Operation 278 [1/4] (5.70ns)   --->   "%mul_i_3 = fmul i32 %conv_i_3, i32 %tmp_48" [filter.cpp:68->filter.cpp:152]   --->   Operation 278 'fmul' 'mul_i_3' <Predicate = true> <Delay = 5.70> <CoreInst = "FMul_maxdsp">   --->   Core 30 'FMul_maxdsp' <Latency = 3> <II = 1> <Delay = 5.70> <FuncUnit> <Opcode : 'fmul'> <InPorts = 2> <OutPorts = 1>
ST_14 : Operation 279 [2/6] (6.41ns)   --->   "%conv_i_4 = uitofp i32 %zext_ln68_3" [filter.cpp:68->filter.cpp:152]   --->   Operation 279 'uitofp' 'conv_i_4' <Predicate = true> <Delay = 6.41> <CoreInst = "Int2Float">   --->   Core 62 'Int2Float' <Latency = 5> <II = 1> <Delay = 6.41> <FuncUnit> <Opcode : 'uitofp' 'sitofp'> <InPorts = 1> <OutPorts = 1>
ST_14 : Operation 280 [2/6] (6.41ns)   --->   "%conv_i_1447_1 = uitofp i32 %zext_ln68_4" [filter.cpp:68->filter.cpp:152]   --->   Operation 280 'uitofp' 'conv_i_1447_1' <Predicate = true> <Delay = 6.41> <CoreInst = "Int2Float">   --->   Core 62 'Int2Float' <Latency = 5> <II = 1> <Delay = 6.41> <FuncUnit> <Opcode : 'uitofp' 'sitofp'> <InPorts = 1> <OutPorts = 1>
ST_14 : Operation 281 [2/6] (6.41ns)   --->   "%conv_i_1447_2 = uitofp i32 %zext_ln68_5" [filter.cpp:68->filter.cpp:152]   --->   Operation 281 'uitofp' 'conv_i_1447_2' <Predicate = true> <Delay = 6.41> <CoreInst = "Int2Float">   --->   Core 62 'Int2Float' <Latency = 5> <II = 1> <Delay = 6.41> <FuncUnit> <Opcode : 'uitofp' 'sitofp'> <InPorts = 1> <OutPorts = 1>

State 15 <SV = 14> <Delay = 7.25>
ST_15 : Operation 282 [5/5] (7.25ns)   --->   "%sum = fadd i32 %mul_i, i32 0" [filter.cpp:68->filter.cpp:152]   --->   Operation 282 'fadd' 'sum' <Predicate = true> <Delay = 7.25> <CoreInst = "FAddSub_fulldsp">   --->   Core 18 'FAddSub_fulldsp' <Latency = 4> <II = 1> <Delay = 7.25> <FuncUnit> <Opcode : 'fadd' 'fsub'> <InPorts = 2> <OutPorts = 1>
ST_15 : Operation 283 [5/5] (7.25ns)   --->   "%sum_1 = fadd i32 %mul_i_s, i32 0" [filter.cpp:68->filter.cpp:152]   --->   Operation 283 'fadd' 'sum_1' <Predicate = true> <Delay = 7.25> <CoreInst = "FAddSub_fulldsp">   --->   Core 18 'FAddSub_fulldsp' <Latency = 4> <II = 1> <Delay = 7.25> <FuncUnit> <Opcode : 'fadd' 'fsub'> <InPorts = 2> <OutPorts = 1>
ST_15 : Operation 284 [5/5] (7.25ns)   --->   "%sum_2 = fadd i32 %mul_i_3, i32 0" [filter.cpp:68->filter.cpp:152]   --->   Operation 284 'fadd' 'sum_2' <Predicate = true> <Delay = 7.25> <CoreInst = "FAddSub_fulldsp">   --->   Core 18 'FAddSub_fulldsp' <Latency = 4> <II = 1> <Delay = 7.25> <FuncUnit> <Opcode : 'fadd' 'fsub'> <InPorts = 2> <OutPorts = 1>
ST_15 : Operation 285 [1/6] (6.41ns)   --->   "%conv_i_4 = uitofp i32 %zext_ln68_3" [filter.cpp:68->filter.cpp:152]   --->   Operation 285 'uitofp' 'conv_i_4' <Predicate = true> <Delay = 6.41> <CoreInst = "Int2Float">   --->   Core 62 'Int2Float' <Latency = 5> <II = 1> <Delay = 6.41> <FuncUnit> <Opcode : 'uitofp' 'sitofp'> <InPorts = 1> <OutPorts = 1>
ST_15 : Operation 286 [1/6] (6.41ns)   --->   "%conv_i_1447_1 = uitofp i32 %zext_ln68_4" [filter.cpp:68->filter.cpp:152]   --->   Operation 286 'uitofp' 'conv_i_1447_1' <Predicate = true> <Delay = 6.41> <CoreInst = "Int2Float">   --->   Core 62 'Int2Float' <Latency = 5> <II = 1> <Delay = 6.41> <FuncUnit> <Opcode : 'uitofp' 'sitofp'> <InPorts = 1> <OutPorts = 1>
ST_15 : Operation 287 [1/6] (6.41ns)   --->   "%conv_i_1447_2 = uitofp i32 %zext_ln68_5" [filter.cpp:68->filter.cpp:152]   --->   Operation 287 'uitofp' 'conv_i_1447_2' <Predicate = true> <Delay = 6.41> <CoreInst = "Int2Float">   --->   Core 62 'Int2Float' <Latency = 5> <II = 1> <Delay = 6.41> <FuncUnit> <Opcode : 'uitofp' 'sitofp'> <InPorts = 1> <OutPorts = 1>
ST_15 : Operation 288 [1/1] (0.00ns)   --->   "%zext_ln68_6 = zext i8 %tmp_9" [filter.cpp:68->filter.cpp:152]   --->   Operation 288 'zext' 'zext_ln68_6' <Predicate = true> <Delay = 0.00>
ST_15 : Operation 289 [6/6] (6.41ns)   --->   "%conv_i_5 = uitofp i32 %zext_ln68_6" [filter.cpp:68->filter.cpp:152]   --->   Operation 289 'uitofp' 'conv_i_5' <Predicate = true> <Delay = 6.41> <CoreInst = "Int2Float">   --->   Core 62 'Int2Float' <Latency = 5> <II = 1> <Delay = 6.41> <FuncUnit> <Opcode : 'uitofp' 'sitofp'> <InPorts = 1> <OutPorts = 1>
ST_15 : Operation 290 [1/1] (0.00ns)   --->   "%zext_ln68_7 = zext i8 %tmp_s" [filter.cpp:68->filter.cpp:152]   --->   Operation 290 'zext' 'zext_ln68_7' <Predicate = true> <Delay = 0.00>
ST_15 : Operation 291 [6/6] (6.41ns)   --->   "%conv_i_2456_1 = uitofp i32 %zext_ln68_7" [filter.cpp:68->filter.cpp:152]   --->   Operation 291 'uitofp' 'conv_i_2456_1' <Predicate = true> <Delay = 6.41> <CoreInst = "Int2Float">   --->   Core 62 'Int2Float' <Latency = 5> <II = 1> <Delay = 6.41> <FuncUnit> <Opcode : 'uitofp' 'sitofp'> <InPorts = 1> <OutPorts = 1>
ST_15 : Operation 292 [1/1] (0.00ns)   --->   "%zext_ln68_8 = zext i8 %tmp_10" [filter.cpp:68->filter.cpp:152]   --->   Operation 292 'zext' 'zext_ln68_8' <Predicate = true> <Delay = 0.00>
ST_15 : Operation 293 [6/6] (6.41ns)   --->   "%conv_i_2456_2 = uitofp i32 %zext_ln68_8" [filter.cpp:68->filter.cpp:152]   --->   Operation 293 'uitofp' 'conv_i_2456_2' <Predicate = true> <Delay = 6.41> <CoreInst = "Int2Float">   --->   Core 62 'Int2Float' <Latency = 5> <II = 1> <Delay = 6.41> <FuncUnit> <Opcode : 'uitofp' 'sitofp'> <InPorts = 1> <OutPorts = 1>

State 16 <SV = 15> <Delay = 7.25>
ST_16 : Operation 294 [4/5] (7.25ns)   --->   "%sum = fadd i32 %mul_i, i32 0" [filter.cpp:68->filter.cpp:152]   --->   Operation 294 'fadd' 'sum' <Predicate = true> <Delay = 7.25> <CoreInst = "FAddSub_fulldsp">   --->   Core 18 'FAddSub_fulldsp' <Latency = 4> <II = 1> <Delay = 7.25> <FuncUnit> <Opcode : 'fadd' 'fsub'> <InPorts = 2> <OutPorts = 1>
ST_16 : Operation 295 [4/5] (7.25ns)   --->   "%sum_1 = fadd i32 %mul_i_s, i32 0" [filter.cpp:68->filter.cpp:152]   --->   Operation 295 'fadd' 'sum_1' <Predicate = true> <Delay = 7.25> <CoreInst = "FAddSub_fulldsp">   --->   Core 18 'FAddSub_fulldsp' <Latency = 4> <II = 1> <Delay = 7.25> <FuncUnit> <Opcode : 'fadd' 'fsub'> <InPorts = 2> <OutPorts = 1>
ST_16 : Operation 296 [4/5] (7.25ns)   --->   "%sum_2 = fadd i32 %mul_i_3, i32 0" [filter.cpp:68->filter.cpp:152]   --->   Operation 296 'fadd' 'sum_2' <Predicate = true> <Delay = 7.25> <CoreInst = "FAddSub_fulldsp">   --->   Core 18 'FAddSub_fulldsp' <Latency = 4> <II = 1> <Delay = 7.25> <FuncUnit> <Opcode : 'fadd' 'fsub'> <InPorts = 2> <OutPorts = 1>
ST_16 : Operation 297 [4/4] (5.70ns)   --->   "%mul_i_4 = fmul i32 %conv_i_4, i32 %tmp_47" [filter.cpp:68->filter.cpp:152]   --->   Operation 297 'fmul' 'mul_i_4' <Predicate = true> <Delay = 5.70> <CoreInst = "FMul_maxdsp">   --->   Core 30 'FMul_maxdsp' <Latency = 3> <II = 1> <Delay = 5.70> <FuncUnit> <Opcode : 'fmul'> <InPorts = 2> <OutPorts = 1>
ST_16 : Operation 298 [4/4] (5.70ns)   --->   "%mul_i_1448_1 = fmul i32 %conv_i_1447_1, i32 %tmp_47" [filter.cpp:68->filter.cpp:152]   --->   Operation 298 'fmul' 'mul_i_1448_1' <Predicate = true> <Delay = 5.70> <CoreInst = "FMul_maxdsp">   --->   Core 30 'FMul_maxdsp' <Latency = 3> <II = 1> <Delay = 5.70> <FuncUnit> <Opcode : 'fmul'> <InPorts = 2> <OutPorts = 1>
ST_16 : Operation 299 [4/4] (5.70ns)   --->   "%mul_i_1448_2 = fmul i32 %conv_i_1447_2, i32 %tmp_47" [filter.cpp:68->filter.cpp:152]   --->   Operation 299 'fmul' 'mul_i_1448_2' <Predicate = true> <Delay = 5.70> <CoreInst = "FMul_maxdsp">   --->   Core 30 'FMul_maxdsp' <Latency = 3> <II = 1> <Delay = 5.70> <FuncUnit> <Opcode : 'fmul'> <InPorts = 2> <OutPorts = 1>
ST_16 : Operation 300 [5/6] (6.41ns)   --->   "%conv_i_5 = uitofp i32 %zext_ln68_6" [filter.cpp:68->filter.cpp:152]   --->   Operation 300 'uitofp' 'conv_i_5' <Predicate = true> <Delay = 6.41> <CoreInst = "Int2Float">   --->   Core 62 'Int2Float' <Latency = 5> <II = 1> <Delay = 6.41> <FuncUnit> <Opcode : 'uitofp' 'sitofp'> <InPorts = 1> <OutPorts = 1>
ST_16 : Operation 301 [5/6] (6.41ns)   --->   "%conv_i_2456_1 = uitofp i32 %zext_ln68_7" [filter.cpp:68->filter.cpp:152]   --->   Operation 301 'uitofp' 'conv_i_2456_1' <Predicate = true> <Delay = 6.41> <CoreInst = "Int2Float">   --->   Core 62 'Int2Float' <Latency = 5> <II = 1> <Delay = 6.41> <FuncUnit> <Opcode : 'uitofp' 'sitofp'> <InPorts = 1> <OutPorts = 1>
ST_16 : Operation 302 [5/6] (6.41ns)   --->   "%conv_i_2456_2 = uitofp i32 %zext_ln68_8" [filter.cpp:68->filter.cpp:152]   --->   Operation 302 'uitofp' 'conv_i_2456_2' <Predicate = true> <Delay = 6.41> <CoreInst = "Int2Float">   --->   Core 62 'Int2Float' <Latency = 5> <II = 1> <Delay = 6.41> <FuncUnit> <Opcode : 'uitofp' 'sitofp'> <InPorts = 1> <OutPorts = 1>

State 17 <SV = 16> <Delay = 7.25>
ST_17 : Operation 303 [3/5] (7.25ns)   --->   "%sum = fadd i32 %mul_i, i32 0" [filter.cpp:68->filter.cpp:152]   --->   Operation 303 'fadd' 'sum' <Predicate = true> <Delay = 7.25> <CoreInst = "FAddSub_fulldsp">   --->   Core 18 'FAddSub_fulldsp' <Latency = 4> <II = 1> <Delay = 7.25> <FuncUnit> <Opcode : 'fadd' 'fsub'> <InPorts = 2> <OutPorts = 1>
ST_17 : Operation 304 [3/5] (7.25ns)   --->   "%sum_1 = fadd i32 %mul_i_s, i32 0" [filter.cpp:68->filter.cpp:152]   --->   Operation 304 'fadd' 'sum_1' <Predicate = true> <Delay = 7.25> <CoreInst = "FAddSub_fulldsp">   --->   Core 18 'FAddSub_fulldsp' <Latency = 4> <II = 1> <Delay = 7.25> <FuncUnit> <Opcode : 'fadd' 'fsub'> <InPorts = 2> <OutPorts = 1>
ST_17 : Operation 305 [3/5] (7.25ns)   --->   "%sum_2 = fadd i32 %mul_i_3, i32 0" [filter.cpp:68->filter.cpp:152]   --->   Operation 305 'fadd' 'sum_2' <Predicate = true> <Delay = 7.25> <CoreInst = "FAddSub_fulldsp">   --->   Core 18 'FAddSub_fulldsp' <Latency = 4> <II = 1> <Delay = 7.25> <FuncUnit> <Opcode : 'fadd' 'fsub'> <InPorts = 2> <OutPorts = 1>
ST_17 : Operation 306 [3/4] (5.70ns)   --->   "%mul_i_4 = fmul i32 %conv_i_4, i32 %tmp_47" [filter.cpp:68->filter.cpp:152]   --->   Operation 306 'fmul' 'mul_i_4' <Predicate = true> <Delay = 5.70> <CoreInst = "FMul_maxdsp">   --->   Core 30 'FMul_maxdsp' <Latency = 3> <II = 1> <Delay = 5.70> <FuncUnit> <Opcode : 'fmul'> <InPorts = 2> <OutPorts = 1>
ST_17 : Operation 307 [3/4] (5.70ns)   --->   "%mul_i_1448_1 = fmul i32 %conv_i_1447_1, i32 %tmp_47" [filter.cpp:68->filter.cpp:152]   --->   Operation 307 'fmul' 'mul_i_1448_1' <Predicate = true> <Delay = 5.70> <CoreInst = "FMul_maxdsp">   --->   Core 30 'FMul_maxdsp' <Latency = 3> <II = 1> <Delay = 5.70> <FuncUnit> <Opcode : 'fmul'> <InPorts = 2> <OutPorts = 1>
ST_17 : Operation 308 [3/4] (5.70ns)   --->   "%mul_i_1448_2 = fmul i32 %conv_i_1447_2, i32 %tmp_47" [filter.cpp:68->filter.cpp:152]   --->   Operation 308 'fmul' 'mul_i_1448_2' <Predicate = true> <Delay = 5.70> <CoreInst = "FMul_maxdsp">   --->   Core 30 'FMul_maxdsp' <Latency = 3> <II = 1> <Delay = 5.70> <FuncUnit> <Opcode : 'fmul'> <InPorts = 2> <OutPorts = 1>
ST_17 : Operation 309 [4/6] (6.41ns)   --->   "%conv_i_5 = uitofp i32 %zext_ln68_6" [filter.cpp:68->filter.cpp:152]   --->   Operation 309 'uitofp' 'conv_i_5' <Predicate = true> <Delay = 6.41> <CoreInst = "Int2Float">   --->   Core 62 'Int2Float' <Latency = 5> <II = 1> <Delay = 6.41> <FuncUnit> <Opcode : 'uitofp' 'sitofp'> <InPorts = 1> <OutPorts = 1>
ST_17 : Operation 310 [4/6] (6.41ns)   --->   "%conv_i_2456_1 = uitofp i32 %zext_ln68_7" [filter.cpp:68->filter.cpp:152]   --->   Operation 310 'uitofp' 'conv_i_2456_1' <Predicate = true> <Delay = 6.41> <CoreInst = "Int2Float">   --->   Core 62 'Int2Float' <Latency = 5> <II = 1> <Delay = 6.41> <FuncUnit> <Opcode : 'uitofp' 'sitofp'> <InPorts = 1> <OutPorts = 1>
ST_17 : Operation 311 [4/6] (6.41ns)   --->   "%conv_i_2456_2 = uitofp i32 %zext_ln68_8" [filter.cpp:68->filter.cpp:152]   --->   Operation 311 'uitofp' 'conv_i_2456_2' <Predicate = true> <Delay = 6.41> <CoreInst = "Int2Float">   --->   Core 62 'Int2Float' <Latency = 5> <II = 1> <Delay = 6.41> <FuncUnit> <Opcode : 'uitofp' 'sitofp'> <InPorts = 1> <OutPorts = 1>

State 18 <SV = 17> <Delay = 7.25>
ST_18 : Operation 312 [2/5] (7.25ns)   --->   "%sum = fadd i32 %mul_i, i32 0" [filter.cpp:68->filter.cpp:152]   --->   Operation 312 'fadd' 'sum' <Predicate = true> <Delay = 7.25> <CoreInst = "FAddSub_fulldsp">   --->   Core 18 'FAddSub_fulldsp' <Latency = 4> <II = 1> <Delay = 7.25> <FuncUnit> <Opcode : 'fadd' 'fsub'> <InPorts = 2> <OutPorts = 1>
ST_18 : Operation 313 [2/5] (7.25ns)   --->   "%sum_1 = fadd i32 %mul_i_s, i32 0" [filter.cpp:68->filter.cpp:152]   --->   Operation 313 'fadd' 'sum_1' <Predicate = true> <Delay = 7.25> <CoreInst = "FAddSub_fulldsp">   --->   Core 18 'FAddSub_fulldsp' <Latency = 4> <II = 1> <Delay = 7.25> <FuncUnit> <Opcode : 'fadd' 'fsub'> <InPorts = 2> <OutPorts = 1>
ST_18 : Operation 314 [2/5] (7.25ns)   --->   "%sum_2 = fadd i32 %mul_i_3, i32 0" [filter.cpp:68->filter.cpp:152]   --->   Operation 314 'fadd' 'sum_2' <Predicate = true> <Delay = 7.25> <CoreInst = "FAddSub_fulldsp">   --->   Core 18 'FAddSub_fulldsp' <Latency = 4> <II = 1> <Delay = 7.25> <FuncUnit> <Opcode : 'fadd' 'fsub'> <InPorts = 2> <OutPorts = 1>
ST_18 : Operation 315 [2/4] (5.70ns)   --->   "%mul_i_4 = fmul i32 %conv_i_4, i32 %tmp_47" [filter.cpp:68->filter.cpp:152]   --->   Operation 315 'fmul' 'mul_i_4' <Predicate = true> <Delay = 5.70> <CoreInst = "FMul_maxdsp">   --->   Core 30 'FMul_maxdsp' <Latency = 3> <II = 1> <Delay = 5.70> <FuncUnit> <Opcode : 'fmul'> <InPorts = 2> <OutPorts = 1>
ST_18 : Operation 316 [2/4] (5.70ns)   --->   "%mul_i_1448_1 = fmul i32 %conv_i_1447_1, i32 %tmp_47" [filter.cpp:68->filter.cpp:152]   --->   Operation 316 'fmul' 'mul_i_1448_1' <Predicate = true> <Delay = 5.70> <CoreInst = "FMul_maxdsp">   --->   Core 30 'FMul_maxdsp' <Latency = 3> <II = 1> <Delay = 5.70> <FuncUnit> <Opcode : 'fmul'> <InPorts = 2> <OutPorts = 1>
ST_18 : Operation 317 [2/4] (5.70ns)   --->   "%mul_i_1448_2 = fmul i32 %conv_i_1447_2, i32 %tmp_47" [filter.cpp:68->filter.cpp:152]   --->   Operation 317 'fmul' 'mul_i_1448_2' <Predicate = true> <Delay = 5.70> <CoreInst = "FMul_maxdsp">   --->   Core 30 'FMul_maxdsp' <Latency = 3> <II = 1> <Delay = 5.70> <FuncUnit> <Opcode : 'fmul'> <InPorts = 2> <OutPorts = 1>
ST_18 : Operation 318 [3/6] (6.41ns)   --->   "%conv_i_5 = uitofp i32 %zext_ln68_6" [filter.cpp:68->filter.cpp:152]   --->   Operation 318 'uitofp' 'conv_i_5' <Predicate = true> <Delay = 6.41> <CoreInst = "Int2Float">   --->   Core 62 'Int2Float' <Latency = 5> <II = 1> <Delay = 6.41> <FuncUnit> <Opcode : 'uitofp' 'sitofp'> <InPorts = 1> <OutPorts = 1>
ST_18 : Operation 319 [3/6] (6.41ns)   --->   "%conv_i_2456_1 = uitofp i32 %zext_ln68_7" [filter.cpp:68->filter.cpp:152]   --->   Operation 319 'uitofp' 'conv_i_2456_1' <Predicate = true> <Delay = 6.41> <CoreInst = "Int2Float">   --->   Core 62 'Int2Float' <Latency = 5> <II = 1> <Delay = 6.41> <FuncUnit> <Opcode : 'uitofp' 'sitofp'> <InPorts = 1> <OutPorts = 1>
ST_18 : Operation 320 [3/6] (6.41ns)   --->   "%conv_i_2456_2 = uitofp i32 %zext_ln68_8" [filter.cpp:68->filter.cpp:152]   --->   Operation 320 'uitofp' 'conv_i_2456_2' <Predicate = true> <Delay = 6.41> <CoreInst = "Int2Float">   --->   Core 62 'Int2Float' <Latency = 5> <II = 1> <Delay = 6.41> <FuncUnit> <Opcode : 'uitofp' 'sitofp'> <InPorts = 1> <OutPorts = 1>

State 19 <SV = 18> <Delay = 7.25>
ST_19 : Operation 321 [1/5] (7.25ns)   --->   "%sum = fadd i32 %mul_i, i32 0" [filter.cpp:68->filter.cpp:152]   --->   Operation 321 'fadd' 'sum' <Predicate = true> <Delay = 7.25> <CoreInst = "FAddSub_fulldsp">   --->   Core 18 'FAddSub_fulldsp' <Latency = 4> <II = 1> <Delay = 7.25> <FuncUnit> <Opcode : 'fadd' 'fsub'> <InPorts = 2> <OutPorts = 1>
ST_19 : Operation 322 [1/5] (7.25ns)   --->   "%sum_1 = fadd i32 %mul_i_s, i32 0" [filter.cpp:68->filter.cpp:152]   --->   Operation 322 'fadd' 'sum_1' <Predicate = true> <Delay = 7.25> <CoreInst = "FAddSub_fulldsp">   --->   Core 18 'FAddSub_fulldsp' <Latency = 4> <II = 1> <Delay = 7.25> <FuncUnit> <Opcode : 'fadd' 'fsub'> <InPorts = 2> <OutPorts = 1>
ST_19 : Operation 323 [1/5] (7.25ns)   --->   "%sum_2 = fadd i32 %mul_i_3, i32 0" [filter.cpp:68->filter.cpp:152]   --->   Operation 323 'fadd' 'sum_2' <Predicate = true> <Delay = 7.25> <CoreInst = "FAddSub_fulldsp">   --->   Core 18 'FAddSub_fulldsp' <Latency = 4> <II = 1> <Delay = 7.25> <FuncUnit> <Opcode : 'fadd' 'fsub'> <InPorts = 2> <OutPorts = 1>
ST_19 : Operation 324 [1/4] (5.70ns)   --->   "%mul_i_4 = fmul i32 %conv_i_4, i32 %tmp_47" [filter.cpp:68->filter.cpp:152]   --->   Operation 324 'fmul' 'mul_i_4' <Predicate = true> <Delay = 5.70> <CoreInst = "FMul_maxdsp">   --->   Core 30 'FMul_maxdsp' <Latency = 3> <II = 1> <Delay = 5.70> <FuncUnit> <Opcode : 'fmul'> <InPorts = 2> <OutPorts = 1>
ST_19 : Operation 325 [1/4] (5.70ns)   --->   "%mul_i_1448_1 = fmul i32 %conv_i_1447_1, i32 %tmp_47" [filter.cpp:68->filter.cpp:152]   --->   Operation 325 'fmul' 'mul_i_1448_1' <Predicate = true> <Delay = 5.70> <CoreInst = "FMul_maxdsp">   --->   Core 30 'FMul_maxdsp' <Latency = 3> <II = 1> <Delay = 5.70> <FuncUnit> <Opcode : 'fmul'> <InPorts = 2> <OutPorts = 1>
ST_19 : Operation 326 [1/4] (5.70ns)   --->   "%mul_i_1448_2 = fmul i32 %conv_i_1447_2, i32 %tmp_47" [filter.cpp:68->filter.cpp:152]   --->   Operation 326 'fmul' 'mul_i_1448_2' <Predicate = true> <Delay = 5.70> <CoreInst = "FMul_maxdsp">   --->   Core 30 'FMul_maxdsp' <Latency = 3> <II = 1> <Delay = 5.70> <FuncUnit> <Opcode : 'fmul'> <InPorts = 2> <OutPorts = 1>
ST_19 : Operation 327 [2/6] (6.41ns)   --->   "%conv_i_5 = uitofp i32 %zext_ln68_6" [filter.cpp:68->filter.cpp:152]   --->   Operation 327 'uitofp' 'conv_i_5' <Predicate = true> <Delay = 6.41> <CoreInst = "Int2Float">   --->   Core 62 'Int2Float' <Latency = 5> <II = 1> <Delay = 6.41> <FuncUnit> <Opcode : 'uitofp' 'sitofp'> <InPorts = 1> <OutPorts = 1>
ST_19 : Operation 328 [2/6] (6.41ns)   --->   "%conv_i_2456_1 = uitofp i32 %zext_ln68_7" [filter.cpp:68->filter.cpp:152]   --->   Operation 328 'uitofp' 'conv_i_2456_1' <Predicate = true> <Delay = 6.41> <CoreInst = "Int2Float">   --->   Core 62 'Int2Float' <Latency = 5> <II = 1> <Delay = 6.41> <FuncUnit> <Opcode : 'uitofp' 'sitofp'> <InPorts = 1> <OutPorts = 1>
ST_19 : Operation 329 [2/6] (6.41ns)   --->   "%conv_i_2456_2 = uitofp i32 %zext_ln68_8" [filter.cpp:68->filter.cpp:152]   --->   Operation 329 'uitofp' 'conv_i_2456_2' <Predicate = true> <Delay = 6.41> <CoreInst = "Int2Float">   --->   Core 62 'Int2Float' <Latency = 5> <II = 1> <Delay = 6.41> <FuncUnit> <Opcode : 'uitofp' 'sitofp'> <InPorts = 1> <OutPorts = 1>

State 20 <SV = 19> <Delay = 7.25>
ST_20 : Operation 330 [5/5] (7.25ns)   --->   "%sum_3 = fadd i32 %sum, i32 %mul_i_4" [filter.cpp:68->filter.cpp:152]   --->   Operation 330 'fadd' 'sum_3' <Predicate = true> <Delay = 7.25> <CoreInst = "FAddSub_fulldsp">   --->   Core 18 'FAddSub_fulldsp' <Latency = 4> <II = 1> <Delay = 7.25> <FuncUnit> <Opcode : 'fadd' 'fsub'> <InPorts = 2> <OutPorts = 1>
ST_20 : Operation 331 [5/5] (7.25ns)   --->   "%sum_4 = fadd i32 %sum_1, i32 %mul_i_1448_1" [filter.cpp:68->filter.cpp:152]   --->   Operation 331 'fadd' 'sum_4' <Predicate = true> <Delay = 7.25> <CoreInst = "FAddSub_fulldsp">   --->   Core 18 'FAddSub_fulldsp' <Latency = 4> <II = 1> <Delay = 7.25> <FuncUnit> <Opcode : 'fadd' 'fsub'> <InPorts = 2> <OutPorts = 1>
ST_20 : Operation 332 [5/5] (7.25ns)   --->   "%sum_5 = fadd i32 %sum_2, i32 %mul_i_1448_2" [filter.cpp:68->filter.cpp:152]   --->   Operation 332 'fadd' 'sum_5' <Predicate = true> <Delay = 7.25> <CoreInst = "FAddSub_fulldsp">   --->   Core 18 'FAddSub_fulldsp' <Latency = 4> <II = 1> <Delay = 7.25> <FuncUnit> <Opcode : 'fadd' 'fsub'> <InPorts = 2> <OutPorts = 1>
ST_20 : Operation 333 [1/6] (6.41ns)   --->   "%conv_i_5 = uitofp i32 %zext_ln68_6" [filter.cpp:68->filter.cpp:152]   --->   Operation 333 'uitofp' 'conv_i_5' <Predicate = true> <Delay = 6.41> <CoreInst = "Int2Float">   --->   Core 62 'Int2Float' <Latency = 5> <II = 1> <Delay = 6.41> <FuncUnit> <Opcode : 'uitofp' 'sitofp'> <InPorts = 1> <OutPorts = 1>
ST_20 : Operation 334 [1/6] (6.41ns)   --->   "%conv_i_2456_1 = uitofp i32 %zext_ln68_7" [filter.cpp:68->filter.cpp:152]   --->   Operation 334 'uitofp' 'conv_i_2456_1' <Predicate = true> <Delay = 6.41> <CoreInst = "Int2Float">   --->   Core 62 'Int2Float' <Latency = 5> <II = 1> <Delay = 6.41> <FuncUnit> <Opcode : 'uitofp' 'sitofp'> <InPorts = 1> <OutPorts = 1>
ST_20 : Operation 335 [1/6] (6.41ns)   --->   "%conv_i_2456_2 = uitofp i32 %zext_ln68_8" [filter.cpp:68->filter.cpp:152]   --->   Operation 335 'uitofp' 'conv_i_2456_2' <Predicate = true> <Delay = 6.41> <CoreInst = "Int2Float">   --->   Core 62 'Int2Float' <Latency = 5> <II = 1> <Delay = 6.41> <FuncUnit> <Opcode : 'uitofp' 'sitofp'> <InPorts = 1> <OutPorts = 1>
ST_20 : Operation 336 [1/1] (0.00ns)   --->   "%zext_ln68_9 = zext i8 %tmp_11" [filter.cpp:68->filter.cpp:152]   --->   Operation 336 'zext' 'zext_ln68_9' <Predicate = true> <Delay = 0.00>
ST_20 : Operation 337 [6/6] (6.41ns)   --->   "%conv_i_1 = uitofp i32 %zext_ln68_9" [filter.cpp:68->filter.cpp:152]   --->   Operation 337 'uitofp' 'conv_i_1' <Predicate = true> <Delay = 6.41> <CoreInst = "Int2Float">   --->   Core 62 'Int2Float' <Latency = 5> <II = 1> <Delay = 6.41> <FuncUnit> <Opcode : 'uitofp' 'sitofp'> <InPorts = 1> <OutPorts = 1>
ST_20 : Operation 338 [1/1] (0.00ns)   --->   "%zext_ln68_10 = zext i8 %tmp_12" [filter.cpp:68->filter.cpp:152]   --->   Operation 338 'zext' 'zext_ln68_10' <Predicate = true> <Delay = 0.00>
ST_20 : Operation 339 [6/6] (6.41ns)   --->   "%conv_i_1_s = uitofp i32 %zext_ln68_10" [filter.cpp:68->filter.cpp:152]   --->   Operation 339 'uitofp' 'conv_i_1_s' <Predicate = true> <Delay = 6.41> <CoreInst = "Int2Float">   --->   Core 62 'Int2Float' <Latency = 5> <II = 1> <Delay = 6.41> <FuncUnit> <Opcode : 'uitofp' 'sitofp'> <InPorts = 1> <OutPorts = 1>
ST_20 : Operation 340 [1/1] (0.00ns)   --->   "%zext_ln68_11 = zext i8 %tmp_13" [filter.cpp:68->filter.cpp:152]   --->   Operation 340 'zext' 'zext_ln68_11' <Predicate = true> <Delay = 0.00>
ST_20 : Operation 341 [6/6] (6.41ns)   --->   "%conv_i_1_3 = uitofp i32 %zext_ln68_11" [filter.cpp:68->filter.cpp:152]   --->   Operation 341 'uitofp' 'conv_i_1_3' <Predicate = true> <Delay = 6.41> <CoreInst = "Int2Float">   --->   Core 62 'Int2Float' <Latency = 5> <II = 1> <Delay = 6.41> <FuncUnit> <Opcode : 'uitofp' 'sitofp'> <InPorts = 1> <OutPorts = 1>

State 21 <SV = 20> <Delay = 7.25>
ST_21 : Operation 342 [4/5] (7.25ns)   --->   "%sum_3 = fadd i32 %sum, i32 %mul_i_4" [filter.cpp:68->filter.cpp:152]   --->   Operation 342 'fadd' 'sum_3' <Predicate = true> <Delay = 7.25> <CoreInst = "FAddSub_fulldsp">   --->   Core 18 'FAddSub_fulldsp' <Latency = 4> <II = 1> <Delay = 7.25> <FuncUnit> <Opcode : 'fadd' 'fsub'> <InPorts = 2> <OutPorts = 1>
ST_21 : Operation 343 [4/5] (7.25ns)   --->   "%sum_4 = fadd i32 %sum_1, i32 %mul_i_1448_1" [filter.cpp:68->filter.cpp:152]   --->   Operation 343 'fadd' 'sum_4' <Predicate = true> <Delay = 7.25> <CoreInst = "FAddSub_fulldsp">   --->   Core 18 'FAddSub_fulldsp' <Latency = 4> <II = 1> <Delay = 7.25> <FuncUnit> <Opcode : 'fadd' 'fsub'> <InPorts = 2> <OutPorts = 1>
ST_21 : Operation 344 [4/5] (7.25ns)   --->   "%sum_5 = fadd i32 %sum_2, i32 %mul_i_1448_2" [filter.cpp:68->filter.cpp:152]   --->   Operation 344 'fadd' 'sum_5' <Predicate = true> <Delay = 7.25> <CoreInst = "FAddSub_fulldsp">   --->   Core 18 'FAddSub_fulldsp' <Latency = 4> <II = 1> <Delay = 7.25> <FuncUnit> <Opcode : 'fadd' 'fsub'> <InPorts = 2> <OutPorts = 1>
ST_21 : Operation 345 [4/4] (5.70ns)   --->   "%mul_i_5 = fmul i32 %conv_i_5, i32 %tmp_36" [filter.cpp:68->filter.cpp:152]   --->   Operation 345 'fmul' 'mul_i_5' <Predicate = true> <Delay = 5.70> <CoreInst = "FMul_maxdsp">   --->   Core 30 'FMul_maxdsp' <Latency = 3> <II = 1> <Delay = 5.70> <FuncUnit> <Opcode : 'fmul'> <InPorts = 2> <OutPorts = 1>
ST_21 : Operation 346 [4/4] (5.70ns)   --->   "%mul_i_2457_1 = fmul i32 %conv_i_2456_1, i32 %tmp_36" [filter.cpp:68->filter.cpp:152]   --->   Operation 346 'fmul' 'mul_i_2457_1' <Predicate = true> <Delay = 5.70> <CoreInst = "FMul_maxdsp">   --->   Core 30 'FMul_maxdsp' <Latency = 3> <II = 1> <Delay = 5.70> <FuncUnit> <Opcode : 'fmul'> <InPorts = 2> <OutPorts = 1>
ST_21 : Operation 347 [4/4] (5.70ns)   --->   "%mul_i_2457_2 = fmul i32 %conv_i_2456_2, i32 %tmp_36" [filter.cpp:68->filter.cpp:152]   --->   Operation 347 'fmul' 'mul_i_2457_2' <Predicate = true> <Delay = 5.70> <CoreInst = "FMul_maxdsp">   --->   Core 30 'FMul_maxdsp' <Latency = 3> <II = 1> <Delay = 5.70> <FuncUnit> <Opcode : 'fmul'> <InPorts = 2> <OutPorts = 1>
ST_21 : Operation 348 [5/6] (6.41ns)   --->   "%conv_i_1 = uitofp i32 %zext_ln68_9" [filter.cpp:68->filter.cpp:152]   --->   Operation 348 'uitofp' 'conv_i_1' <Predicate = true> <Delay = 6.41> <CoreInst = "Int2Float">   --->   Core 62 'Int2Float' <Latency = 5> <II = 1> <Delay = 6.41> <FuncUnit> <Opcode : 'uitofp' 'sitofp'> <InPorts = 1> <OutPorts = 1>
ST_21 : Operation 349 [5/6] (6.41ns)   --->   "%conv_i_1_s = uitofp i32 %zext_ln68_10" [filter.cpp:68->filter.cpp:152]   --->   Operation 349 'uitofp' 'conv_i_1_s' <Predicate = true> <Delay = 6.41> <CoreInst = "Int2Float">   --->   Core 62 'Int2Float' <Latency = 5> <II = 1> <Delay = 6.41> <FuncUnit> <Opcode : 'uitofp' 'sitofp'> <InPorts = 1> <OutPorts = 1>
ST_21 : Operation 350 [5/6] (6.41ns)   --->   "%conv_i_1_3 = uitofp i32 %zext_ln68_11" [filter.cpp:68->filter.cpp:152]   --->   Operation 350 'uitofp' 'conv_i_1_3' <Predicate = true> <Delay = 6.41> <CoreInst = "Int2Float">   --->   Core 62 'Int2Float' <Latency = 5> <II = 1> <Delay = 6.41> <FuncUnit> <Opcode : 'uitofp' 'sitofp'> <InPorts = 1> <OutPorts = 1>

State 22 <SV = 21> <Delay = 7.25>
ST_22 : Operation 351 [3/5] (7.25ns)   --->   "%sum_3 = fadd i32 %sum, i32 %mul_i_4" [filter.cpp:68->filter.cpp:152]   --->   Operation 351 'fadd' 'sum_3' <Predicate = true> <Delay = 7.25> <CoreInst = "FAddSub_fulldsp">   --->   Core 18 'FAddSub_fulldsp' <Latency = 4> <II = 1> <Delay = 7.25> <FuncUnit> <Opcode : 'fadd' 'fsub'> <InPorts = 2> <OutPorts = 1>
ST_22 : Operation 352 [3/5] (7.25ns)   --->   "%sum_4 = fadd i32 %sum_1, i32 %mul_i_1448_1" [filter.cpp:68->filter.cpp:152]   --->   Operation 352 'fadd' 'sum_4' <Predicate = true> <Delay = 7.25> <CoreInst = "FAddSub_fulldsp">   --->   Core 18 'FAddSub_fulldsp' <Latency = 4> <II = 1> <Delay = 7.25> <FuncUnit> <Opcode : 'fadd' 'fsub'> <InPorts = 2> <OutPorts = 1>
ST_22 : Operation 353 [3/5] (7.25ns)   --->   "%sum_5 = fadd i32 %sum_2, i32 %mul_i_1448_2" [filter.cpp:68->filter.cpp:152]   --->   Operation 353 'fadd' 'sum_5' <Predicate = true> <Delay = 7.25> <CoreInst = "FAddSub_fulldsp">   --->   Core 18 'FAddSub_fulldsp' <Latency = 4> <II = 1> <Delay = 7.25> <FuncUnit> <Opcode : 'fadd' 'fsub'> <InPorts = 2> <OutPorts = 1>
ST_22 : Operation 354 [3/4] (5.70ns)   --->   "%mul_i_5 = fmul i32 %conv_i_5, i32 %tmp_36" [filter.cpp:68->filter.cpp:152]   --->   Operation 354 'fmul' 'mul_i_5' <Predicate = true> <Delay = 5.70> <CoreInst = "FMul_maxdsp">   --->   Core 30 'FMul_maxdsp' <Latency = 3> <II = 1> <Delay = 5.70> <FuncUnit> <Opcode : 'fmul'> <InPorts = 2> <OutPorts = 1>
ST_22 : Operation 355 [3/4] (5.70ns)   --->   "%mul_i_2457_1 = fmul i32 %conv_i_2456_1, i32 %tmp_36" [filter.cpp:68->filter.cpp:152]   --->   Operation 355 'fmul' 'mul_i_2457_1' <Predicate = true> <Delay = 5.70> <CoreInst = "FMul_maxdsp">   --->   Core 30 'FMul_maxdsp' <Latency = 3> <II = 1> <Delay = 5.70> <FuncUnit> <Opcode : 'fmul'> <InPorts = 2> <OutPorts = 1>
ST_22 : Operation 356 [3/4] (5.70ns)   --->   "%mul_i_2457_2 = fmul i32 %conv_i_2456_2, i32 %tmp_36" [filter.cpp:68->filter.cpp:152]   --->   Operation 356 'fmul' 'mul_i_2457_2' <Predicate = true> <Delay = 5.70> <CoreInst = "FMul_maxdsp">   --->   Core 30 'FMul_maxdsp' <Latency = 3> <II = 1> <Delay = 5.70> <FuncUnit> <Opcode : 'fmul'> <InPorts = 2> <OutPorts = 1>
ST_22 : Operation 357 [4/6] (6.41ns)   --->   "%conv_i_1 = uitofp i32 %zext_ln68_9" [filter.cpp:68->filter.cpp:152]   --->   Operation 357 'uitofp' 'conv_i_1' <Predicate = true> <Delay = 6.41> <CoreInst = "Int2Float">   --->   Core 62 'Int2Float' <Latency = 5> <II = 1> <Delay = 6.41> <FuncUnit> <Opcode : 'uitofp' 'sitofp'> <InPorts = 1> <OutPorts = 1>
ST_22 : Operation 358 [4/6] (6.41ns)   --->   "%conv_i_1_s = uitofp i32 %zext_ln68_10" [filter.cpp:68->filter.cpp:152]   --->   Operation 358 'uitofp' 'conv_i_1_s' <Predicate = true> <Delay = 6.41> <CoreInst = "Int2Float">   --->   Core 62 'Int2Float' <Latency = 5> <II = 1> <Delay = 6.41> <FuncUnit> <Opcode : 'uitofp' 'sitofp'> <InPorts = 1> <OutPorts = 1>
ST_22 : Operation 359 [4/6] (6.41ns)   --->   "%conv_i_1_3 = uitofp i32 %zext_ln68_11" [filter.cpp:68->filter.cpp:152]   --->   Operation 359 'uitofp' 'conv_i_1_3' <Predicate = true> <Delay = 6.41> <CoreInst = "Int2Float">   --->   Core 62 'Int2Float' <Latency = 5> <II = 1> <Delay = 6.41> <FuncUnit> <Opcode : 'uitofp' 'sitofp'> <InPorts = 1> <OutPorts = 1>

State 23 <SV = 22> <Delay = 7.25>
ST_23 : Operation 360 [2/5] (7.25ns)   --->   "%sum_3 = fadd i32 %sum, i32 %mul_i_4" [filter.cpp:68->filter.cpp:152]   --->   Operation 360 'fadd' 'sum_3' <Predicate = true> <Delay = 7.25> <CoreInst = "FAddSub_fulldsp">   --->   Core 18 'FAddSub_fulldsp' <Latency = 4> <II = 1> <Delay = 7.25> <FuncUnit> <Opcode : 'fadd' 'fsub'> <InPorts = 2> <OutPorts = 1>
ST_23 : Operation 361 [2/5] (7.25ns)   --->   "%sum_4 = fadd i32 %sum_1, i32 %mul_i_1448_1" [filter.cpp:68->filter.cpp:152]   --->   Operation 361 'fadd' 'sum_4' <Predicate = true> <Delay = 7.25> <CoreInst = "FAddSub_fulldsp">   --->   Core 18 'FAddSub_fulldsp' <Latency = 4> <II = 1> <Delay = 7.25> <FuncUnit> <Opcode : 'fadd' 'fsub'> <InPorts = 2> <OutPorts = 1>
ST_23 : Operation 362 [2/5] (7.25ns)   --->   "%sum_5 = fadd i32 %sum_2, i32 %mul_i_1448_2" [filter.cpp:68->filter.cpp:152]   --->   Operation 362 'fadd' 'sum_5' <Predicate = true> <Delay = 7.25> <CoreInst = "FAddSub_fulldsp">   --->   Core 18 'FAddSub_fulldsp' <Latency = 4> <II = 1> <Delay = 7.25> <FuncUnit> <Opcode : 'fadd' 'fsub'> <InPorts = 2> <OutPorts = 1>
ST_23 : Operation 363 [2/4] (5.70ns)   --->   "%mul_i_5 = fmul i32 %conv_i_5, i32 %tmp_36" [filter.cpp:68->filter.cpp:152]   --->   Operation 363 'fmul' 'mul_i_5' <Predicate = true> <Delay = 5.70> <CoreInst = "FMul_maxdsp">   --->   Core 30 'FMul_maxdsp' <Latency = 3> <II = 1> <Delay = 5.70> <FuncUnit> <Opcode : 'fmul'> <InPorts = 2> <OutPorts = 1>
ST_23 : Operation 364 [2/4] (5.70ns)   --->   "%mul_i_2457_1 = fmul i32 %conv_i_2456_1, i32 %tmp_36" [filter.cpp:68->filter.cpp:152]   --->   Operation 364 'fmul' 'mul_i_2457_1' <Predicate = true> <Delay = 5.70> <CoreInst = "FMul_maxdsp">   --->   Core 30 'FMul_maxdsp' <Latency = 3> <II = 1> <Delay = 5.70> <FuncUnit> <Opcode : 'fmul'> <InPorts = 2> <OutPorts = 1>
ST_23 : Operation 365 [2/4] (5.70ns)   --->   "%mul_i_2457_2 = fmul i32 %conv_i_2456_2, i32 %tmp_36" [filter.cpp:68->filter.cpp:152]   --->   Operation 365 'fmul' 'mul_i_2457_2' <Predicate = true> <Delay = 5.70> <CoreInst = "FMul_maxdsp">   --->   Core 30 'FMul_maxdsp' <Latency = 3> <II = 1> <Delay = 5.70> <FuncUnit> <Opcode : 'fmul'> <InPorts = 2> <OutPorts = 1>
ST_23 : Operation 366 [3/6] (6.41ns)   --->   "%conv_i_1 = uitofp i32 %zext_ln68_9" [filter.cpp:68->filter.cpp:152]   --->   Operation 366 'uitofp' 'conv_i_1' <Predicate = true> <Delay = 6.41> <CoreInst = "Int2Float">   --->   Core 62 'Int2Float' <Latency = 5> <II = 1> <Delay = 6.41> <FuncUnit> <Opcode : 'uitofp' 'sitofp'> <InPorts = 1> <OutPorts = 1>
ST_23 : Operation 367 [3/6] (6.41ns)   --->   "%conv_i_1_s = uitofp i32 %zext_ln68_10" [filter.cpp:68->filter.cpp:152]   --->   Operation 367 'uitofp' 'conv_i_1_s' <Predicate = true> <Delay = 6.41> <CoreInst = "Int2Float">   --->   Core 62 'Int2Float' <Latency = 5> <II = 1> <Delay = 6.41> <FuncUnit> <Opcode : 'uitofp' 'sitofp'> <InPorts = 1> <OutPorts = 1>
ST_23 : Operation 368 [3/6] (6.41ns)   --->   "%conv_i_1_3 = uitofp i32 %zext_ln68_11" [filter.cpp:68->filter.cpp:152]   --->   Operation 368 'uitofp' 'conv_i_1_3' <Predicate = true> <Delay = 6.41> <CoreInst = "Int2Float">   --->   Core 62 'Int2Float' <Latency = 5> <II = 1> <Delay = 6.41> <FuncUnit> <Opcode : 'uitofp' 'sitofp'> <InPorts = 1> <OutPorts = 1>

State 24 <SV = 23> <Delay = 7.25>
ST_24 : Operation 369 [1/5] (7.25ns)   --->   "%sum_3 = fadd i32 %sum, i32 %mul_i_4" [filter.cpp:68->filter.cpp:152]   --->   Operation 369 'fadd' 'sum_3' <Predicate = true> <Delay = 7.25> <CoreInst = "FAddSub_fulldsp">   --->   Core 18 'FAddSub_fulldsp' <Latency = 4> <II = 1> <Delay = 7.25> <FuncUnit> <Opcode : 'fadd' 'fsub'> <InPorts = 2> <OutPorts = 1>
ST_24 : Operation 370 [1/5] (7.25ns)   --->   "%sum_4 = fadd i32 %sum_1, i32 %mul_i_1448_1" [filter.cpp:68->filter.cpp:152]   --->   Operation 370 'fadd' 'sum_4' <Predicate = true> <Delay = 7.25> <CoreInst = "FAddSub_fulldsp">   --->   Core 18 'FAddSub_fulldsp' <Latency = 4> <II = 1> <Delay = 7.25> <FuncUnit> <Opcode : 'fadd' 'fsub'> <InPorts = 2> <OutPorts = 1>
ST_24 : Operation 371 [1/5] (7.25ns)   --->   "%sum_5 = fadd i32 %sum_2, i32 %mul_i_1448_2" [filter.cpp:68->filter.cpp:152]   --->   Operation 371 'fadd' 'sum_5' <Predicate = true> <Delay = 7.25> <CoreInst = "FAddSub_fulldsp">   --->   Core 18 'FAddSub_fulldsp' <Latency = 4> <II = 1> <Delay = 7.25> <FuncUnit> <Opcode : 'fadd' 'fsub'> <InPorts = 2> <OutPorts = 1>
ST_24 : Operation 372 [1/4] (5.70ns)   --->   "%mul_i_5 = fmul i32 %conv_i_5, i32 %tmp_36" [filter.cpp:68->filter.cpp:152]   --->   Operation 372 'fmul' 'mul_i_5' <Predicate = true> <Delay = 5.70> <CoreInst = "FMul_maxdsp">   --->   Core 30 'FMul_maxdsp' <Latency = 3> <II = 1> <Delay = 5.70> <FuncUnit> <Opcode : 'fmul'> <InPorts = 2> <OutPorts = 1>
ST_24 : Operation 373 [1/4] (5.70ns)   --->   "%mul_i_2457_1 = fmul i32 %conv_i_2456_1, i32 %tmp_36" [filter.cpp:68->filter.cpp:152]   --->   Operation 373 'fmul' 'mul_i_2457_1' <Predicate = true> <Delay = 5.70> <CoreInst = "FMul_maxdsp">   --->   Core 30 'FMul_maxdsp' <Latency = 3> <II = 1> <Delay = 5.70> <FuncUnit> <Opcode : 'fmul'> <InPorts = 2> <OutPorts = 1>
ST_24 : Operation 374 [1/4] (5.70ns)   --->   "%mul_i_2457_2 = fmul i32 %conv_i_2456_2, i32 %tmp_36" [filter.cpp:68->filter.cpp:152]   --->   Operation 374 'fmul' 'mul_i_2457_2' <Predicate = true> <Delay = 5.70> <CoreInst = "FMul_maxdsp">   --->   Core 30 'FMul_maxdsp' <Latency = 3> <II = 1> <Delay = 5.70> <FuncUnit> <Opcode : 'fmul'> <InPorts = 2> <OutPorts = 1>
ST_24 : Operation 375 [2/6] (6.41ns)   --->   "%conv_i_1 = uitofp i32 %zext_ln68_9" [filter.cpp:68->filter.cpp:152]   --->   Operation 375 'uitofp' 'conv_i_1' <Predicate = true> <Delay = 6.41> <CoreInst = "Int2Float">   --->   Core 62 'Int2Float' <Latency = 5> <II = 1> <Delay = 6.41> <FuncUnit> <Opcode : 'uitofp' 'sitofp'> <InPorts = 1> <OutPorts = 1>
ST_24 : Operation 376 [2/6] (6.41ns)   --->   "%conv_i_1_s = uitofp i32 %zext_ln68_10" [filter.cpp:68->filter.cpp:152]   --->   Operation 376 'uitofp' 'conv_i_1_s' <Predicate = true> <Delay = 6.41> <CoreInst = "Int2Float">   --->   Core 62 'Int2Float' <Latency = 5> <II = 1> <Delay = 6.41> <FuncUnit> <Opcode : 'uitofp' 'sitofp'> <InPorts = 1> <OutPorts = 1>
ST_24 : Operation 377 [2/6] (6.41ns)   --->   "%conv_i_1_3 = uitofp i32 %zext_ln68_11" [filter.cpp:68->filter.cpp:152]   --->   Operation 377 'uitofp' 'conv_i_1_3' <Predicate = true> <Delay = 6.41> <CoreInst = "Int2Float">   --->   Core 62 'Int2Float' <Latency = 5> <II = 1> <Delay = 6.41> <FuncUnit> <Opcode : 'uitofp' 'sitofp'> <InPorts = 1> <OutPorts = 1>

State 25 <SV = 24> <Delay = 7.25>
ST_25 : Operation 378 [5/5] (7.25ns)   --->   "%sum_6 = fadd i32 %sum_3, i32 %mul_i_5" [filter.cpp:68->filter.cpp:152]   --->   Operation 378 'fadd' 'sum_6' <Predicate = true> <Delay = 7.25> <CoreInst = "FAddSub_fulldsp">   --->   Core 18 'FAddSub_fulldsp' <Latency = 4> <II = 1> <Delay = 7.25> <FuncUnit> <Opcode : 'fadd' 'fsub'> <InPorts = 2> <OutPorts = 1>
ST_25 : Operation 379 [5/5] (7.25ns)   --->   "%sum_7 = fadd i32 %sum_4, i32 %mul_i_2457_1" [filter.cpp:68->filter.cpp:152]   --->   Operation 379 'fadd' 'sum_7' <Predicate = true> <Delay = 7.25> <CoreInst = "FAddSub_fulldsp">   --->   Core 18 'FAddSub_fulldsp' <Latency = 4> <II = 1> <Delay = 7.25> <FuncUnit> <Opcode : 'fadd' 'fsub'> <InPorts = 2> <OutPorts = 1>
ST_25 : Operation 380 [5/5] (7.25ns)   --->   "%sum_8 = fadd i32 %sum_5, i32 %mul_i_2457_2" [filter.cpp:68->filter.cpp:152]   --->   Operation 380 'fadd' 'sum_8' <Predicate = true> <Delay = 7.25> <CoreInst = "FAddSub_fulldsp">   --->   Core 18 'FAddSub_fulldsp' <Latency = 4> <II = 1> <Delay = 7.25> <FuncUnit> <Opcode : 'fadd' 'fsub'> <InPorts = 2> <OutPorts = 1>
ST_25 : Operation 381 [1/6] (6.41ns)   --->   "%conv_i_1 = uitofp i32 %zext_ln68_9" [filter.cpp:68->filter.cpp:152]   --->   Operation 381 'uitofp' 'conv_i_1' <Predicate = true> <Delay = 6.41> <CoreInst = "Int2Float">   --->   Core 62 'Int2Float' <Latency = 5> <II = 1> <Delay = 6.41> <FuncUnit> <Opcode : 'uitofp' 'sitofp'> <InPorts = 1> <OutPorts = 1>
ST_25 : Operation 382 [1/6] (6.41ns)   --->   "%conv_i_1_s = uitofp i32 %zext_ln68_10" [filter.cpp:68->filter.cpp:152]   --->   Operation 382 'uitofp' 'conv_i_1_s' <Predicate = true> <Delay = 6.41> <CoreInst = "Int2Float">   --->   Core 62 'Int2Float' <Latency = 5> <II = 1> <Delay = 6.41> <FuncUnit> <Opcode : 'uitofp' 'sitofp'> <InPorts = 1> <OutPorts = 1>
ST_25 : Operation 383 [1/6] (6.41ns)   --->   "%conv_i_1_3 = uitofp i32 %zext_ln68_11" [filter.cpp:68->filter.cpp:152]   --->   Operation 383 'uitofp' 'conv_i_1_3' <Predicate = true> <Delay = 6.41> <CoreInst = "Int2Float">   --->   Core 62 'Int2Float' <Latency = 5> <II = 1> <Delay = 6.41> <FuncUnit> <Opcode : 'uitofp' 'sitofp'> <InPorts = 1> <OutPorts = 1>
ST_25 : Operation 384 [1/1] (0.00ns)   --->   "%zext_ln68_12 = zext i8 %trunc_ln19" [filter.cpp:68->filter.cpp:152]   --->   Operation 384 'zext' 'zext_ln68_12' <Predicate = true> <Delay = 0.00>
ST_25 : Operation 385 [6/6] (6.41ns)   --->   "%conv_i_1_1 = uitofp i32 %zext_ln68_12" [filter.cpp:68->filter.cpp:152]   --->   Operation 385 'uitofp' 'conv_i_1_1' <Predicate = true> <Delay = 6.41> <CoreInst = "Int2Float">   --->   Core 62 'Int2Float' <Latency = 5> <II = 1> <Delay = 6.41> <FuncUnit> <Opcode : 'uitofp' 'sitofp'> <InPorts = 1> <OutPorts = 1>
ST_25 : Operation 386 [1/1] (0.00ns)   --->   "%zext_ln68_13 = zext i8 %tmp_1" [filter.cpp:68->filter.cpp:152]   --->   Operation 386 'zext' 'zext_ln68_13' <Predicate = true> <Delay = 0.00>
ST_25 : Operation 387 [6/6] (6.41ns)   --->   "%conv_i_1_1_1 = uitofp i32 %zext_ln68_13" [filter.cpp:68->filter.cpp:152]   --->   Operation 387 'uitofp' 'conv_i_1_1_1' <Predicate = true> <Delay = 6.41> <CoreInst = "Int2Float">   --->   Core 62 'Int2Float' <Latency = 5> <II = 1> <Delay = 6.41> <FuncUnit> <Opcode : 'uitofp' 'sitofp'> <InPorts = 1> <OutPorts = 1>
ST_25 : Operation 388 [1/1] (0.00ns)   --->   "%zext_ln68_14 = zext i8 %tmp_2" [filter.cpp:68->filter.cpp:152]   --->   Operation 388 'zext' 'zext_ln68_14' <Predicate = true> <Delay = 0.00>
ST_25 : Operation 389 [6/6] (6.41ns)   --->   "%conv_i_1_1_2 = uitofp i32 %zext_ln68_14" [filter.cpp:68->filter.cpp:152]   --->   Operation 389 'uitofp' 'conv_i_1_1_2' <Predicate = true> <Delay = 6.41> <CoreInst = "Int2Float">   --->   Core 62 'Int2Float' <Latency = 5> <II = 1> <Delay = 6.41> <FuncUnit> <Opcode : 'uitofp' 'sitofp'> <InPorts = 1> <OutPorts = 1>

State 26 <SV = 25> <Delay = 7.25>
ST_26 : Operation 390 [4/5] (7.25ns)   --->   "%sum_6 = fadd i32 %sum_3, i32 %mul_i_5" [filter.cpp:68->filter.cpp:152]   --->   Operation 390 'fadd' 'sum_6' <Predicate = true> <Delay = 7.25> <CoreInst = "FAddSub_fulldsp">   --->   Core 18 'FAddSub_fulldsp' <Latency = 4> <II = 1> <Delay = 7.25> <FuncUnit> <Opcode : 'fadd' 'fsub'> <InPorts = 2> <OutPorts = 1>
ST_26 : Operation 391 [4/5] (7.25ns)   --->   "%sum_7 = fadd i32 %sum_4, i32 %mul_i_2457_1" [filter.cpp:68->filter.cpp:152]   --->   Operation 391 'fadd' 'sum_7' <Predicate = true> <Delay = 7.25> <CoreInst = "FAddSub_fulldsp">   --->   Core 18 'FAddSub_fulldsp' <Latency = 4> <II = 1> <Delay = 7.25> <FuncUnit> <Opcode : 'fadd' 'fsub'> <InPorts = 2> <OutPorts = 1>
ST_26 : Operation 392 [4/5] (7.25ns)   --->   "%sum_8 = fadd i32 %sum_5, i32 %mul_i_2457_2" [filter.cpp:68->filter.cpp:152]   --->   Operation 392 'fadd' 'sum_8' <Predicate = true> <Delay = 7.25> <CoreInst = "FAddSub_fulldsp">   --->   Core 18 'FAddSub_fulldsp' <Latency = 4> <II = 1> <Delay = 7.25> <FuncUnit> <Opcode : 'fadd' 'fsub'> <InPorts = 2> <OutPorts = 1>
ST_26 : Operation 393 [4/4] (5.70ns)   --->   "%mul_i_1 = fmul i32 %conv_i_1, i32 %tmp_34" [filter.cpp:68->filter.cpp:152]   --->   Operation 393 'fmul' 'mul_i_1' <Predicate = true> <Delay = 5.70> <CoreInst = "FMul_maxdsp">   --->   Core 30 'FMul_maxdsp' <Latency = 3> <II = 1> <Delay = 5.70> <FuncUnit> <Opcode : 'fmul'> <InPorts = 2> <OutPorts = 1>
ST_26 : Operation 394 [4/4] (5.70ns)   --->   "%mul_i_1_s = fmul i32 %conv_i_1_s, i32 %tmp_34" [filter.cpp:68->filter.cpp:152]   --->   Operation 394 'fmul' 'mul_i_1_s' <Predicate = true> <Delay = 5.70> <CoreInst = "FMul_maxdsp">   --->   Core 30 'FMul_maxdsp' <Latency = 3> <II = 1> <Delay = 5.70> <FuncUnit> <Opcode : 'fmul'> <InPorts = 2> <OutPorts = 1>
ST_26 : Operation 395 [4/4] (5.70ns)   --->   "%mul_i_1_3 = fmul i32 %conv_i_1_3, i32 %tmp_34" [filter.cpp:68->filter.cpp:152]   --->   Operation 395 'fmul' 'mul_i_1_3' <Predicate = true> <Delay = 5.70> <CoreInst = "FMul_maxdsp">   --->   Core 30 'FMul_maxdsp' <Latency = 3> <II = 1> <Delay = 5.70> <FuncUnit> <Opcode : 'fmul'> <InPorts = 2> <OutPorts = 1>
ST_26 : Operation 396 [5/6] (6.41ns)   --->   "%conv_i_1_1 = uitofp i32 %zext_ln68_12" [filter.cpp:68->filter.cpp:152]   --->   Operation 396 'uitofp' 'conv_i_1_1' <Predicate = true> <Delay = 6.41> <CoreInst = "Int2Float">   --->   Core 62 'Int2Float' <Latency = 5> <II = 1> <Delay = 6.41> <FuncUnit> <Opcode : 'uitofp' 'sitofp'> <InPorts = 1> <OutPorts = 1>
ST_26 : Operation 397 [5/6] (6.41ns)   --->   "%conv_i_1_1_1 = uitofp i32 %zext_ln68_13" [filter.cpp:68->filter.cpp:152]   --->   Operation 397 'uitofp' 'conv_i_1_1_1' <Predicate = true> <Delay = 6.41> <CoreInst = "Int2Float">   --->   Core 62 'Int2Float' <Latency = 5> <II = 1> <Delay = 6.41> <FuncUnit> <Opcode : 'uitofp' 'sitofp'> <InPorts = 1> <OutPorts = 1>
ST_26 : Operation 398 [5/6] (6.41ns)   --->   "%conv_i_1_1_2 = uitofp i32 %zext_ln68_14" [filter.cpp:68->filter.cpp:152]   --->   Operation 398 'uitofp' 'conv_i_1_1_2' <Predicate = true> <Delay = 6.41> <CoreInst = "Int2Float">   --->   Core 62 'Int2Float' <Latency = 5> <II = 1> <Delay = 6.41> <FuncUnit> <Opcode : 'uitofp' 'sitofp'> <InPorts = 1> <OutPorts = 1>

State 27 <SV = 26> <Delay = 7.25>
ST_27 : Operation 399 [3/5] (7.25ns)   --->   "%sum_6 = fadd i32 %sum_3, i32 %mul_i_5" [filter.cpp:68->filter.cpp:152]   --->   Operation 399 'fadd' 'sum_6' <Predicate = true> <Delay = 7.25> <CoreInst = "FAddSub_fulldsp">   --->   Core 18 'FAddSub_fulldsp' <Latency = 4> <II = 1> <Delay = 7.25> <FuncUnit> <Opcode : 'fadd' 'fsub'> <InPorts = 2> <OutPorts = 1>
ST_27 : Operation 400 [3/5] (7.25ns)   --->   "%sum_7 = fadd i32 %sum_4, i32 %mul_i_2457_1" [filter.cpp:68->filter.cpp:152]   --->   Operation 400 'fadd' 'sum_7' <Predicate = true> <Delay = 7.25> <CoreInst = "FAddSub_fulldsp">   --->   Core 18 'FAddSub_fulldsp' <Latency = 4> <II = 1> <Delay = 7.25> <FuncUnit> <Opcode : 'fadd' 'fsub'> <InPorts = 2> <OutPorts = 1>
ST_27 : Operation 401 [3/5] (7.25ns)   --->   "%sum_8 = fadd i32 %sum_5, i32 %mul_i_2457_2" [filter.cpp:68->filter.cpp:152]   --->   Operation 401 'fadd' 'sum_8' <Predicate = true> <Delay = 7.25> <CoreInst = "FAddSub_fulldsp">   --->   Core 18 'FAddSub_fulldsp' <Latency = 4> <II = 1> <Delay = 7.25> <FuncUnit> <Opcode : 'fadd' 'fsub'> <InPorts = 2> <OutPorts = 1>
ST_27 : Operation 402 [3/4] (5.70ns)   --->   "%mul_i_1 = fmul i32 %conv_i_1, i32 %tmp_34" [filter.cpp:68->filter.cpp:152]   --->   Operation 402 'fmul' 'mul_i_1' <Predicate = true> <Delay = 5.70> <CoreInst = "FMul_maxdsp">   --->   Core 30 'FMul_maxdsp' <Latency = 3> <II = 1> <Delay = 5.70> <FuncUnit> <Opcode : 'fmul'> <InPorts = 2> <OutPorts = 1>
ST_27 : Operation 403 [3/4] (5.70ns)   --->   "%mul_i_1_s = fmul i32 %conv_i_1_s, i32 %tmp_34" [filter.cpp:68->filter.cpp:152]   --->   Operation 403 'fmul' 'mul_i_1_s' <Predicate = true> <Delay = 5.70> <CoreInst = "FMul_maxdsp">   --->   Core 30 'FMul_maxdsp' <Latency = 3> <II = 1> <Delay = 5.70> <FuncUnit> <Opcode : 'fmul'> <InPorts = 2> <OutPorts = 1>
ST_27 : Operation 404 [3/4] (5.70ns)   --->   "%mul_i_1_3 = fmul i32 %conv_i_1_3, i32 %tmp_34" [filter.cpp:68->filter.cpp:152]   --->   Operation 404 'fmul' 'mul_i_1_3' <Predicate = true> <Delay = 5.70> <CoreInst = "FMul_maxdsp">   --->   Core 30 'FMul_maxdsp' <Latency = 3> <II = 1> <Delay = 5.70> <FuncUnit> <Opcode : 'fmul'> <InPorts = 2> <OutPorts = 1>
ST_27 : Operation 405 [4/6] (6.41ns)   --->   "%conv_i_1_1 = uitofp i32 %zext_ln68_12" [filter.cpp:68->filter.cpp:152]   --->   Operation 405 'uitofp' 'conv_i_1_1' <Predicate = true> <Delay = 6.41> <CoreInst = "Int2Float">   --->   Core 62 'Int2Float' <Latency = 5> <II = 1> <Delay = 6.41> <FuncUnit> <Opcode : 'uitofp' 'sitofp'> <InPorts = 1> <OutPorts = 1>
ST_27 : Operation 406 [4/6] (6.41ns)   --->   "%conv_i_1_1_1 = uitofp i32 %zext_ln68_13" [filter.cpp:68->filter.cpp:152]   --->   Operation 406 'uitofp' 'conv_i_1_1_1' <Predicate = true> <Delay = 6.41> <CoreInst = "Int2Float">   --->   Core 62 'Int2Float' <Latency = 5> <II = 1> <Delay = 6.41> <FuncUnit> <Opcode : 'uitofp' 'sitofp'> <InPorts = 1> <OutPorts = 1>
ST_27 : Operation 407 [4/6] (6.41ns)   --->   "%conv_i_1_1_2 = uitofp i32 %zext_ln68_14" [filter.cpp:68->filter.cpp:152]   --->   Operation 407 'uitofp' 'conv_i_1_1_2' <Predicate = true> <Delay = 6.41> <CoreInst = "Int2Float">   --->   Core 62 'Int2Float' <Latency = 5> <II = 1> <Delay = 6.41> <FuncUnit> <Opcode : 'uitofp' 'sitofp'> <InPorts = 1> <OutPorts = 1>

State 28 <SV = 27> <Delay = 7.25>
ST_28 : Operation 408 [2/5] (7.25ns)   --->   "%sum_6 = fadd i32 %sum_3, i32 %mul_i_5" [filter.cpp:68->filter.cpp:152]   --->   Operation 408 'fadd' 'sum_6' <Predicate = true> <Delay = 7.25> <CoreInst = "FAddSub_fulldsp">   --->   Core 18 'FAddSub_fulldsp' <Latency = 4> <II = 1> <Delay = 7.25> <FuncUnit> <Opcode : 'fadd' 'fsub'> <InPorts = 2> <OutPorts = 1>
ST_28 : Operation 409 [2/5] (7.25ns)   --->   "%sum_7 = fadd i32 %sum_4, i32 %mul_i_2457_1" [filter.cpp:68->filter.cpp:152]   --->   Operation 409 'fadd' 'sum_7' <Predicate = true> <Delay = 7.25> <CoreInst = "FAddSub_fulldsp">   --->   Core 18 'FAddSub_fulldsp' <Latency = 4> <II = 1> <Delay = 7.25> <FuncUnit> <Opcode : 'fadd' 'fsub'> <InPorts = 2> <OutPorts = 1>
ST_28 : Operation 410 [2/5] (7.25ns)   --->   "%sum_8 = fadd i32 %sum_5, i32 %mul_i_2457_2" [filter.cpp:68->filter.cpp:152]   --->   Operation 410 'fadd' 'sum_8' <Predicate = true> <Delay = 7.25> <CoreInst = "FAddSub_fulldsp">   --->   Core 18 'FAddSub_fulldsp' <Latency = 4> <II = 1> <Delay = 7.25> <FuncUnit> <Opcode : 'fadd' 'fsub'> <InPorts = 2> <OutPorts = 1>
ST_28 : Operation 411 [2/4] (5.70ns)   --->   "%mul_i_1 = fmul i32 %conv_i_1, i32 %tmp_34" [filter.cpp:68->filter.cpp:152]   --->   Operation 411 'fmul' 'mul_i_1' <Predicate = true> <Delay = 5.70> <CoreInst = "FMul_maxdsp">   --->   Core 30 'FMul_maxdsp' <Latency = 3> <II = 1> <Delay = 5.70> <FuncUnit> <Opcode : 'fmul'> <InPorts = 2> <OutPorts = 1>
ST_28 : Operation 412 [2/4] (5.70ns)   --->   "%mul_i_1_s = fmul i32 %conv_i_1_s, i32 %tmp_34" [filter.cpp:68->filter.cpp:152]   --->   Operation 412 'fmul' 'mul_i_1_s' <Predicate = true> <Delay = 5.70> <CoreInst = "FMul_maxdsp">   --->   Core 30 'FMul_maxdsp' <Latency = 3> <II = 1> <Delay = 5.70> <FuncUnit> <Opcode : 'fmul'> <InPorts = 2> <OutPorts = 1>
ST_28 : Operation 413 [2/4] (5.70ns)   --->   "%mul_i_1_3 = fmul i32 %conv_i_1_3, i32 %tmp_34" [filter.cpp:68->filter.cpp:152]   --->   Operation 413 'fmul' 'mul_i_1_3' <Predicate = true> <Delay = 5.70> <CoreInst = "FMul_maxdsp">   --->   Core 30 'FMul_maxdsp' <Latency = 3> <II = 1> <Delay = 5.70> <FuncUnit> <Opcode : 'fmul'> <InPorts = 2> <OutPorts = 1>
ST_28 : Operation 414 [3/6] (6.41ns)   --->   "%conv_i_1_1 = uitofp i32 %zext_ln68_12" [filter.cpp:68->filter.cpp:152]   --->   Operation 414 'uitofp' 'conv_i_1_1' <Predicate = true> <Delay = 6.41> <CoreInst = "Int2Float">   --->   Core 62 'Int2Float' <Latency = 5> <II = 1> <Delay = 6.41> <FuncUnit> <Opcode : 'uitofp' 'sitofp'> <InPorts = 1> <OutPorts = 1>
ST_28 : Operation 415 [3/6] (6.41ns)   --->   "%conv_i_1_1_1 = uitofp i32 %zext_ln68_13" [filter.cpp:68->filter.cpp:152]   --->   Operation 415 'uitofp' 'conv_i_1_1_1' <Predicate = true> <Delay = 6.41> <CoreInst = "Int2Float">   --->   Core 62 'Int2Float' <Latency = 5> <II = 1> <Delay = 6.41> <FuncUnit> <Opcode : 'uitofp' 'sitofp'> <InPorts = 1> <OutPorts = 1>
ST_28 : Operation 416 [3/6] (6.41ns)   --->   "%conv_i_1_1_2 = uitofp i32 %zext_ln68_14" [filter.cpp:68->filter.cpp:152]   --->   Operation 416 'uitofp' 'conv_i_1_1_2' <Predicate = true> <Delay = 6.41> <CoreInst = "Int2Float">   --->   Core 62 'Int2Float' <Latency = 5> <II = 1> <Delay = 6.41> <FuncUnit> <Opcode : 'uitofp' 'sitofp'> <InPorts = 1> <OutPorts = 1>

State 29 <SV = 28> <Delay = 7.25>
ST_29 : Operation 417 [1/5] (7.25ns)   --->   "%sum_6 = fadd i32 %sum_3, i32 %mul_i_5" [filter.cpp:68->filter.cpp:152]   --->   Operation 417 'fadd' 'sum_6' <Predicate = true> <Delay = 7.25> <CoreInst = "FAddSub_fulldsp">   --->   Core 18 'FAddSub_fulldsp' <Latency = 4> <II = 1> <Delay = 7.25> <FuncUnit> <Opcode : 'fadd' 'fsub'> <InPorts = 2> <OutPorts = 1>
ST_29 : Operation 418 [1/5] (7.25ns)   --->   "%sum_7 = fadd i32 %sum_4, i32 %mul_i_2457_1" [filter.cpp:68->filter.cpp:152]   --->   Operation 418 'fadd' 'sum_7' <Predicate = true> <Delay = 7.25> <CoreInst = "FAddSub_fulldsp">   --->   Core 18 'FAddSub_fulldsp' <Latency = 4> <II = 1> <Delay = 7.25> <FuncUnit> <Opcode : 'fadd' 'fsub'> <InPorts = 2> <OutPorts = 1>
ST_29 : Operation 419 [1/5] (7.25ns)   --->   "%sum_8 = fadd i32 %sum_5, i32 %mul_i_2457_2" [filter.cpp:68->filter.cpp:152]   --->   Operation 419 'fadd' 'sum_8' <Predicate = true> <Delay = 7.25> <CoreInst = "FAddSub_fulldsp">   --->   Core 18 'FAddSub_fulldsp' <Latency = 4> <II = 1> <Delay = 7.25> <FuncUnit> <Opcode : 'fadd' 'fsub'> <InPorts = 2> <OutPorts = 1>
ST_29 : Operation 420 [1/4] (5.70ns)   --->   "%mul_i_1 = fmul i32 %conv_i_1, i32 %tmp_34" [filter.cpp:68->filter.cpp:152]   --->   Operation 420 'fmul' 'mul_i_1' <Predicate = true> <Delay = 5.70> <CoreInst = "FMul_maxdsp">   --->   Core 30 'FMul_maxdsp' <Latency = 3> <II = 1> <Delay = 5.70> <FuncUnit> <Opcode : 'fmul'> <InPorts = 2> <OutPorts = 1>
ST_29 : Operation 421 [1/4] (5.70ns)   --->   "%mul_i_1_s = fmul i32 %conv_i_1_s, i32 %tmp_34" [filter.cpp:68->filter.cpp:152]   --->   Operation 421 'fmul' 'mul_i_1_s' <Predicate = true> <Delay = 5.70> <CoreInst = "FMul_maxdsp">   --->   Core 30 'FMul_maxdsp' <Latency = 3> <II = 1> <Delay = 5.70> <FuncUnit> <Opcode : 'fmul'> <InPorts = 2> <OutPorts = 1>
ST_29 : Operation 422 [1/4] (5.70ns)   --->   "%mul_i_1_3 = fmul i32 %conv_i_1_3, i32 %tmp_34" [filter.cpp:68->filter.cpp:152]   --->   Operation 422 'fmul' 'mul_i_1_3' <Predicate = true> <Delay = 5.70> <CoreInst = "FMul_maxdsp">   --->   Core 30 'FMul_maxdsp' <Latency = 3> <II = 1> <Delay = 5.70> <FuncUnit> <Opcode : 'fmul'> <InPorts = 2> <OutPorts = 1>
ST_29 : Operation 423 [2/6] (6.41ns)   --->   "%conv_i_1_1 = uitofp i32 %zext_ln68_12" [filter.cpp:68->filter.cpp:152]   --->   Operation 423 'uitofp' 'conv_i_1_1' <Predicate = true> <Delay = 6.41> <CoreInst = "Int2Float">   --->   Core 62 'Int2Float' <Latency = 5> <II = 1> <Delay = 6.41> <FuncUnit> <Opcode : 'uitofp' 'sitofp'> <InPorts = 1> <OutPorts = 1>
ST_29 : Operation 424 [2/6] (6.41ns)   --->   "%conv_i_1_1_1 = uitofp i32 %zext_ln68_13" [filter.cpp:68->filter.cpp:152]   --->   Operation 424 'uitofp' 'conv_i_1_1_1' <Predicate = true> <Delay = 6.41> <CoreInst = "Int2Float">   --->   Core 62 'Int2Float' <Latency = 5> <II = 1> <Delay = 6.41> <FuncUnit> <Opcode : 'uitofp' 'sitofp'> <InPorts = 1> <OutPorts = 1>
ST_29 : Operation 425 [2/6] (6.41ns)   --->   "%conv_i_1_1_2 = uitofp i32 %zext_ln68_14" [filter.cpp:68->filter.cpp:152]   --->   Operation 425 'uitofp' 'conv_i_1_1_2' <Predicate = true> <Delay = 6.41> <CoreInst = "Int2Float">   --->   Core 62 'Int2Float' <Latency = 5> <II = 1> <Delay = 6.41> <FuncUnit> <Opcode : 'uitofp' 'sitofp'> <InPorts = 1> <OutPorts = 1>

State 30 <SV = 29> <Delay = 7.25>
ST_30 : Operation 426 [5/5] (7.25ns)   --->   "%sum_9 = fadd i32 %sum_6, i32 %mul_i_1" [filter.cpp:68->filter.cpp:152]   --->   Operation 426 'fadd' 'sum_9' <Predicate = true> <Delay = 7.25> <CoreInst = "FAddSub_fulldsp">   --->   Core 18 'FAddSub_fulldsp' <Latency = 4> <II = 1> <Delay = 7.25> <FuncUnit> <Opcode : 'fadd' 'fsub'> <InPorts = 2> <OutPorts = 1>
ST_30 : Operation 427 [5/5] (7.25ns)   --->   "%sum_10 = fadd i32 %sum_7, i32 %mul_i_1_s" [filter.cpp:68->filter.cpp:152]   --->   Operation 427 'fadd' 'sum_10' <Predicate = true> <Delay = 7.25> <CoreInst = "FAddSub_fulldsp">   --->   Core 18 'FAddSub_fulldsp' <Latency = 4> <II = 1> <Delay = 7.25> <FuncUnit> <Opcode : 'fadd' 'fsub'> <InPorts = 2> <OutPorts = 1>
ST_30 : Operation 428 [5/5] (7.25ns)   --->   "%sum_11 = fadd i32 %sum_8, i32 %mul_i_1_3" [filter.cpp:68->filter.cpp:152]   --->   Operation 428 'fadd' 'sum_11' <Predicate = true> <Delay = 7.25> <CoreInst = "FAddSub_fulldsp">   --->   Core 18 'FAddSub_fulldsp' <Latency = 4> <II = 1> <Delay = 7.25> <FuncUnit> <Opcode : 'fadd' 'fsub'> <InPorts = 2> <OutPorts = 1>
ST_30 : Operation 429 [1/6] (6.41ns)   --->   "%conv_i_1_1 = uitofp i32 %zext_ln68_12" [filter.cpp:68->filter.cpp:152]   --->   Operation 429 'uitofp' 'conv_i_1_1' <Predicate = true> <Delay = 6.41> <CoreInst = "Int2Float">   --->   Core 62 'Int2Float' <Latency = 5> <II = 1> <Delay = 6.41> <FuncUnit> <Opcode : 'uitofp' 'sitofp'> <InPorts = 1> <OutPorts = 1>
ST_30 : Operation 430 [1/6] (6.41ns)   --->   "%conv_i_1_1_1 = uitofp i32 %zext_ln68_13" [filter.cpp:68->filter.cpp:152]   --->   Operation 430 'uitofp' 'conv_i_1_1_1' <Predicate = true> <Delay = 6.41> <CoreInst = "Int2Float">   --->   Core 62 'Int2Float' <Latency = 5> <II = 1> <Delay = 6.41> <FuncUnit> <Opcode : 'uitofp' 'sitofp'> <InPorts = 1> <OutPorts = 1>
ST_30 : Operation 431 [1/6] (6.41ns)   --->   "%conv_i_1_1_2 = uitofp i32 %zext_ln68_14" [filter.cpp:68->filter.cpp:152]   --->   Operation 431 'uitofp' 'conv_i_1_1_2' <Predicate = true> <Delay = 6.41> <CoreInst = "Int2Float">   --->   Core 62 'Int2Float' <Latency = 5> <II = 1> <Delay = 6.41> <FuncUnit> <Opcode : 'uitofp' 'sitofp'> <InPorts = 1> <OutPorts = 1>
ST_30 : Operation 432 [1/1] (0.00ns)   --->   "%zext_ln68_15 = zext i8 %tmp_14" [filter.cpp:68->filter.cpp:152]   --->   Operation 432 'zext' 'zext_ln68_15' <Predicate = true> <Delay = 0.00>
ST_30 : Operation 433 [6/6] (6.41ns)   --->   "%conv_i_1_2 = uitofp i32 %zext_ln68_15" [filter.cpp:68->filter.cpp:152]   --->   Operation 433 'uitofp' 'conv_i_1_2' <Predicate = true> <Delay = 6.41> <CoreInst = "Int2Float">   --->   Core 62 'Int2Float' <Latency = 5> <II = 1> <Delay = 6.41> <FuncUnit> <Opcode : 'uitofp' 'sitofp'> <InPorts = 1> <OutPorts = 1>
ST_30 : Operation 434 [1/1] (0.00ns)   --->   "%zext_ln68_16 = zext i8 %tmp_15" [filter.cpp:68->filter.cpp:152]   --->   Operation 434 'zext' 'zext_ln68_16' <Predicate = true> <Delay = 0.00>
ST_30 : Operation 435 [6/6] (6.41ns)   --->   "%conv_i_1_2_1 = uitofp i32 %zext_ln68_16" [filter.cpp:68->filter.cpp:152]   --->   Operation 435 'uitofp' 'conv_i_1_2_1' <Predicate = true> <Delay = 6.41> <CoreInst = "Int2Float">   --->   Core 62 'Int2Float' <Latency = 5> <II = 1> <Delay = 6.41> <FuncUnit> <Opcode : 'uitofp' 'sitofp'> <InPorts = 1> <OutPorts = 1>
ST_30 : Operation 436 [1/1] (0.00ns)   --->   "%zext_ln68_17 = zext i8 %tmp_16" [filter.cpp:68->filter.cpp:152]   --->   Operation 436 'zext' 'zext_ln68_17' <Predicate = true> <Delay = 0.00>
ST_30 : Operation 437 [6/6] (6.41ns)   --->   "%conv_i_1_2_2 = uitofp i32 %zext_ln68_17" [filter.cpp:68->filter.cpp:152]   --->   Operation 437 'uitofp' 'conv_i_1_2_2' <Predicate = true> <Delay = 6.41> <CoreInst = "Int2Float">   --->   Core 62 'Int2Float' <Latency = 5> <II = 1> <Delay = 6.41> <FuncUnit> <Opcode : 'uitofp' 'sitofp'> <InPorts = 1> <OutPorts = 1>

State 31 <SV = 30> <Delay = 7.25>
ST_31 : Operation 438 [4/5] (7.25ns)   --->   "%sum_9 = fadd i32 %sum_6, i32 %mul_i_1" [filter.cpp:68->filter.cpp:152]   --->   Operation 438 'fadd' 'sum_9' <Predicate = true> <Delay = 7.25> <CoreInst = "FAddSub_fulldsp">   --->   Core 18 'FAddSub_fulldsp' <Latency = 4> <II = 1> <Delay = 7.25> <FuncUnit> <Opcode : 'fadd' 'fsub'> <InPorts = 2> <OutPorts = 1>
ST_31 : Operation 439 [4/5] (7.25ns)   --->   "%sum_10 = fadd i32 %sum_7, i32 %mul_i_1_s" [filter.cpp:68->filter.cpp:152]   --->   Operation 439 'fadd' 'sum_10' <Predicate = true> <Delay = 7.25> <CoreInst = "FAddSub_fulldsp">   --->   Core 18 'FAddSub_fulldsp' <Latency = 4> <II = 1> <Delay = 7.25> <FuncUnit> <Opcode : 'fadd' 'fsub'> <InPorts = 2> <OutPorts = 1>
ST_31 : Operation 440 [4/5] (7.25ns)   --->   "%sum_11 = fadd i32 %sum_8, i32 %mul_i_1_3" [filter.cpp:68->filter.cpp:152]   --->   Operation 440 'fadd' 'sum_11' <Predicate = true> <Delay = 7.25> <CoreInst = "FAddSub_fulldsp">   --->   Core 18 'FAddSub_fulldsp' <Latency = 4> <II = 1> <Delay = 7.25> <FuncUnit> <Opcode : 'fadd' 'fsub'> <InPorts = 2> <OutPorts = 1>
ST_31 : Operation 441 [4/4] (5.70ns)   --->   "%mul_i_1_1 = fmul i32 %conv_i_1_1, i32 %tmp_32" [filter.cpp:68->filter.cpp:152]   --->   Operation 441 'fmul' 'mul_i_1_1' <Predicate = true> <Delay = 5.70> <CoreInst = "FMul_maxdsp">   --->   Core 30 'FMul_maxdsp' <Latency = 3> <II = 1> <Delay = 5.70> <FuncUnit> <Opcode : 'fmul'> <InPorts = 2> <OutPorts = 1>
ST_31 : Operation 442 [4/4] (5.70ns)   --->   "%mul_i_1_1_1 = fmul i32 %conv_i_1_1_1, i32 %tmp_32" [filter.cpp:68->filter.cpp:152]   --->   Operation 442 'fmul' 'mul_i_1_1_1' <Predicate = true> <Delay = 5.70> <CoreInst = "FMul_maxdsp">   --->   Core 30 'FMul_maxdsp' <Latency = 3> <II = 1> <Delay = 5.70> <FuncUnit> <Opcode : 'fmul'> <InPorts = 2> <OutPorts = 1>
ST_31 : Operation 443 [4/4] (5.70ns)   --->   "%mul_i_1_1_2 = fmul i32 %conv_i_1_1_2, i32 %tmp_32" [filter.cpp:68->filter.cpp:152]   --->   Operation 443 'fmul' 'mul_i_1_1_2' <Predicate = true> <Delay = 5.70> <CoreInst = "FMul_maxdsp">   --->   Core 30 'FMul_maxdsp' <Latency = 3> <II = 1> <Delay = 5.70> <FuncUnit> <Opcode : 'fmul'> <InPorts = 2> <OutPorts = 1>
ST_31 : Operation 444 [5/6] (6.41ns)   --->   "%conv_i_1_2 = uitofp i32 %zext_ln68_15" [filter.cpp:68->filter.cpp:152]   --->   Operation 444 'uitofp' 'conv_i_1_2' <Predicate = true> <Delay = 6.41> <CoreInst = "Int2Float">   --->   Core 62 'Int2Float' <Latency = 5> <II = 1> <Delay = 6.41> <FuncUnit> <Opcode : 'uitofp' 'sitofp'> <InPorts = 1> <OutPorts = 1>
ST_31 : Operation 445 [5/6] (6.41ns)   --->   "%conv_i_1_2_1 = uitofp i32 %zext_ln68_16" [filter.cpp:68->filter.cpp:152]   --->   Operation 445 'uitofp' 'conv_i_1_2_1' <Predicate = true> <Delay = 6.41> <CoreInst = "Int2Float">   --->   Core 62 'Int2Float' <Latency = 5> <II = 1> <Delay = 6.41> <FuncUnit> <Opcode : 'uitofp' 'sitofp'> <InPorts = 1> <OutPorts = 1>
ST_31 : Operation 446 [5/6] (6.41ns)   --->   "%conv_i_1_2_2 = uitofp i32 %zext_ln68_17" [filter.cpp:68->filter.cpp:152]   --->   Operation 446 'uitofp' 'conv_i_1_2_2' <Predicate = true> <Delay = 6.41> <CoreInst = "Int2Float">   --->   Core 62 'Int2Float' <Latency = 5> <II = 1> <Delay = 6.41> <FuncUnit> <Opcode : 'uitofp' 'sitofp'> <InPorts = 1> <OutPorts = 1>

State 32 <SV = 31> <Delay = 7.25>
ST_32 : Operation 447 [3/5] (7.25ns)   --->   "%sum_9 = fadd i32 %sum_6, i32 %mul_i_1" [filter.cpp:68->filter.cpp:152]   --->   Operation 447 'fadd' 'sum_9' <Predicate = true> <Delay = 7.25> <CoreInst = "FAddSub_fulldsp">   --->   Core 18 'FAddSub_fulldsp' <Latency = 4> <II = 1> <Delay = 7.25> <FuncUnit> <Opcode : 'fadd' 'fsub'> <InPorts = 2> <OutPorts = 1>
ST_32 : Operation 448 [3/5] (7.25ns)   --->   "%sum_10 = fadd i32 %sum_7, i32 %mul_i_1_s" [filter.cpp:68->filter.cpp:152]   --->   Operation 448 'fadd' 'sum_10' <Predicate = true> <Delay = 7.25> <CoreInst = "FAddSub_fulldsp">   --->   Core 18 'FAddSub_fulldsp' <Latency = 4> <II = 1> <Delay = 7.25> <FuncUnit> <Opcode : 'fadd' 'fsub'> <InPorts = 2> <OutPorts = 1>
ST_32 : Operation 449 [3/5] (7.25ns)   --->   "%sum_11 = fadd i32 %sum_8, i32 %mul_i_1_3" [filter.cpp:68->filter.cpp:152]   --->   Operation 449 'fadd' 'sum_11' <Predicate = true> <Delay = 7.25> <CoreInst = "FAddSub_fulldsp">   --->   Core 18 'FAddSub_fulldsp' <Latency = 4> <II = 1> <Delay = 7.25> <FuncUnit> <Opcode : 'fadd' 'fsub'> <InPorts = 2> <OutPorts = 1>
ST_32 : Operation 450 [3/4] (5.70ns)   --->   "%mul_i_1_1 = fmul i32 %conv_i_1_1, i32 %tmp_32" [filter.cpp:68->filter.cpp:152]   --->   Operation 450 'fmul' 'mul_i_1_1' <Predicate = true> <Delay = 5.70> <CoreInst = "FMul_maxdsp">   --->   Core 30 'FMul_maxdsp' <Latency = 3> <II = 1> <Delay = 5.70> <FuncUnit> <Opcode : 'fmul'> <InPorts = 2> <OutPorts = 1>
ST_32 : Operation 451 [3/4] (5.70ns)   --->   "%mul_i_1_1_1 = fmul i32 %conv_i_1_1_1, i32 %tmp_32" [filter.cpp:68->filter.cpp:152]   --->   Operation 451 'fmul' 'mul_i_1_1_1' <Predicate = true> <Delay = 5.70> <CoreInst = "FMul_maxdsp">   --->   Core 30 'FMul_maxdsp' <Latency = 3> <II = 1> <Delay = 5.70> <FuncUnit> <Opcode : 'fmul'> <InPorts = 2> <OutPorts = 1>
ST_32 : Operation 452 [3/4] (5.70ns)   --->   "%mul_i_1_1_2 = fmul i32 %conv_i_1_1_2, i32 %tmp_32" [filter.cpp:68->filter.cpp:152]   --->   Operation 452 'fmul' 'mul_i_1_1_2' <Predicate = true> <Delay = 5.70> <CoreInst = "FMul_maxdsp">   --->   Core 30 'FMul_maxdsp' <Latency = 3> <II = 1> <Delay = 5.70> <FuncUnit> <Opcode : 'fmul'> <InPorts = 2> <OutPorts = 1>
ST_32 : Operation 453 [4/6] (6.41ns)   --->   "%conv_i_1_2 = uitofp i32 %zext_ln68_15" [filter.cpp:68->filter.cpp:152]   --->   Operation 453 'uitofp' 'conv_i_1_2' <Predicate = true> <Delay = 6.41> <CoreInst = "Int2Float">   --->   Core 62 'Int2Float' <Latency = 5> <II = 1> <Delay = 6.41> <FuncUnit> <Opcode : 'uitofp' 'sitofp'> <InPorts = 1> <OutPorts = 1>
ST_32 : Operation 454 [4/6] (6.41ns)   --->   "%conv_i_1_2_1 = uitofp i32 %zext_ln68_16" [filter.cpp:68->filter.cpp:152]   --->   Operation 454 'uitofp' 'conv_i_1_2_1' <Predicate = true> <Delay = 6.41> <CoreInst = "Int2Float">   --->   Core 62 'Int2Float' <Latency = 5> <II = 1> <Delay = 6.41> <FuncUnit> <Opcode : 'uitofp' 'sitofp'> <InPorts = 1> <OutPorts = 1>
ST_32 : Operation 455 [4/6] (6.41ns)   --->   "%conv_i_1_2_2 = uitofp i32 %zext_ln68_17" [filter.cpp:68->filter.cpp:152]   --->   Operation 455 'uitofp' 'conv_i_1_2_2' <Predicate = true> <Delay = 6.41> <CoreInst = "Int2Float">   --->   Core 62 'Int2Float' <Latency = 5> <II = 1> <Delay = 6.41> <FuncUnit> <Opcode : 'uitofp' 'sitofp'> <InPorts = 1> <OutPorts = 1>

State 33 <SV = 32> <Delay = 7.25>
ST_33 : Operation 456 [2/5] (7.25ns)   --->   "%sum_9 = fadd i32 %sum_6, i32 %mul_i_1" [filter.cpp:68->filter.cpp:152]   --->   Operation 456 'fadd' 'sum_9' <Predicate = true> <Delay = 7.25> <CoreInst = "FAddSub_fulldsp">   --->   Core 18 'FAddSub_fulldsp' <Latency = 4> <II = 1> <Delay = 7.25> <FuncUnit> <Opcode : 'fadd' 'fsub'> <InPorts = 2> <OutPorts = 1>
ST_33 : Operation 457 [2/5] (7.25ns)   --->   "%sum_10 = fadd i32 %sum_7, i32 %mul_i_1_s" [filter.cpp:68->filter.cpp:152]   --->   Operation 457 'fadd' 'sum_10' <Predicate = true> <Delay = 7.25> <CoreInst = "FAddSub_fulldsp">   --->   Core 18 'FAddSub_fulldsp' <Latency = 4> <II = 1> <Delay = 7.25> <FuncUnit> <Opcode : 'fadd' 'fsub'> <InPorts = 2> <OutPorts = 1>
ST_33 : Operation 458 [2/5] (7.25ns)   --->   "%sum_11 = fadd i32 %sum_8, i32 %mul_i_1_3" [filter.cpp:68->filter.cpp:152]   --->   Operation 458 'fadd' 'sum_11' <Predicate = true> <Delay = 7.25> <CoreInst = "FAddSub_fulldsp">   --->   Core 18 'FAddSub_fulldsp' <Latency = 4> <II = 1> <Delay = 7.25> <FuncUnit> <Opcode : 'fadd' 'fsub'> <InPorts = 2> <OutPorts = 1>
ST_33 : Operation 459 [2/4] (5.70ns)   --->   "%mul_i_1_1 = fmul i32 %conv_i_1_1, i32 %tmp_32" [filter.cpp:68->filter.cpp:152]   --->   Operation 459 'fmul' 'mul_i_1_1' <Predicate = true> <Delay = 5.70> <CoreInst = "FMul_maxdsp">   --->   Core 30 'FMul_maxdsp' <Latency = 3> <II = 1> <Delay = 5.70> <FuncUnit> <Opcode : 'fmul'> <InPorts = 2> <OutPorts = 1>
ST_33 : Operation 460 [2/4] (5.70ns)   --->   "%mul_i_1_1_1 = fmul i32 %conv_i_1_1_1, i32 %tmp_32" [filter.cpp:68->filter.cpp:152]   --->   Operation 460 'fmul' 'mul_i_1_1_1' <Predicate = true> <Delay = 5.70> <CoreInst = "FMul_maxdsp">   --->   Core 30 'FMul_maxdsp' <Latency = 3> <II = 1> <Delay = 5.70> <FuncUnit> <Opcode : 'fmul'> <InPorts = 2> <OutPorts = 1>
ST_33 : Operation 461 [2/4] (5.70ns)   --->   "%mul_i_1_1_2 = fmul i32 %conv_i_1_1_2, i32 %tmp_32" [filter.cpp:68->filter.cpp:152]   --->   Operation 461 'fmul' 'mul_i_1_1_2' <Predicate = true> <Delay = 5.70> <CoreInst = "FMul_maxdsp">   --->   Core 30 'FMul_maxdsp' <Latency = 3> <II = 1> <Delay = 5.70> <FuncUnit> <Opcode : 'fmul'> <InPorts = 2> <OutPorts = 1>
ST_33 : Operation 462 [3/6] (6.41ns)   --->   "%conv_i_1_2 = uitofp i32 %zext_ln68_15" [filter.cpp:68->filter.cpp:152]   --->   Operation 462 'uitofp' 'conv_i_1_2' <Predicate = true> <Delay = 6.41> <CoreInst = "Int2Float">   --->   Core 62 'Int2Float' <Latency = 5> <II = 1> <Delay = 6.41> <FuncUnit> <Opcode : 'uitofp' 'sitofp'> <InPorts = 1> <OutPorts = 1>
ST_33 : Operation 463 [3/6] (6.41ns)   --->   "%conv_i_1_2_1 = uitofp i32 %zext_ln68_16" [filter.cpp:68->filter.cpp:152]   --->   Operation 463 'uitofp' 'conv_i_1_2_1' <Predicate = true> <Delay = 6.41> <CoreInst = "Int2Float">   --->   Core 62 'Int2Float' <Latency = 5> <II = 1> <Delay = 6.41> <FuncUnit> <Opcode : 'uitofp' 'sitofp'> <InPorts = 1> <OutPorts = 1>
ST_33 : Operation 464 [3/6] (6.41ns)   --->   "%conv_i_1_2_2 = uitofp i32 %zext_ln68_17" [filter.cpp:68->filter.cpp:152]   --->   Operation 464 'uitofp' 'conv_i_1_2_2' <Predicate = true> <Delay = 6.41> <CoreInst = "Int2Float">   --->   Core 62 'Int2Float' <Latency = 5> <II = 1> <Delay = 6.41> <FuncUnit> <Opcode : 'uitofp' 'sitofp'> <InPorts = 1> <OutPorts = 1>

State 34 <SV = 33> <Delay = 7.25>
ST_34 : Operation 465 [1/5] (7.25ns)   --->   "%sum_9 = fadd i32 %sum_6, i32 %mul_i_1" [filter.cpp:68->filter.cpp:152]   --->   Operation 465 'fadd' 'sum_9' <Predicate = true> <Delay = 7.25> <CoreInst = "FAddSub_fulldsp">   --->   Core 18 'FAddSub_fulldsp' <Latency = 4> <II = 1> <Delay = 7.25> <FuncUnit> <Opcode : 'fadd' 'fsub'> <InPorts = 2> <OutPorts = 1>
ST_34 : Operation 466 [1/5] (7.25ns)   --->   "%sum_10 = fadd i32 %sum_7, i32 %mul_i_1_s" [filter.cpp:68->filter.cpp:152]   --->   Operation 466 'fadd' 'sum_10' <Predicate = true> <Delay = 7.25> <CoreInst = "FAddSub_fulldsp">   --->   Core 18 'FAddSub_fulldsp' <Latency = 4> <II = 1> <Delay = 7.25> <FuncUnit> <Opcode : 'fadd' 'fsub'> <InPorts = 2> <OutPorts = 1>
ST_34 : Operation 467 [1/5] (7.25ns)   --->   "%sum_11 = fadd i32 %sum_8, i32 %mul_i_1_3" [filter.cpp:68->filter.cpp:152]   --->   Operation 467 'fadd' 'sum_11' <Predicate = true> <Delay = 7.25> <CoreInst = "FAddSub_fulldsp">   --->   Core 18 'FAddSub_fulldsp' <Latency = 4> <II = 1> <Delay = 7.25> <FuncUnit> <Opcode : 'fadd' 'fsub'> <InPorts = 2> <OutPorts = 1>
ST_34 : Operation 468 [1/4] (5.70ns)   --->   "%mul_i_1_1 = fmul i32 %conv_i_1_1, i32 %tmp_32" [filter.cpp:68->filter.cpp:152]   --->   Operation 468 'fmul' 'mul_i_1_1' <Predicate = true> <Delay = 5.70> <CoreInst = "FMul_maxdsp">   --->   Core 30 'FMul_maxdsp' <Latency = 3> <II = 1> <Delay = 5.70> <FuncUnit> <Opcode : 'fmul'> <InPorts = 2> <OutPorts = 1>
ST_34 : Operation 469 [1/4] (5.70ns)   --->   "%mul_i_1_1_1 = fmul i32 %conv_i_1_1_1, i32 %tmp_32" [filter.cpp:68->filter.cpp:152]   --->   Operation 469 'fmul' 'mul_i_1_1_1' <Predicate = true> <Delay = 5.70> <CoreInst = "FMul_maxdsp">   --->   Core 30 'FMul_maxdsp' <Latency = 3> <II = 1> <Delay = 5.70> <FuncUnit> <Opcode : 'fmul'> <InPorts = 2> <OutPorts = 1>
ST_34 : Operation 470 [1/4] (5.70ns)   --->   "%mul_i_1_1_2 = fmul i32 %conv_i_1_1_2, i32 %tmp_32" [filter.cpp:68->filter.cpp:152]   --->   Operation 470 'fmul' 'mul_i_1_1_2' <Predicate = true> <Delay = 5.70> <CoreInst = "FMul_maxdsp">   --->   Core 30 'FMul_maxdsp' <Latency = 3> <II = 1> <Delay = 5.70> <FuncUnit> <Opcode : 'fmul'> <InPorts = 2> <OutPorts = 1>
ST_34 : Operation 471 [2/6] (6.41ns)   --->   "%conv_i_1_2 = uitofp i32 %zext_ln68_15" [filter.cpp:68->filter.cpp:152]   --->   Operation 471 'uitofp' 'conv_i_1_2' <Predicate = true> <Delay = 6.41> <CoreInst = "Int2Float">   --->   Core 62 'Int2Float' <Latency = 5> <II = 1> <Delay = 6.41> <FuncUnit> <Opcode : 'uitofp' 'sitofp'> <InPorts = 1> <OutPorts = 1>
ST_34 : Operation 472 [2/6] (6.41ns)   --->   "%conv_i_1_2_1 = uitofp i32 %zext_ln68_16" [filter.cpp:68->filter.cpp:152]   --->   Operation 472 'uitofp' 'conv_i_1_2_1' <Predicate = true> <Delay = 6.41> <CoreInst = "Int2Float">   --->   Core 62 'Int2Float' <Latency = 5> <II = 1> <Delay = 6.41> <FuncUnit> <Opcode : 'uitofp' 'sitofp'> <InPorts = 1> <OutPorts = 1>
ST_34 : Operation 473 [2/6] (6.41ns)   --->   "%conv_i_1_2_2 = uitofp i32 %zext_ln68_17" [filter.cpp:68->filter.cpp:152]   --->   Operation 473 'uitofp' 'conv_i_1_2_2' <Predicate = true> <Delay = 6.41> <CoreInst = "Int2Float">   --->   Core 62 'Int2Float' <Latency = 5> <II = 1> <Delay = 6.41> <FuncUnit> <Opcode : 'uitofp' 'sitofp'> <InPorts = 1> <OutPorts = 1>

State 35 <SV = 34> <Delay = 7.25>
ST_35 : Operation 474 [5/5] (7.25ns)   --->   "%sum_12 = fadd i32 %sum_9, i32 %mul_i_1_1" [filter.cpp:68->filter.cpp:152]   --->   Operation 474 'fadd' 'sum_12' <Predicate = true> <Delay = 7.25> <CoreInst = "FAddSub_fulldsp">   --->   Core 18 'FAddSub_fulldsp' <Latency = 4> <II = 1> <Delay = 7.25> <FuncUnit> <Opcode : 'fadd' 'fsub'> <InPorts = 2> <OutPorts = 1>
ST_35 : Operation 475 [5/5] (7.25ns)   --->   "%sum_13 = fadd i32 %sum_10, i32 %mul_i_1_1_1" [filter.cpp:68->filter.cpp:152]   --->   Operation 475 'fadd' 'sum_13' <Predicate = true> <Delay = 7.25> <CoreInst = "FAddSub_fulldsp">   --->   Core 18 'FAddSub_fulldsp' <Latency = 4> <II = 1> <Delay = 7.25> <FuncUnit> <Opcode : 'fadd' 'fsub'> <InPorts = 2> <OutPorts = 1>
ST_35 : Operation 476 [5/5] (7.25ns)   --->   "%sum_14 = fadd i32 %sum_11, i32 %mul_i_1_1_2" [filter.cpp:68->filter.cpp:152]   --->   Operation 476 'fadd' 'sum_14' <Predicate = true> <Delay = 7.25> <CoreInst = "FAddSub_fulldsp">   --->   Core 18 'FAddSub_fulldsp' <Latency = 4> <II = 1> <Delay = 7.25> <FuncUnit> <Opcode : 'fadd' 'fsub'> <InPorts = 2> <OutPorts = 1>
ST_35 : Operation 477 [1/6] (6.41ns)   --->   "%conv_i_1_2 = uitofp i32 %zext_ln68_15" [filter.cpp:68->filter.cpp:152]   --->   Operation 477 'uitofp' 'conv_i_1_2' <Predicate = true> <Delay = 6.41> <CoreInst = "Int2Float">   --->   Core 62 'Int2Float' <Latency = 5> <II = 1> <Delay = 6.41> <FuncUnit> <Opcode : 'uitofp' 'sitofp'> <InPorts = 1> <OutPorts = 1>
ST_35 : Operation 478 [1/6] (6.41ns)   --->   "%conv_i_1_2_1 = uitofp i32 %zext_ln68_16" [filter.cpp:68->filter.cpp:152]   --->   Operation 478 'uitofp' 'conv_i_1_2_1' <Predicate = true> <Delay = 6.41> <CoreInst = "Int2Float">   --->   Core 62 'Int2Float' <Latency = 5> <II = 1> <Delay = 6.41> <FuncUnit> <Opcode : 'uitofp' 'sitofp'> <InPorts = 1> <OutPorts = 1>
ST_35 : Operation 479 [1/6] (6.41ns)   --->   "%conv_i_1_2_2 = uitofp i32 %zext_ln68_17" [filter.cpp:68->filter.cpp:152]   --->   Operation 479 'uitofp' 'conv_i_1_2_2' <Predicate = true> <Delay = 6.41> <CoreInst = "Int2Float">   --->   Core 62 'Int2Float' <Latency = 5> <II = 1> <Delay = 6.41> <FuncUnit> <Opcode : 'uitofp' 'sitofp'> <InPorts = 1> <OutPorts = 1>
ST_35 : Operation 480 [1/1] (0.00ns)   --->   "%zext_ln68_18 = zext i8 %tmp_17" [filter.cpp:68->filter.cpp:152]   --->   Operation 480 'zext' 'zext_ln68_18' <Predicate = true> <Delay = 0.00>
ST_35 : Operation 481 [6/6] (6.41ns)   --->   "%conv_i_2 = uitofp i32 %zext_ln68_18" [filter.cpp:68->filter.cpp:152]   --->   Operation 481 'uitofp' 'conv_i_2' <Predicate = true> <Delay = 6.41> <CoreInst = "Int2Float">   --->   Core 62 'Int2Float' <Latency = 5> <II = 1> <Delay = 6.41> <FuncUnit> <Opcode : 'uitofp' 'sitofp'> <InPorts = 1> <OutPorts = 1>
ST_35 : Operation 482 [1/1] (0.00ns)   --->   "%zext_ln68_19 = zext i8 %tmp_18" [filter.cpp:68->filter.cpp:152]   --->   Operation 482 'zext' 'zext_ln68_19' <Predicate = true> <Delay = 0.00>
ST_35 : Operation 483 [6/6] (6.41ns)   --->   "%conv_i_2_s = uitofp i32 %zext_ln68_19" [filter.cpp:68->filter.cpp:152]   --->   Operation 483 'uitofp' 'conv_i_2_s' <Predicate = true> <Delay = 6.41> <CoreInst = "Int2Float">   --->   Core 62 'Int2Float' <Latency = 5> <II = 1> <Delay = 6.41> <FuncUnit> <Opcode : 'uitofp' 'sitofp'> <InPorts = 1> <OutPorts = 1>
ST_35 : Operation 484 [1/1] (0.00ns)   --->   "%zext_ln68_20 = zext i8 %tmp_19" [filter.cpp:68->filter.cpp:152]   --->   Operation 484 'zext' 'zext_ln68_20' <Predicate = true> <Delay = 0.00>
ST_35 : Operation 485 [6/6] (6.41ns)   --->   "%conv_i_2_3 = uitofp i32 %zext_ln68_20" [filter.cpp:68->filter.cpp:152]   --->   Operation 485 'uitofp' 'conv_i_2_3' <Predicate = true> <Delay = 6.41> <CoreInst = "Int2Float">   --->   Core 62 'Int2Float' <Latency = 5> <II = 1> <Delay = 6.41> <FuncUnit> <Opcode : 'uitofp' 'sitofp'> <InPorts = 1> <OutPorts = 1>

State 36 <SV = 35> <Delay = 7.25>
ST_36 : Operation 486 [4/5] (7.25ns)   --->   "%sum_12 = fadd i32 %sum_9, i32 %mul_i_1_1" [filter.cpp:68->filter.cpp:152]   --->   Operation 486 'fadd' 'sum_12' <Predicate = true> <Delay = 7.25> <CoreInst = "FAddSub_fulldsp">   --->   Core 18 'FAddSub_fulldsp' <Latency = 4> <II = 1> <Delay = 7.25> <FuncUnit> <Opcode : 'fadd' 'fsub'> <InPorts = 2> <OutPorts = 1>
ST_36 : Operation 487 [4/5] (7.25ns)   --->   "%sum_13 = fadd i32 %sum_10, i32 %mul_i_1_1_1" [filter.cpp:68->filter.cpp:152]   --->   Operation 487 'fadd' 'sum_13' <Predicate = true> <Delay = 7.25> <CoreInst = "FAddSub_fulldsp">   --->   Core 18 'FAddSub_fulldsp' <Latency = 4> <II = 1> <Delay = 7.25> <FuncUnit> <Opcode : 'fadd' 'fsub'> <InPorts = 2> <OutPorts = 1>
ST_36 : Operation 488 [4/5] (7.25ns)   --->   "%sum_14 = fadd i32 %sum_11, i32 %mul_i_1_1_2" [filter.cpp:68->filter.cpp:152]   --->   Operation 488 'fadd' 'sum_14' <Predicate = true> <Delay = 7.25> <CoreInst = "FAddSub_fulldsp">   --->   Core 18 'FAddSub_fulldsp' <Latency = 4> <II = 1> <Delay = 7.25> <FuncUnit> <Opcode : 'fadd' 'fsub'> <InPorts = 2> <OutPorts = 1>
ST_36 : Operation 489 [4/4] (5.70ns)   --->   "%mul_i_1_2 = fmul i32 %conv_i_1_2, i32 %tmp_30" [filter.cpp:68->filter.cpp:152]   --->   Operation 489 'fmul' 'mul_i_1_2' <Predicate = true> <Delay = 5.70> <CoreInst = "FMul_maxdsp">   --->   Core 30 'FMul_maxdsp' <Latency = 3> <II = 1> <Delay = 5.70> <FuncUnit> <Opcode : 'fmul'> <InPorts = 2> <OutPorts = 1>
ST_36 : Operation 490 [4/4] (5.70ns)   --->   "%mul_i_1_2_1 = fmul i32 %conv_i_1_2_1, i32 %tmp_30" [filter.cpp:68->filter.cpp:152]   --->   Operation 490 'fmul' 'mul_i_1_2_1' <Predicate = true> <Delay = 5.70> <CoreInst = "FMul_maxdsp">   --->   Core 30 'FMul_maxdsp' <Latency = 3> <II = 1> <Delay = 5.70> <FuncUnit> <Opcode : 'fmul'> <InPorts = 2> <OutPorts = 1>
ST_36 : Operation 491 [4/4] (5.70ns)   --->   "%mul_i_1_2_2 = fmul i32 %conv_i_1_2_2, i32 %tmp_30" [filter.cpp:68->filter.cpp:152]   --->   Operation 491 'fmul' 'mul_i_1_2_2' <Predicate = true> <Delay = 5.70> <CoreInst = "FMul_maxdsp">   --->   Core 30 'FMul_maxdsp' <Latency = 3> <II = 1> <Delay = 5.70> <FuncUnit> <Opcode : 'fmul'> <InPorts = 2> <OutPorts = 1>
ST_36 : Operation 492 [5/6] (6.41ns)   --->   "%conv_i_2 = uitofp i32 %zext_ln68_18" [filter.cpp:68->filter.cpp:152]   --->   Operation 492 'uitofp' 'conv_i_2' <Predicate = true> <Delay = 6.41> <CoreInst = "Int2Float">   --->   Core 62 'Int2Float' <Latency = 5> <II = 1> <Delay = 6.41> <FuncUnit> <Opcode : 'uitofp' 'sitofp'> <InPorts = 1> <OutPorts = 1>
ST_36 : Operation 493 [5/6] (6.41ns)   --->   "%conv_i_2_s = uitofp i32 %zext_ln68_19" [filter.cpp:68->filter.cpp:152]   --->   Operation 493 'uitofp' 'conv_i_2_s' <Predicate = true> <Delay = 6.41> <CoreInst = "Int2Float">   --->   Core 62 'Int2Float' <Latency = 5> <II = 1> <Delay = 6.41> <FuncUnit> <Opcode : 'uitofp' 'sitofp'> <InPorts = 1> <OutPorts = 1>
ST_36 : Operation 494 [5/6] (6.41ns)   --->   "%conv_i_2_3 = uitofp i32 %zext_ln68_20" [filter.cpp:68->filter.cpp:152]   --->   Operation 494 'uitofp' 'conv_i_2_3' <Predicate = true> <Delay = 6.41> <CoreInst = "Int2Float">   --->   Core 62 'Int2Float' <Latency = 5> <II = 1> <Delay = 6.41> <FuncUnit> <Opcode : 'uitofp' 'sitofp'> <InPorts = 1> <OutPorts = 1>

State 37 <SV = 36> <Delay = 7.25>
ST_37 : Operation 495 [3/5] (7.25ns)   --->   "%sum_12 = fadd i32 %sum_9, i32 %mul_i_1_1" [filter.cpp:68->filter.cpp:152]   --->   Operation 495 'fadd' 'sum_12' <Predicate = true> <Delay = 7.25> <CoreInst = "FAddSub_fulldsp">   --->   Core 18 'FAddSub_fulldsp' <Latency = 4> <II = 1> <Delay = 7.25> <FuncUnit> <Opcode : 'fadd' 'fsub'> <InPorts = 2> <OutPorts = 1>
ST_37 : Operation 496 [3/5] (7.25ns)   --->   "%sum_13 = fadd i32 %sum_10, i32 %mul_i_1_1_1" [filter.cpp:68->filter.cpp:152]   --->   Operation 496 'fadd' 'sum_13' <Predicate = true> <Delay = 7.25> <CoreInst = "FAddSub_fulldsp">   --->   Core 18 'FAddSub_fulldsp' <Latency = 4> <II = 1> <Delay = 7.25> <FuncUnit> <Opcode : 'fadd' 'fsub'> <InPorts = 2> <OutPorts = 1>
ST_37 : Operation 497 [3/5] (7.25ns)   --->   "%sum_14 = fadd i32 %sum_11, i32 %mul_i_1_1_2" [filter.cpp:68->filter.cpp:152]   --->   Operation 497 'fadd' 'sum_14' <Predicate = true> <Delay = 7.25> <CoreInst = "FAddSub_fulldsp">   --->   Core 18 'FAddSub_fulldsp' <Latency = 4> <II = 1> <Delay = 7.25> <FuncUnit> <Opcode : 'fadd' 'fsub'> <InPorts = 2> <OutPorts = 1>
ST_37 : Operation 498 [3/4] (5.70ns)   --->   "%mul_i_1_2 = fmul i32 %conv_i_1_2, i32 %tmp_30" [filter.cpp:68->filter.cpp:152]   --->   Operation 498 'fmul' 'mul_i_1_2' <Predicate = true> <Delay = 5.70> <CoreInst = "FMul_maxdsp">   --->   Core 30 'FMul_maxdsp' <Latency = 3> <II = 1> <Delay = 5.70> <FuncUnit> <Opcode : 'fmul'> <InPorts = 2> <OutPorts = 1>
ST_37 : Operation 499 [3/4] (5.70ns)   --->   "%mul_i_1_2_1 = fmul i32 %conv_i_1_2_1, i32 %tmp_30" [filter.cpp:68->filter.cpp:152]   --->   Operation 499 'fmul' 'mul_i_1_2_1' <Predicate = true> <Delay = 5.70> <CoreInst = "FMul_maxdsp">   --->   Core 30 'FMul_maxdsp' <Latency = 3> <II = 1> <Delay = 5.70> <FuncUnit> <Opcode : 'fmul'> <InPorts = 2> <OutPorts = 1>
ST_37 : Operation 500 [3/4] (5.70ns)   --->   "%mul_i_1_2_2 = fmul i32 %conv_i_1_2_2, i32 %tmp_30" [filter.cpp:68->filter.cpp:152]   --->   Operation 500 'fmul' 'mul_i_1_2_2' <Predicate = true> <Delay = 5.70> <CoreInst = "FMul_maxdsp">   --->   Core 30 'FMul_maxdsp' <Latency = 3> <II = 1> <Delay = 5.70> <FuncUnit> <Opcode : 'fmul'> <InPorts = 2> <OutPorts = 1>
ST_37 : Operation 501 [4/6] (6.41ns)   --->   "%conv_i_2 = uitofp i32 %zext_ln68_18" [filter.cpp:68->filter.cpp:152]   --->   Operation 501 'uitofp' 'conv_i_2' <Predicate = true> <Delay = 6.41> <CoreInst = "Int2Float">   --->   Core 62 'Int2Float' <Latency = 5> <II = 1> <Delay = 6.41> <FuncUnit> <Opcode : 'uitofp' 'sitofp'> <InPorts = 1> <OutPorts = 1>
ST_37 : Operation 502 [4/6] (6.41ns)   --->   "%conv_i_2_s = uitofp i32 %zext_ln68_19" [filter.cpp:68->filter.cpp:152]   --->   Operation 502 'uitofp' 'conv_i_2_s' <Predicate = true> <Delay = 6.41> <CoreInst = "Int2Float">   --->   Core 62 'Int2Float' <Latency = 5> <II = 1> <Delay = 6.41> <FuncUnit> <Opcode : 'uitofp' 'sitofp'> <InPorts = 1> <OutPorts = 1>
ST_37 : Operation 503 [4/6] (6.41ns)   --->   "%conv_i_2_3 = uitofp i32 %zext_ln68_20" [filter.cpp:68->filter.cpp:152]   --->   Operation 503 'uitofp' 'conv_i_2_3' <Predicate = true> <Delay = 6.41> <CoreInst = "Int2Float">   --->   Core 62 'Int2Float' <Latency = 5> <II = 1> <Delay = 6.41> <FuncUnit> <Opcode : 'uitofp' 'sitofp'> <InPorts = 1> <OutPorts = 1>

State 38 <SV = 37> <Delay = 7.25>
ST_38 : Operation 504 [2/5] (7.25ns)   --->   "%sum_12 = fadd i32 %sum_9, i32 %mul_i_1_1" [filter.cpp:68->filter.cpp:152]   --->   Operation 504 'fadd' 'sum_12' <Predicate = true> <Delay = 7.25> <CoreInst = "FAddSub_fulldsp">   --->   Core 18 'FAddSub_fulldsp' <Latency = 4> <II = 1> <Delay = 7.25> <FuncUnit> <Opcode : 'fadd' 'fsub'> <InPorts = 2> <OutPorts = 1>
ST_38 : Operation 505 [2/5] (7.25ns)   --->   "%sum_13 = fadd i32 %sum_10, i32 %mul_i_1_1_1" [filter.cpp:68->filter.cpp:152]   --->   Operation 505 'fadd' 'sum_13' <Predicate = true> <Delay = 7.25> <CoreInst = "FAddSub_fulldsp">   --->   Core 18 'FAddSub_fulldsp' <Latency = 4> <II = 1> <Delay = 7.25> <FuncUnit> <Opcode : 'fadd' 'fsub'> <InPorts = 2> <OutPorts = 1>
ST_38 : Operation 506 [2/5] (7.25ns)   --->   "%sum_14 = fadd i32 %sum_11, i32 %mul_i_1_1_2" [filter.cpp:68->filter.cpp:152]   --->   Operation 506 'fadd' 'sum_14' <Predicate = true> <Delay = 7.25> <CoreInst = "FAddSub_fulldsp">   --->   Core 18 'FAddSub_fulldsp' <Latency = 4> <II = 1> <Delay = 7.25> <FuncUnit> <Opcode : 'fadd' 'fsub'> <InPorts = 2> <OutPorts = 1>
ST_38 : Operation 507 [2/4] (5.70ns)   --->   "%mul_i_1_2 = fmul i32 %conv_i_1_2, i32 %tmp_30" [filter.cpp:68->filter.cpp:152]   --->   Operation 507 'fmul' 'mul_i_1_2' <Predicate = true> <Delay = 5.70> <CoreInst = "FMul_maxdsp">   --->   Core 30 'FMul_maxdsp' <Latency = 3> <II = 1> <Delay = 5.70> <FuncUnit> <Opcode : 'fmul'> <InPorts = 2> <OutPorts = 1>
ST_38 : Operation 508 [2/4] (5.70ns)   --->   "%mul_i_1_2_1 = fmul i32 %conv_i_1_2_1, i32 %tmp_30" [filter.cpp:68->filter.cpp:152]   --->   Operation 508 'fmul' 'mul_i_1_2_1' <Predicate = true> <Delay = 5.70> <CoreInst = "FMul_maxdsp">   --->   Core 30 'FMul_maxdsp' <Latency = 3> <II = 1> <Delay = 5.70> <FuncUnit> <Opcode : 'fmul'> <InPorts = 2> <OutPorts = 1>
ST_38 : Operation 509 [2/4] (5.70ns)   --->   "%mul_i_1_2_2 = fmul i32 %conv_i_1_2_2, i32 %tmp_30" [filter.cpp:68->filter.cpp:152]   --->   Operation 509 'fmul' 'mul_i_1_2_2' <Predicate = true> <Delay = 5.70> <CoreInst = "FMul_maxdsp">   --->   Core 30 'FMul_maxdsp' <Latency = 3> <II = 1> <Delay = 5.70> <FuncUnit> <Opcode : 'fmul'> <InPorts = 2> <OutPorts = 1>
ST_38 : Operation 510 [3/6] (6.41ns)   --->   "%conv_i_2 = uitofp i32 %zext_ln68_18" [filter.cpp:68->filter.cpp:152]   --->   Operation 510 'uitofp' 'conv_i_2' <Predicate = true> <Delay = 6.41> <CoreInst = "Int2Float">   --->   Core 62 'Int2Float' <Latency = 5> <II = 1> <Delay = 6.41> <FuncUnit> <Opcode : 'uitofp' 'sitofp'> <InPorts = 1> <OutPorts = 1>
ST_38 : Operation 511 [3/6] (6.41ns)   --->   "%conv_i_2_s = uitofp i32 %zext_ln68_19" [filter.cpp:68->filter.cpp:152]   --->   Operation 511 'uitofp' 'conv_i_2_s' <Predicate = true> <Delay = 6.41> <CoreInst = "Int2Float">   --->   Core 62 'Int2Float' <Latency = 5> <II = 1> <Delay = 6.41> <FuncUnit> <Opcode : 'uitofp' 'sitofp'> <InPorts = 1> <OutPorts = 1>
ST_38 : Operation 512 [3/6] (6.41ns)   --->   "%conv_i_2_3 = uitofp i32 %zext_ln68_20" [filter.cpp:68->filter.cpp:152]   --->   Operation 512 'uitofp' 'conv_i_2_3' <Predicate = true> <Delay = 6.41> <CoreInst = "Int2Float">   --->   Core 62 'Int2Float' <Latency = 5> <II = 1> <Delay = 6.41> <FuncUnit> <Opcode : 'uitofp' 'sitofp'> <InPorts = 1> <OutPorts = 1>

State 39 <SV = 38> <Delay = 7.25>
ST_39 : Operation 513 [1/5] (7.25ns)   --->   "%sum_12 = fadd i32 %sum_9, i32 %mul_i_1_1" [filter.cpp:68->filter.cpp:152]   --->   Operation 513 'fadd' 'sum_12' <Predicate = true> <Delay = 7.25> <CoreInst = "FAddSub_fulldsp">   --->   Core 18 'FAddSub_fulldsp' <Latency = 4> <II = 1> <Delay = 7.25> <FuncUnit> <Opcode : 'fadd' 'fsub'> <InPorts = 2> <OutPorts = 1>
ST_39 : Operation 514 [1/5] (7.25ns)   --->   "%sum_13 = fadd i32 %sum_10, i32 %mul_i_1_1_1" [filter.cpp:68->filter.cpp:152]   --->   Operation 514 'fadd' 'sum_13' <Predicate = true> <Delay = 7.25> <CoreInst = "FAddSub_fulldsp">   --->   Core 18 'FAddSub_fulldsp' <Latency = 4> <II = 1> <Delay = 7.25> <FuncUnit> <Opcode : 'fadd' 'fsub'> <InPorts = 2> <OutPorts = 1>
ST_39 : Operation 515 [1/5] (7.25ns)   --->   "%sum_14 = fadd i32 %sum_11, i32 %mul_i_1_1_2" [filter.cpp:68->filter.cpp:152]   --->   Operation 515 'fadd' 'sum_14' <Predicate = true> <Delay = 7.25> <CoreInst = "FAddSub_fulldsp">   --->   Core 18 'FAddSub_fulldsp' <Latency = 4> <II = 1> <Delay = 7.25> <FuncUnit> <Opcode : 'fadd' 'fsub'> <InPorts = 2> <OutPorts = 1>
ST_39 : Operation 516 [1/4] (5.70ns)   --->   "%mul_i_1_2 = fmul i32 %conv_i_1_2, i32 %tmp_30" [filter.cpp:68->filter.cpp:152]   --->   Operation 516 'fmul' 'mul_i_1_2' <Predicate = true> <Delay = 5.70> <CoreInst = "FMul_maxdsp">   --->   Core 30 'FMul_maxdsp' <Latency = 3> <II = 1> <Delay = 5.70> <FuncUnit> <Opcode : 'fmul'> <InPorts = 2> <OutPorts = 1>
ST_39 : Operation 517 [1/4] (5.70ns)   --->   "%mul_i_1_2_1 = fmul i32 %conv_i_1_2_1, i32 %tmp_30" [filter.cpp:68->filter.cpp:152]   --->   Operation 517 'fmul' 'mul_i_1_2_1' <Predicate = true> <Delay = 5.70> <CoreInst = "FMul_maxdsp">   --->   Core 30 'FMul_maxdsp' <Latency = 3> <II = 1> <Delay = 5.70> <FuncUnit> <Opcode : 'fmul'> <InPorts = 2> <OutPorts = 1>
ST_39 : Operation 518 [1/4] (5.70ns)   --->   "%mul_i_1_2_2 = fmul i32 %conv_i_1_2_2, i32 %tmp_30" [filter.cpp:68->filter.cpp:152]   --->   Operation 518 'fmul' 'mul_i_1_2_2' <Predicate = true> <Delay = 5.70> <CoreInst = "FMul_maxdsp">   --->   Core 30 'FMul_maxdsp' <Latency = 3> <II = 1> <Delay = 5.70> <FuncUnit> <Opcode : 'fmul'> <InPorts = 2> <OutPorts = 1>
ST_39 : Operation 519 [2/6] (6.41ns)   --->   "%conv_i_2 = uitofp i32 %zext_ln68_18" [filter.cpp:68->filter.cpp:152]   --->   Operation 519 'uitofp' 'conv_i_2' <Predicate = true> <Delay = 6.41> <CoreInst = "Int2Float">   --->   Core 62 'Int2Float' <Latency = 5> <II = 1> <Delay = 6.41> <FuncUnit> <Opcode : 'uitofp' 'sitofp'> <InPorts = 1> <OutPorts = 1>
ST_39 : Operation 520 [2/6] (6.41ns)   --->   "%conv_i_2_s = uitofp i32 %zext_ln68_19" [filter.cpp:68->filter.cpp:152]   --->   Operation 520 'uitofp' 'conv_i_2_s' <Predicate = true> <Delay = 6.41> <CoreInst = "Int2Float">   --->   Core 62 'Int2Float' <Latency = 5> <II = 1> <Delay = 6.41> <FuncUnit> <Opcode : 'uitofp' 'sitofp'> <InPorts = 1> <OutPorts = 1>
ST_39 : Operation 521 [2/6] (6.41ns)   --->   "%conv_i_2_3 = uitofp i32 %zext_ln68_20" [filter.cpp:68->filter.cpp:152]   --->   Operation 521 'uitofp' 'conv_i_2_3' <Predicate = true> <Delay = 6.41> <CoreInst = "Int2Float">   --->   Core 62 'Int2Float' <Latency = 5> <II = 1> <Delay = 6.41> <FuncUnit> <Opcode : 'uitofp' 'sitofp'> <InPorts = 1> <OutPorts = 1>

State 40 <SV = 39> <Delay = 7.25>
ST_40 : Operation 522 [5/5] (7.25ns)   --->   "%sum_15 = fadd i32 %sum_12, i32 %mul_i_1_2" [filter.cpp:68->filter.cpp:152]   --->   Operation 522 'fadd' 'sum_15' <Predicate = true> <Delay = 7.25> <CoreInst = "FAddSub_fulldsp">   --->   Core 18 'FAddSub_fulldsp' <Latency = 4> <II = 1> <Delay = 7.25> <FuncUnit> <Opcode : 'fadd' 'fsub'> <InPorts = 2> <OutPorts = 1>
ST_40 : Operation 523 [5/5] (7.25ns)   --->   "%sum_16 = fadd i32 %sum_13, i32 %mul_i_1_2_1" [filter.cpp:68->filter.cpp:152]   --->   Operation 523 'fadd' 'sum_16' <Predicate = true> <Delay = 7.25> <CoreInst = "FAddSub_fulldsp">   --->   Core 18 'FAddSub_fulldsp' <Latency = 4> <II = 1> <Delay = 7.25> <FuncUnit> <Opcode : 'fadd' 'fsub'> <InPorts = 2> <OutPorts = 1>
ST_40 : Operation 524 [5/5] (7.25ns)   --->   "%sum_17 = fadd i32 %sum_14, i32 %mul_i_1_2_2" [filter.cpp:68->filter.cpp:152]   --->   Operation 524 'fadd' 'sum_17' <Predicate = true> <Delay = 7.25> <CoreInst = "FAddSub_fulldsp">   --->   Core 18 'FAddSub_fulldsp' <Latency = 4> <II = 1> <Delay = 7.25> <FuncUnit> <Opcode : 'fadd' 'fsub'> <InPorts = 2> <OutPorts = 1>
ST_40 : Operation 525 [1/6] (6.41ns)   --->   "%conv_i_2 = uitofp i32 %zext_ln68_18" [filter.cpp:68->filter.cpp:152]   --->   Operation 525 'uitofp' 'conv_i_2' <Predicate = true> <Delay = 6.41> <CoreInst = "Int2Float">   --->   Core 62 'Int2Float' <Latency = 5> <II = 1> <Delay = 6.41> <FuncUnit> <Opcode : 'uitofp' 'sitofp'> <InPorts = 1> <OutPorts = 1>
ST_40 : Operation 526 [1/6] (6.41ns)   --->   "%conv_i_2_s = uitofp i32 %zext_ln68_19" [filter.cpp:68->filter.cpp:152]   --->   Operation 526 'uitofp' 'conv_i_2_s' <Predicate = true> <Delay = 6.41> <CoreInst = "Int2Float">   --->   Core 62 'Int2Float' <Latency = 5> <II = 1> <Delay = 6.41> <FuncUnit> <Opcode : 'uitofp' 'sitofp'> <InPorts = 1> <OutPorts = 1>
ST_40 : Operation 527 [1/6] (6.41ns)   --->   "%conv_i_2_3 = uitofp i32 %zext_ln68_20" [filter.cpp:68->filter.cpp:152]   --->   Operation 527 'uitofp' 'conv_i_2_3' <Predicate = true> <Delay = 6.41> <CoreInst = "Int2Float">   --->   Core 62 'Int2Float' <Latency = 5> <II = 1> <Delay = 6.41> <FuncUnit> <Opcode : 'uitofp' 'sitofp'> <InPorts = 1> <OutPorts = 1>
ST_40 : Operation 528 [1/1] (0.00ns)   --->   "%zext_ln68_21 = zext i8 %tmp_20" [filter.cpp:68->filter.cpp:152]   --->   Operation 528 'zext' 'zext_ln68_21' <Predicate = true> <Delay = 0.00>
ST_40 : Operation 529 [6/6] (6.41ns)   --->   "%conv_i_2_1 = uitofp i32 %zext_ln68_21" [filter.cpp:68->filter.cpp:152]   --->   Operation 529 'uitofp' 'conv_i_2_1' <Predicate = true> <Delay = 6.41> <CoreInst = "Int2Float">   --->   Core 62 'Int2Float' <Latency = 5> <II = 1> <Delay = 6.41> <FuncUnit> <Opcode : 'uitofp' 'sitofp'> <InPorts = 1> <OutPorts = 1>
ST_40 : Operation 530 [1/1] (0.00ns)   --->   "%zext_ln68_22 = zext i8 %tmp_21" [filter.cpp:68->filter.cpp:152]   --->   Operation 530 'zext' 'zext_ln68_22' <Predicate = true> <Delay = 0.00>
ST_40 : Operation 531 [6/6] (6.41ns)   --->   "%conv_i_2_1_1 = uitofp i32 %zext_ln68_22" [filter.cpp:68->filter.cpp:152]   --->   Operation 531 'uitofp' 'conv_i_2_1_1' <Predicate = true> <Delay = 6.41> <CoreInst = "Int2Float">   --->   Core 62 'Int2Float' <Latency = 5> <II = 1> <Delay = 6.41> <FuncUnit> <Opcode : 'uitofp' 'sitofp'> <InPorts = 1> <OutPorts = 1>
ST_40 : Operation 532 [1/1] (0.00ns)   --->   "%zext_ln68_23 = zext i8 %tmp_22" [filter.cpp:68->filter.cpp:152]   --->   Operation 532 'zext' 'zext_ln68_23' <Predicate = true> <Delay = 0.00>
ST_40 : Operation 533 [6/6] (6.41ns)   --->   "%conv_i_2_1_2 = uitofp i32 %zext_ln68_23" [filter.cpp:68->filter.cpp:152]   --->   Operation 533 'uitofp' 'conv_i_2_1_2' <Predicate = true> <Delay = 6.41> <CoreInst = "Int2Float">   --->   Core 62 'Int2Float' <Latency = 5> <II = 1> <Delay = 6.41> <FuncUnit> <Opcode : 'uitofp' 'sitofp'> <InPorts = 1> <OutPorts = 1>

State 41 <SV = 40> <Delay = 7.25>
ST_41 : Operation 534 [4/5] (7.25ns)   --->   "%sum_15 = fadd i32 %sum_12, i32 %mul_i_1_2" [filter.cpp:68->filter.cpp:152]   --->   Operation 534 'fadd' 'sum_15' <Predicate = true> <Delay = 7.25> <CoreInst = "FAddSub_fulldsp">   --->   Core 18 'FAddSub_fulldsp' <Latency = 4> <II = 1> <Delay = 7.25> <FuncUnit> <Opcode : 'fadd' 'fsub'> <InPorts = 2> <OutPorts = 1>
ST_41 : Operation 535 [4/5] (7.25ns)   --->   "%sum_16 = fadd i32 %sum_13, i32 %mul_i_1_2_1" [filter.cpp:68->filter.cpp:152]   --->   Operation 535 'fadd' 'sum_16' <Predicate = true> <Delay = 7.25> <CoreInst = "FAddSub_fulldsp">   --->   Core 18 'FAddSub_fulldsp' <Latency = 4> <II = 1> <Delay = 7.25> <FuncUnit> <Opcode : 'fadd' 'fsub'> <InPorts = 2> <OutPorts = 1>
ST_41 : Operation 536 [4/5] (7.25ns)   --->   "%sum_17 = fadd i32 %sum_14, i32 %mul_i_1_2_2" [filter.cpp:68->filter.cpp:152]   --->   Operation 536 'fadd' 'sum_17' <Predicate = true> <Delay = 7.25> <CoreInst = "FAddSub_fulldsp">   --->   Core 18 'FAddSub_fulldsp' <Latency = 4> <II = 1> <Delay = 7.25> <FuncUnit> <Opcode : 'fadd' 'fsub'> <InPorts = 2> <OutPorts = 1>
ST_41 : Operation 537 [4/4] (5.70ns)   --->   "%mul_i_2 = fmul i32 %conv_i_2, i32 %tmp_28" [filter.cpp:68->filter.cpp:152]   --->   Operation 537 'fmul' 'mul_i_2' <Predicate = true> <Delay = 5.70> <CoreInst = "FMul_maxdsp">   --->   Core 30 'FMul_maxdsp' <Latency = 3> <II = 1> <Delay = 5.70> <FuncUnit> <Opcode : 'fmul'> <InPorts = 2> <OutPorts = 1>
ST_41 : Operation 538 [4/4] (5.70ns)   --->   "%mul_i_2_s = fmul i32 %conv_i_2_s, i32 %tmp_28" [filter.cpp:68->filter.cpp:152]   --->   Operation 538 'fmul' 'mul_i_2_s' <Predicate = true> <Delay = 5.70> <CoreInst = "FMul_maxdsp">   --->   Core 30 'FMul_maxdsp' <Latency = 3> <II = 1> <Delay = 5.70> <FuncUnit> <Opcode : 'fmul'> <InPorts = 2> <OutPorts = 1>
ST_41 : Operation 539 [4/4] (5.70ns)   --->   "%mul_i_2_3 = fmul i32 %conv_i_2_3, i32 %tmp_28" [filter.cpp:68->filter.cpp:152]   --->   Operation 539 'fmul' 'mul_i_2_3' <Predicate = true> <Delay = 5.70> <CoreInst = "FMul_maxdsp">   --->   Core 30 'FMul_maxdsp' <Latency = 3> <II = 1> <Delay = 5.70> <FuncUnit> <Opcode : 'fmul'> <InPorts = 2> <OutPorts = 1>
ST_41 : Operation 540 [5/6] (6.41ns)   --->   "%conv_i_2_1 = uitofp i32 %zext_ln68_21" [filter.cpp:68->filter.cpp:152]   --->   Operation 540 'uitofp' 'conv_i_2_1' <Predicate = true> <Delay = 6.41> <CoreInst = "Int2Float">   --->   Core 62 'Int2Float' <Latency = 5> <II = 1> <Delay = 6.41> <FuncUnit> <Opcode : 'uitofp' 'sitofp'> <InPorts = 1> <OutPorts = 1>
ST_41 : Operation 541 [5/6] (6.41ns)   --->   "%conv_i_2_1_1 = uitofp i32 %zext_ln68_22" [filter.cpp:68->filter.cpp:152]   --->   Operation 541 'uitofp' 'conv_i_2_1_1' <Predicate = true> <Delay = 6.41> <CoreInst = "Int2Float">   --->   Core 62 'Int2Float' <Latency = 5> <II = 1> <Delay = 6.41> <FuncUnit> <Opcode : 'uitofp' 'sitofp'> <InPorts = 1> <OutPorts = 1>
ST_41 : Operation 542 [5/6] (6.41ns)   --->   "%conv_i_2_1_2 = uitofp i32 %zext_ln68_23" [filter.cpp:68->filter.cpp:152]   --->   Operation 542 'uitofp' 'conv_i_2_1_2' <Predicate = true> <Delay = 6.41> <CoreInst = "Int2Float">   --->   Core 62 'Int2Float' <Latency = 5> <II = 1> <Delay = 6.41> <FuncUnit> <Opcode : 'uitofp' 'sitofp'> <InPorts = 1> <OutPorts = 1>

State 42 <SV = 41> <Delay = 7.25>
ST_42 : Operation 543 [3/5] (7.25ns)   --->   "%sum_15 = fadd i32 %sum_12, i32 %mul_i_1_2" [filter.cpp:68->filter.cpp:152]   --->   Operation 543 'fadd' 'sum_15' <Predicate = true> <Delay = 7.25> <CoreInst = "FAddSub_fulldsp">   --->   Core 18 'FAddSub_fulldsp' <Latency = 4> <II = 1> <Delay = 7.25> <FuncUnit> <Opcode : 'fadd' 'fsub'> <InPorts = 2> <OutPorts = 1>
ST_42 : Operation 544 [3/5] (7.25ns)   --->   "%sum_16 = fadd i32 %sum_13, i32 %mul_i_1_2_1" [filter.cpp:68->filter.cpp:152]   --->   Operation 544 'fadd' 'sum_16' <Predicate = true> <Delay = 7.25> <CoreInst = "FAddSub_fulldsp">   --->   Core 18 'FAddSub_fulldsp' <Latency = 4> <II = 1> <Delay = 7.25> <FuncUnit> <Opcode : 'fadd' 'fsub'> <InPorts = 2> <OutPorts = 1>
ST_42 : Operation 545 [3/5] (7.25ns)   --->   "%sum_17 = fadd i32 %sum_14, i32 %mul_i_1_2_2" [filter.cpp:68->filter.cpp:152]   --->   Operation 545 'fadd' 'sum_17' <Predicate = true> <Delay = 7.25> <CoreInst = "FAddSub_fulldsp">   --->   Core 18 'FAddSub_fulldsp' <Latency = 4> <II = 1> <Delay = 7.25> <FuncUnit> <Opcode : 'fadd' 'fsub'> <InPorts = 2> <OutPorts = 1>
ST_42 : Operation 546 [3/4] (5.70ns)   --->   "%mul_i_2 = fmul i32 %conv_i_2, i32 %tmp_28" [filter.cpp:68->filter.cpp:152]   --->   Operation 546 'fmul' 'mul_i_2' <Predicate = true> <Delay = 5.70> <CoreInst = "FMul_maxdsp">   --->   Core 30 'FMul_maxdsp' <Latency = 3> <II = 1> <Delay = 5.70> <FuncUnit> <Opcode : 'fmul'> <InPorts = 2> <OutPorts = 1>
ST_42 : Operation 547 [3/4] (5.70ns)   --->   "%mul_i_2_s = fmul i32 %conv_i_2_s, i32 %tmp_28" [filter.cpp:68->filter.cpp:152]   --->   Operation 547 'fmul' 'mul_i_2_s' <Predicate = true> <Delay = 5.70> <CoreInst = "FMul_maxdsp">   --->   Core 30 'FMul_maxdsp' <Latency = 3> <II = 1> <Delay = 5.70> <FuncUnit> <Opcode : 'fmul'> <InPorts = 2> <OutPorts = 1>
ST_42 : Operation 548 [3/4] (5.70ns)   --->   "%mul_i_2_3 = fmul i32 %conv_i_2_3, i32 %tmp_28" [filter.cpp:68->filter.cpp:152]   --->   Operation 548 'fmul' 'mul_i_2_3' <Predicate = true> <Delay = 5.70> <CoreInst = "FMul_maxdsp">   --->   Core 30 'FMul_maxdsp' <Latency = 3> <II = 1> <Delay = 5.70> <FuncUnit> <Opcode : 'fmul'> <InPorts = 2> <OutPorts = 1>
ST_42 : Operation 549 [4/6] (6.41ns)   --->   "%conv_i_2_1 = uitofp i32 %zext_ln68_21" [filter.cpp:68->filter.cpp:152]   --->   Operation 549 'uitofp' 'conv_i_2_1' <Predicate = true> <Delay = 6.41> <CoreInst = "Int2Float">   --->   Core 62 'Int2Float' <Latency = 5> <II = 1> <Delay = 6.41> <FuncUnit> <Opcode : 'uitofp' 'sitofp'> <InPorts = 1> <OutPorts = 1>
ST_42 : Operation 550 [4/6] (6.41ns)   --->   "%conv_i_2_1_1 = uitofp i32 %zext_ln68_22" [filter.cpp:68->filter.cpp:152]   --->   Operation 550 'uitofp' 'conv_i_2_1_1' <Predicate = true> <Delay = 6.41> <CoreInst = "Int2Float">   --->   Core 62 'Int2Float' <Latency = 5> <II = 1> <Delay = 6.41> <FuncUnit> <Opcode : 'uitofp' 'sitofp'> <InPorts = 1> <OutPorts = 1>
ST_42 : Operation 551 [4/6] (6.41ns)   --->   "%conv_i_2_1_2 = uitofp i32 %zext_ln68_23" [filter.cpp:68->filter.cpp:152]   --->   Operation 551 'uitofp' 'conv_i_2_1_2' <Predicate = true> <Delay = 6.41> <CoreInst = "Int2Float">   --->   Core 62 'Int2Float' <Latency = 5> <II = 1> <Delay = 6.41> <FuncUnit> <Opcode : 'uitofp' 'sitofp'> <InPorts = 1> <OutPorts = 1>

State 43 <SV = 42> <Delay = 7.25>
ST_43 : Operation 552 [2/5] (7.25ns)   --->   "%sum_15 = fadd i32 %sum_12, i32 %mul_i_1_2" [filter.cpp:68->filter.cpp:152]   --->   Operation 552 'fadd' 'sum_15' <Predicate = true> <Delay = 7.25> <CoreInst = "FAddSub_fulldsp">   --->   Core 18 'FAddSub_fulldsp' <Latency = 4> <II = 1> <Delay = 7.25> <FuncUnit> <Opcode : 'fadd' 'fsub'> <InPorts = 2> <OutPorts = 1>
ST_43 : Operation 553 [2/5] (7.25ns)   --->   "%sum_16 = fadd i32 %sum_13, i32 %mul_i_1_2_1" [filter.cpp:68->filter.cpp:152]   --->   Operation 553 'fadd' 'sum_16' <Predicate = true> <Delay = 7.25> <CoreInst = "FAddSub_fulldsp">   --->   Core 18 'FAddSub_fulldsp' <Latency = 4> <II = 1> <Delay = 7.25> <FuncUnit> <Opcode : 'fadd' 'fsub'> <InPorts = 2> <OutPorts = 1>
ST_43 : Operation 554 [2/5] (7.25ns)   --->   "%sum_17 = fadd i32 %sum_14, i32 %mul_i_1_2_2" [filter.cpp:68->filter.cpp:152]   --->   Operation 554 'fadd' 'sum_17' <Predicate = true> <Delay = 7.25> <CoreInst = "FAddSub_fulldsp">   --->   Core 18 'FAddSub_fulldsp' <Latency = 4> <II = 1> <Delay = 7.25> <FuncUnit> <Opcode : 'fadd' 'fsub'> <InPorts = 2> <OutPorts = 1>
ST_43 : Operation 555 [2/4] (5.70ns)   --->   "%mul_i_2 = fmul i32 %conv_i_2, i32 %tmp_28" [filter.cpp:68->filter.cpp:152]   --->   Operation 555 'fmul' 'mul_i_2' <Predicate = true> <Delay = 5.70> <CoreInst = "FMul_maxdsp">   --->   Core 30 'FMul_maxdsp' <Latency = 3> <II = 1> <Delay = 5.70> <FuncUnit> <Opcode : 'fmul'> <InPorts = 2> <OutPorts = 1>
ST_43 : Operation 556 [2/4] (5.70ns)   --->   "%mul_i_2_s = fmul i32 %conv_i_2_s, i32 %tmp_28" [filter.cpp:68->filter.cpp:152]   --->   Operation 556 'fmul' 'mul_i_2_s' <Predicate = true> <Delay = 5.70> <CoreInst = "FMul_maxdsp">   --->   Core 30 'FMul_maxdsp' <Latency = 3> <II = 1> <Delay = 5.70> <FuncUnit> <Opcode : 'fmul'> <InPorts = 2> <OutPorts = 1>
ST_43 : Operation 557 [2/4] (5.70ns)   --->   "%mul_i_2_3 = fmul i32 %conv_i_2_3, i32 %tmp_28" [filter.cpp:68->filter.cpp:152]   --->   Operation 557 'fmul' 'mul_i_2_3' <Predicate = true> <Delay = 5.70> <CoreInst = "FMul_maxdsp">   --->   Core 30 'FMul_maxdsp' <Latency = 3> <II = 1> <Delay = 5.70> <FuncUnit> <Opcode : 'fmul'> <InPorts = 2> <OutPorts = 1>
ST_43 : Operation 558 [3/6] (6.41ns)   --->   "%conv_i_2_1 = uitofp i32 %zext_ln68_21" [filter.cpp:68->filter.cpp:152]   --->   Operation 558 'uitofp' 'conv_i_2_1' <Predicate = true> <Delay = 6.41> <CoreInst = "Int2Float">   --->   Core 62 'Int2Float' <Latency = 5> <II = 1> <Delay = 6.41> <FuncUnit> <Opcode : 'uitofp' 'sitofp'> <InPorts = 1> <OutPorts = 1>
ST_43 : Operation 559 [3/6] (6.41ns)   --->   "%conv_i_2_1_1 = uitofp i32 %zext_ln68_22" [filter.cpp:68->filter.cpp:152]   --->   Operation 559 'uitofp' 'conv_i_2_1_1' <Predicate = true> <Delay = 6.41> <CoreInst = "Int2Float">   --->   Core 62 'Int2Float' <Latency = 5> <II = 1> <Delay = 6.41> <FuncUnit> <Opcode : 'uitofp' 'sitofp'> <InPorts = 1> <OutPorts = 1>
ST_43 : Operation 560 [3/6] (6.41ns)   --->   "%conv_i_2_1_2 = uitofp i32 %zext_ln68_23" [filter.cpp:68->filter.cpp:152]   --->   Operation 560 'uitofp' 'conv_i_2_1_2' <Predicate = true> <Delay = 6.41> <CoreInst = "Int2Float">   --->   Core 62 'Int2Float' <Latency = 5> <II = 1> <Delay = 6.41> <FuncUnit> <Opcode : 'uitofp' 'sitofp'> <InPorts = 1> <OutPorts = 1>

State 44 <SV = 43> <Delay = 7.25>
ST_44 : Operation 561 [1/5] (7.25ns)   --->   "%sum_15 = fadd i32 %sum_12, i32 %mul_i_1_2" [filter.cpp:68->filter.cpp:152]   --->   Operation 561 'fadd' 'sum_15' <Predicate = true> <Delay = 7.25> <CoreInst = "FAddSub_fulldsp">   --->   Core 18 'FAddSub_fulldsp' <Latency = 4> <II = 1> <Delay = 7.25> <FuncUnit> <Opcode : 'fadd' 'fsub'> <InPorts = 2> <OutPorts = 1>
ST_44 : Operation 562 [1/5] (7.25ns)   --->   "%sum_16 = fadd i32 %sum_13, i32 %mul_i_1_2_1" [filter.cpp:68->filter.cpp:152]   --->   Operation 562 'fadd' 'sum_16' <Predicate = true> <Delay = 7.25> <CoreInst = "FAddSub_fulldsp">   --->   Core 18 'FAddSub_fulldsp' <Latency = 4> <II = 1> <Delay = 7.25> <FuncUnit> <Opcode : 'fadd' 'fsub'> <InPorts = 2> <OutPorts = 1>
ST_44 : Operation 563 [1/5] (7.25ns)   --->   "%sum_17 = fadd i32 %sum_14, i32 %mul_i_1_2_2" [filter.cpp:68->filter.cpp:152]   --->   Operation 563 'fadd' 'sum_17' <Predicate = true> <Delay = 7.25> <CoreInst = "FAddSub_fulldsp">   --->   Core 18 'FAddSub_fulldsp' <Latency = 4> <II = 1> <Delay = 7.25> <FuncUnit> <Opcode : 'fadd' 'fsub'> <InPorts = 2> <OutPorts = 1>
ST_44 : Operation 564 [1/4] (5.70ns)   --->   "%mul_i_2 = fmul i32 %conv_i_2, i32 %tmp_28" [filter.cpp:68->filter.cpp:152]   --->   Operation 564 'fmul' 'mul_i_2' <Predicate = true> <Delay = 5.70> <CoreInst = "FMul_maxdsp">   --->   Core 30 'FMul_maxdsp' <Latency = 3> <II = 1> <Delay = 5.70> <FuncUnit> <Opcode : 'fmul'> <InPorts = 2> <OutPorts = 1>
ST_44 : Operation 565 [1/4] (5.70ns)   --->   "%mul_i_2_s = fmul i32 %conv_i_2_s, i32 %tmp_28" [filter.cpp:68->filter.cpp:152]   --->   Operation 565 'fmul' 'mul_i_2_s' <Predicate = true> <Delay = 5.70> <CoreInst = "FMul_maxdsp">   --->   Core 30 'FMul_maxdsp' <Latency = 3> <II = 1> <Delay = 5.70> <FuncUnit> <Opcode : 'fmul'> <InPorts = 2> <OutPorts = 1>
ST_44 : Operation 566 [1/4] (5.70ns)   --->   "%mul_i_2_3 = fmul i32 %conv_i_2_3, i32 %tmp_28" [filter.cpp:68->filter.cpp:152]   --->   Operation 566 'fmul' 'mul_i_2_3' <Predicate = true> <Delay = 5.70> <CoreInst = "FMul_maxdsp">   --->   Core 30 'FMul_maxdsp' <Latency = 3> <II = 1> <Delay = 5.70> <FuncUnit> <Opcode : 'fmul'> <InPorts = 2> <OutPorts = 1>
ST_44 : Operation 567 [2/6] (6.41ns)   --->   "%conv_i_2_1 = uitofp i32 %zext_ln68_21" [filter.cpp:68->filter.cpp:152]   --->   Operation 567 'uitofp' 'conv_i_2_1' <Predicate = true> <Delay = 6.41> <CoreInst = "Int2Float">   --->   Core 62 'Int2Float' <Latency = 5> <II = 1> <Delay = 6.41> <FuncUnit> <Opcode : 'uitofp' 'sitofp'> <InPorts = 1> <OutPorts = 1>
ST_44 : Operation 568 [2/6] (6.41ns)   --->   "%conv_i_2_1_1 = uitofp i32 %zext_ln68_22" [filter.cpp:68->filter.cpp:152]   --->   Operation 568 'uitofp' 'conv_i_2_1_1' <Predicate = true> <Delay = 6.41> <CoreInst = "Int2Float">   --->   Core 62 'Int2Float' <Latency = 5> <II = 1> <Delay = 6.41> <FuncUnit> <Opcode : 'uitofp' 'sitofp'> <InPorts = 1> <OutPorts = 1>
ST_44 : Operation 569 [2/6] (6.41ns)   --->   "%conv_i_2_1_2 = uitofp i32 %zext_ln68_23" [filter.cpp:68->filter.cpp:152]   --->   Operation 569 'uitofp' 'conv_i_2_1_2' <Predicate = true> <Delay = 6.41> <CoreInst = "Int2Float">   --->   Core 62 'Int2Float' <Latency = 5> <II = 1> <Delay = 6.41> <FuncUnit> <Opcode : 'uitofp' 'sitofp'> <InPorts = 1> <OutPorts = 1>

State 45 <SV = 44> <Delay = 7.25>
ST_45 : Operation 570 [5/5] (7.25ns)   --->   "%sum_18 = fadd i32 %sum_15, i32 %mul_i_2" [filter.cpp:68->filter.cpp:152]   --->   Operation 570 'fadd' 'sum_18' <Predicate = true> <Delay = 7.25> <CoreInst = "FAddSub_fulldsp">   --->   Core 18 'FAddSub_fulldsp' <Latency = 4> <II = 1> <Delay = 7.25> <FuncUnit> <Opcode : 'fadd' 'fsub'> <InPorts = 2> <OutPorts = 1>
ST_45 : Operation 571 [5/5] (7.25ns)   --->   "%sum_19 = fadd i32 %sum_16, i32 %mul_i_2_s" [filter.cpp:68->filter.cpp:152]   --->   Operation 571 'fadd' 'sum_19' <Predicate = true> <Delay = 7.25> <CoreInst = "FAddSub_fulldsp">   --->   Core 18 'FAddSub_fulldsp' <Latency = 4> <II = 1> <Delay = 7.25> <FuncUnit> <Opcode : 'fadd' 'fsub'> <InPorts = 2> <OutPorts = 1>
ST_45 : Operation 572 [5/5] (7.25ns)   --->   "%sum_20 = fadd i32 %sum_17, i32 %mul_i_2_3" [filter.cpp:68->filter.cpp:152]   --->   Operation 572 'fadd' 'sum_20' <Predicate = true> <Delay = 7.25> <CoreInst = "FAddSub_fulldsp">   --->   Core 18 'FAddSub_fulldsp' <Latency = 4> <II = 1> <Delay = 7.25> <FuncUnit> <Opcode : 'fadd' 'fsub'> <InPorts = 2> <OutPorts = 1>
ST_45 : Operation 573 [1/6] (6.41ns)   --->   "%conv_i_2_1 = uitofp i32 %zext_ln68_21" [filter.cpp:68->filter.cpp:152]   --->   Operation 573 'uitofp' 'conv_i_2_1' <Predicate = true> <Delay = 6.41> <CoreInst = "Int2Float">   --->   Core 62 'Int2Float' <Latency = 5> <II = 1> <Delay = 6.41> <FuncUnit> <Opcode : 'uitofp' 'sitofp'> <InPorts = 1> <OutPorts = 1>
ST_45 : Operation 574 [1/6] (6.41ns)   --->   "%conv_i_2_1_1 = uitofp i32 %zext_ln68_22" [filter.cpp:68->filter.cpp:152]   --->   Operation 574 'uitofp' 'conv_i_2_1_1' <Predicate = true> <Delay = 6.41> <CoreInst = "Int2Float">   --->   Core 62 'Int2Float' <Latency = 5> <II = 1> <Delay = 6.41> <FuncUnit> <Opcode : 'uitofp' 'sitofp'> <InPorts = 1> <OutPorts = 1>
ST_45 : Operation 575 [1/6] (6.41ns)   --->   "%conv_i_2_1_2 = uitofp i32 %zext_ln68_23" [filter.cpp:68->filter.cpp:152]   --->   Operation 575 'uitofp' 'conv_i_2_1_2' <Predicate = true> <Delay = 6.41> <CoreInst = "Int2Float">   --->   Core 62 'Int2Float' <Latency = 5> <II = 1> <Delay = 6.41> <FuncUnit> <Opcode : 'uitofp' 'sitofp'> <InPorts = 1> <OutPorts = 1>
ST_45 : Operation 576 [1/1] (0.00ns)   --->   "%zext_ln68_24 = zext i8 %tmp_23" [filter.cpp:68->filter.cpp:152]   --->   Operation 576 'zext' 'zext_ln68_24' <Predicate = true> <Delay = 0.00>
ST_45 : Operation 577 [6/6] (6.41ns)   --->   "%conv_i_2_2 = uitofp i32 %zext_ln68_24" [filter.cpp:68->filter.cpp:152]   --->   Operation 577 'uitofp' 'conv_i_2_2' <Predicate = true> <Delay = 6.41> <CoreInst = "Int2Float">   --->   Core 62 'Int2Float' <Latency = 5> <II = 1> <Delay = 6.41> <FuncUnit> <Opcode : 'uitofp' 'sitofp'> <InPorts = 1> <OutPorts = 1>
ST_45 : Operation 578 [1/1] (0.00ns)   --->   "%zext_ln68_25 = zext i8 %tmp_24" [filter.cpp:68->filter.cpp:152]   --->   Operation 578 'zext' 'zext_ln68_25' <Predicate = true> <Delay = 0.00>
ST_45 : Operation 579 [6/6] (6.41ns)   --->   "%conv_i_2_2_1 = uitofp i32 %zext_ln68_25" [filter.cpp:68->filter.cpp:152]   --->   Operation 579 'uitofp' 'conv_i_2_2_1' <Predicate = true> <Delay = 6.41> <CoreInst = "Int2Float">   --->   Core 62 'Int2Float' <Latency = 5> <II = 1> <Delay = 6.41> <FuncUnit> <Opcode : 'uitofp' 'sitofp'> <InPorts = 1> <OutPorts = 1>
ST_45 : Operation 580 [1/1] (0.00ns)   --->   "%zext_ln68_26 = zext i8 %tmp_25" [filter.cpp:68->filter.cpp:152]   --->   Operation 580 'zext' 'zext_ln68_26' <Predicate = true> <Delay = 0.00>
ST_45 : Operation 581 [6/6] (6.41ns)   --->   "%conv_i_2_2_2 = uitofp i32 %zext_ln68_26" [filter.cpp:68->filter.cpp:152]   --->   Operation 581 'uitofp' 'conv_i_2_2_2' <Predicate = true> <Delay = 6.41> <CoreInst = "Int2Float">   --->   Core 62 'Int2Float' <Latency = 5> <II = 1> <Delay = 6.41> <FuncUnit> <Opcode : 'uitofp' 'sitofp'> <InPorts = 1> <OutPorts = 1>

State 46 <SV = 45> <Delay = 7.25>
ST_46 : Operation 582 [4/5] (7.25ns)   --->   "%sum_18 = fadd i32 %sum_15, i32 %mul_i_2" [filter.cpp:68->filter.cpp:152]   --->   Operation 582 'fadd' 'sum_18' <Predicate = true> <Delay = 7.25> <CoreInst = "FAddSub_fulldsp">   --->   Core 18 'FAddSub_fulldsp' <Latency = 4> <II = 1> <Delay = 7.25> <FuncUnit> <Opcode : 'fadd' 'fsub'> <InPorts = 2> <OutPorts = 1>
ST_46 : Operation 583 [4/5] (7.25ns)   --->   "%sum_19 = fadd i32 %sum_16, i32 %mul_i_2_s" [filter.cpp:68->filter.cpp:152]   --->   Operation 583 'fadd' 'sum_19' <Predicate = true> <Delay = 7.25> <CoreInst = "FAddSub_fulldsp">   --->   Core 18 'FAddSub_fulldsp' <Latency = 4> <II = 1> <Delay = 7.25> <FuncUnit> <Opcode : 'fadd' 'fsub'> <InPorts = 2> <OutPorts = 1>
ST_46 : Operation 584 [4/5] (7.25ns)   --->   "%sum_20 = fadd i32 %sum_17, i32 %mul_i_2_3" [filter.cpp:68->filter.cpp:152]   --->   Operation 584 'fadd' 'sum_20' <Predicate = true> <Delay = 7.25> <CoreInst = "FAddSub_fulldsp">   --->   Core 18 'FAddSub_fulldsp' <Latency = 4> <II = 1> <Delay = 7.25> <FuncUnit> <Opcode : 'fadd' 'fsub'> <InPorts = 2> <OutPorts = 1>
ST_46 : Operation 585 [4/4] (5.70ns)   --->   "%mul_i_2_1 = fmul i32 %conv_i_2_1, i32 %tmp_26" [filter.cpp:68->filter.cpp:152]   --->   Operation 585 'fmul' 'mul_i_2_1' <Predicate = true> <Delay = 5.70> <CoreInst = "FMul_maxdsp">   --->   Core 30 'FMul_maxdsp' <Latency = 3> <II = 1> <Delay = 5.70> <FuncUnit> <Opcode : 'fmul'> <InPorts = 2> <OutPorts = 1>
ST_46 : Operation 586 [4/4] (5.70ns)   --->   "%mul_i_2_1_1 = fmul i32 %conv_i_2_1_1, i32 %tmp_26" [filter.cpp:68->filter.cpp:152]   --->   Operation 586 'fmul' 'mul_i_2_1_1' <Predicate = true> <Delay = 5.70> <CoreInst = "FMul_maxdsp">   --->   Core 30 'FMul_maxdsp' <Latency = 3> <II = 1> <Delay = 5.70> <FuncUnit> <Opcode : 'fmul'> <InPorts = 2> <OutPorts = 1>
ST_46 : Operation 587 [4/4] (5.70ns)   --->   "%mul_i_2_1_2 = fmul i32 %conv_i_2_1_2, i32 %tmp_26" [filter.cpp:68->filter.cpp:152]   --->   Operation 587 'fmul' 'mul_i_2_1_2' <Predicate = true> <Delay = 5.70> <CoreInst = "FMul_maxdsp">   --->   Core 30 'FMul_maxdsp' <Latency = 3> <II = 1> <Delay = 5.70> <FuncUnit> <Opcode : 'fmul'> <InPorts = 2> <OutPorts = 1>
ST_46 : Operation 588 [5/6] (6.41ns)   --->   "%conv_i_2_2 = uitofp i32 %zext_ln68_24" [filter.cpp:68->filter.cpp:152]   --->   Operation 588 'uitofp' 'conv_i_2_2' <Predicate = true> <Delay = 6.41> <CoreInst = "Int2Float">   --->   Core 62 'Int2Float' <Latency = 5> <II = 1> <Delay = 6.41> <FuncUnit> <Opcode : 'uitofp' 'sitofp'> <InPorts = 1> <OutPorts = 1>
ST_46 : Operation 589 [5/6] (6.41ns)   --->   "%conv_i_2_2_1 = uitofp i32 %zext_ln68_25" [filter.cpp:68->filter.cpp:152]   --->   Operation 589 'uitofp' 'conv_i_2_2_1' <Predicate = true> <Delay = 6.41> <CoreInst = "Int2Float">   --->   Core 62 'Int2Float' <Latency = 5> <II = 1> <Delay = 6.41> <FuncUnit> <Opcode : 'uitofp' 'sitofp'> <InPorts = 1> <OutPorts = 1>
ST_46 : Operation 590 [5/6] (6.41ns)   --->   "%conv_i_2_2_2 = uitofp i32 %zext_ln68_26" [filter.cpp:68->filter.cpp:152]   --->   Operation 590 'uitofp' 'conv_i_2_2_2' <Predicate = true> <Delay = 6.41> <CoreInst = "Int2Float">   --->   Core 62 'Int2Float' <Latency = 5> <II = 1> <Delay = 6.41> <FuncUnit> <Opcode : 'uitofp' 'sitofp'> <InPorts = 1> <OutPorts = 1>

State 47 <SV = 46> <Delay = 7.25>
ST_47 : Operation 591 [3/5] (7.25ns)   --->   "%sum_18 = fadd i32 %sum_15, i32 %mul_i_2" [filter.cpp:68->filter.cpp:152]   --->   Operation 591 'fadd' 'sum_18' <Predicate = true> <Delay = 7.25> <CoreInst = "FAddSub_fulldsp">   --->   Core 18 'FAddSub_fulldsp' <Latency = 4> <II = 1> <Delay = 7.25> <FuncUnit> <Opcode : 'fadd' 'fsub'> <InPorts = 2> <OutPorts = 1>
ST_47 : Operation 592 [3/5] (7.25ns)   --->   "%sum_19 = fadd i32 %sum_16, i32 %mul_i_2_s" [filter.cpp:68->filter.cpp:152]   --->   Operation 592 'fadd' 'sum_19' <Predicate = true> <Delay = 7.25> <CoreInst = "FAddSub_fulldsp">   --->   Core 18 'FAddSub_fulldsp' <Latency = 4> <II = 1> <Delay = 7.25> <FuncUnit> <Opcode : 'fadd' 'fsub'> <InPorts = 2> <OutPorts = 1>
ST_47 : Operation 593 [3/5] (7.25ns)   --->   "%sum_20 = fadd i32 %sum_17, i32 %mul_i_2_3" [filter.cpp:68->filter.cpp:152]   --->   Operation 593 'fadd' 'sum_20' <Predicate = true> <Delay = 7.25> <CoreInst = "FAddSub_fulldsp">   --->   Core 18 'FAddSub_fulldsp' <Latency = 4> <II = 1> <Delay = 7.25> <FuncUnit> <Opcode : 'fadd' 'fsub'> <InPorts = 2> <OutPorts = 1>
ST_47 : Operation 594 [3/4] (5.70ns)   --->   "%mul_i_2_1 = fmul i32 %conv_i_2_1, i32 %tmp_26" [filter.cpp:68->filter.cpp:152]   --->   Operation 594 'fmul' 'mul_i_2_1' <Predicate = true> <Delay = 5.70> <CoreInst = "FMul_maxdsp">   --->   Core 30 'FMul_maxdsp' <Latency = 3> <II = 1> <Delay = 5.70> <FuncUnit> <Opcode : 'fmul'> <InPorts = 2> <OutPorts = 1>
ST_47 : Operation 595 [3/4] (5.70ns)   --->   "%mul_i_2_1_1 = fmul i32 %conv_i_2_1_1, i32 %tmp_26" [filter.cpp:68->filter.cpp:152]   --->   Operation 595 'fmul' 'mul_i_2_1_1' <Predicate = true> <Delay = 5.70> <CoreInst = "FMul_maxdsp">   --->   Core 30 'FMul_maxdsp' <Latency = 3> <II = 1> <Delay = 5.70> <FuncUnit> <Opcode : 'fmul'> <InPorts = 2> <OutPorts = 1>
ST_47 : Operation 596 [3/4] (5.70ns)   --->   "%mul_i_2_1_2 = fmul i32 %conv_i_2_1_2, i32 %tmp_26" [filter.cpp:68->filter.cpp:152]   --->   Operation 596 'fmul' 'mul_i_2_1_2' <Predicate = true> <Delay = 5.70> <CoreInst = "FMul_maxdsp">   --->   Core 30 'FMul_maxdsp' <Latency = 3> <II = 1> <Delay = 5.70> <FuncUnit> <Opcode : 'fmul'> <InPorts = 2> <OutPorts = 1>
ST_47 : Operation 597 [4/6] (6.41ns)   --->   "%conv_i_2_2 = uitofp i32 %zext_ln68_24" [filter.cpp:68->filter.cpp:152]   --->   Operation 597 'uitofp' 'conv_i_2_2' <Predicate = true> <Delay = 6.41> <CoreInst = "Int2Float">   --->   Core 62 'Int2Float' <Latency = 5> <II = 1> <Delay = 6.41> <FuncUnit> <Opcode : 'uitofp' 'sitofp'> <InPorts = 1> <OutPorts = 1>
ST_47 : Operation 598 [4/6] (6.41ns)   --->   "%conv_i_2_2_1 = uitofp i32 %zext_ln68_25" [filter.cpp:68->filter.cpp:152]   --->   Operation 598 'uitofp' 'conv_i_2_2_1' <Predicate = true> <Delay = 6.41> <CoreInst = "Int2Float">   --->   Core 62 'Int2Float' <Latency = 5> <II = 1> <Delay = 6.41> <FuncUnit> <Opcode : 'uitofp' 'sitofp'> <InPorts = 1> <OutPorts = 1>
ST_47 : Operation 599 [4/6] (6.41ns)   --->   "%conv_i_2_2_2 = uitofp i32 %zext_ln68_26" [filter.cpp:68->filter.cpp:152]   --->   Operation 599 'uitofp' 'conv_i_2_2_2' <Predicate = true> <Delay = 6.41> <CoreInst = "Int2Float">   --->   Core 62 'Int2Float' <Latency = 5> <II = 1> <Delay = 6.41> <FuncUnit> <Opcode : 'uitofp' 'sitofp'> <InPorts = 1> <OutPorts = 1>

State 48 <SV = 47> <Delay = 7.25>
ST_48 : Operation 600 [2/5] (7.25ns)   --->   "%sum_18 = fadd i32 %sum_15, i32 %mul_i_2" [filter.cpp:68->filter.cpp:152]   --->   Operation 600 'fadd' 'sum_18' <Predicate = true> <Delay = 7.25> <CoreInst = "FAddSub_fulldsp">   --->   Core 18 'FAddSub_fulldsp' <Latency = 4> <II = 1> <Delay = 7.25> <FuncUnit> <Opcode : 'fadd' 'fsub'> <InPorts = 2> <OutPorts = 1>
ST_48 : Operation 601 [2/5] (7.25ns)   --->   "%sum_19 = fadd i32 %sum_16, i32 %mul_i_2_s" [filter.cpp:68->filter.cpp:152]   --->   Operation 601 'fadd' 'sum_19' <Predicate = true> <Delay = 7.25> <CoreInst = "FAddSub_fulldsp">   --->   Core 18 'FAddSub_fulldsp' <Latency = 4> <II = 1> <Delay = 7.25> <FuncUnit> <Opcode : 'fadd' 'fsub'> <InPorts = 2> <OutPorts = 1>
ST_48 : Operation 602 [2/5] (7.25ns)   --->   "%sum_20 = fadd i32 %sum_17, i32 %mul_i_2_3" [filter.cpp:68->filter.cpp:152]   --->   Operation 602 'fadd' 'sum_20' <Predicate = true> <Delay = 7.25> <CoreInst = "FAddSub_fulldsp">   --->   Core 18 'FAddSub_fulldsp' <Latency = 4> <II = 1> <Delay = 7.25> <FuncUnit> <Opcode : 'fadd' 'fsub'> <InPorts = 2> <OutPorts = 1>
ST_48 : Operation 603 [2/4] (5.70ns)   --->   "%mul_i_2_1 = fmul i32 %conv_i_2_1, i32 %tmp_26" [filter.cpp:68->filter.cpp:152]   --->   Operation 603 'fmul' 'mul_i_2_1' <Predicate = true> <Delay = 5.70> <CoreInst = "FMul_maxdsp">   --->   Core 30 'FMul_maxdsp' <Latency = 3> <II = 1> <Delay = 5.70> <FuncUnit> <Opcode : 'fmul'> <InPorts = 2> <OutPorts = 1>
ST_48 : Operation 604 [2/4] (5.70ns)   --->   "%mul_i_2_1_1 = fmul i32 %conv_i_2_1_1, i32 %tmp_26" [filter.cpp:68->filter.cpp:152]   --->   Operation 604 'fmul' 'mul_i_2_1_1' <Predicate = true> <Delay = 5.70> <CoreInst = "FMul_maxdsp">   --->   Core 30 'FMul_maxdsp' <Latency = 3> <II = 1> <Delay = 5.70> <FuncUnit> <Opcode : 'fmul'> <InPorts = 2> <OutPorts = 1>
ST_48 : Operation 605 [2/4] (5.70ns)   --->   "%mul_i_2_1_2 = fmul i32 %conv_i_2_1_2, i32 %tmp_26" [filter.cpp:68->filter.cpp:152]   --->   Operation 605 'fmul' 'mul_i_2_1_2' <Predicate = true> <Delay = 5.70> <CoreInst = "FMul_maxdsp">   --->   Core 30 'FMul_maxdsp' <Latency = 3> <II = 1> <Delay = 5.70> <FuncUnit> <Opcode : 'fmul'> <InPorts = 2> <OutPorts = 1>
ST_48 : Operation 606 [3/6] (6.41ns)   --->   "%conv_i_2_2 = uitofp i32 %zext_ln68_24" [filter.cpp:68->filter.cpp:152]   --->   Operation 606 'uitofp' 'conv_i_2_2' <Predicate = true> <Delay = 6.41> <CoreInst = "Int2Float">   --->   Core 62 'Int2Float' <Latency = 5> <II = 1> <Delay = 6.41> <FuncUnit> <Opcode : 'uitofp' 'sitofp'> <InPorts = 1> <OutPorts = 1>
ST_48 : Operation 607 [3/6] (6.41ns)   --->   "%conv_i_2_2_1 = uitofp i32 %zext_ln68_25" [filter.cpp:68->filter.cpp:152]   --->   Operation 607 'uitofp' 'conv_i_2_2_1' <Predicate = true> <Delay = 6.41> <CoreInst = "Int2Float">   --->   Core 62 'Int2Float' <Latency = 5> <II = 1> <Delay = 6.41> <FuncUnit> <Opcode : 'uitofp' 'sitofp'> <InPorts = 1> <OutPorts = 1>
ST_48 : Operation 608 [3/6] (6.41ns)   --->   "%conv_i_2_2_2 = uitofp i32 %zext_ln68_26" [filter.cpp:68->filter.cpp:152]   --->   Operation 608 'uitofp' 'conv_i_2_2_2' <Predicate = true> <Delay = 6.41> <CoreInst = "Int2Float">   --->   Core 62 'Int2Float' <Latency = 5> <II = 1> <Delay = 6.41> <FuncUnit> <Opcode : 'uitofp' 'sitofp'> <InPorts = 1> <OutPorts = 1>

State 49 <SV = 48> <Delay = 7.25>
ST_49 : Operation 609 [1/5] (7.25ns)   --->   "%sum_18 = fadd i32 %sum_15, i32 %mul_i_2" [filter.cpp:68->filter.cpp:152]   --->   Operation 609 'fadd' 'sum_18' <Predicate = true> <Delay = 7.25> <CoreInst = "FAddSub_fulldsp">   --->   Core 18 'FAddSub_fulldsp' <Latency = 4> <II = 1> <Delay = 7.25> <FuncUnit> <Opcode : 'fadd' 'fsub'> <InPorts = 2> <OutPorts = 1>
ST_49 : Operation 610 [1/5] (7.25ns)   --->   "%sum_19 = fadd i32 %sum_16, i32 %mul_i_2_s" [filter.cpp:68->filter.cpp:152]   --->   Operation 610 'fadd' 'sum_19' <Predicate = true> <Delay = 7.25> <CoreInst = "FAddSub_fulldsp">   --->   Core 18 'FAddSub_fulldsp' <Latency = 4> <II = 1> <Delay = 7.25> <FuncUnit> <Opcode : 'fadd' 'fsub'> <InPorts = 2> <OutPorts = 1>
ST_49 : Operation 611 [1/5] (7.25ns)   --->   "%sum_20 = fadd i32 %sum_17, i32 %mul_i_2_3" [filter.cpp:68->filter.cpp:152]   --->   Operation 611 'fadd' 'sum_20' <Predicate = true> <Delay = 7.25> <CoreInst = "FAddSub_fulldsp">   --->   Core 18 'FAddSub_fulldsp' <Latency = 4> <II = 1> <Delay = 7.25> <FuncUnit> <Opcode : 'fadd' 'fsub'> <InPorts = 2> <OutPorts = 1>
ST_49 : Operation 612 [1/4] (5.70ns)   --->   "%mul_i_2_1 = fmul i32 %conv_i_2_1, i32 %tmp_26" [filter.cpp:68->filter.cpp:152]   --->   Operation 612 'fmul' 'mul_i_2_1' <Predicate = true> <Delay = 5.70> <CoreInst = "FMul_maxdsp">   --->   Core 30 'FMul_maxdsp' <Latency = 3> <II = 1> <Delay = 5.70> <FuncUnit> <Opcode : 'fmul'> <InPorts = 2> <OutPorts = 1>
ST_49 : Operation 613 [1/4] (5.70ns)   --->   "%mul_i_2_1_1 = fmul i32 %conv_i_2_1_1, i32 %tmp_26" [filter.cpp:68->filter.cpp:152]   --->   Operation 613 'fmul' 'mul_i_2_1_1' <Predicate = true> <Delay = 5.70> <CoreInst = "FMul_maxdsp">   --->   Core 30 'FMul_maxdsp' <Latency = 3> <II = 1> <Delay = 5.70> <FuncUnit> <Opcode : 'fmul'> <InPorts = 2> <OutPorts = 1>
ST_49 : Operation 614 [1/4] (5.70ns)   --->   "%mul_i_2_1_2 = fmul i32 %conv_i_2_1_2, i32 %tmp_26" [filter.cpp:68->filter.cpp:152]   --->   Operation 614 'fmul' 'mul_i_2_1_2' <Predicate = true> <Delay = 5.70> <CoreInst = "FMul_maxdsp">   --->   Core 30 'FMul_maxdsp' <Latency = 3> <II = 1> <Delay = 5.70> <FuncUnit> <Opcode : 'fmul'> <InPorts = 2> <OutPorts = 1>
ST_49 : Operation 615 [2/6] (6.41ns)   --->   "%conv_i_2_2 = uitofp i32 %zext_ln68_24" [filter.cpp:68->filter.cpp:152]   --->   Operation 615 'uitofp' 'conv_i_2_2' <Predicate = true> <Delay = 6.41> <CoreInst = "Int2Float">   --->   Core 62 'Int2Float' <Latency = 5> <II = 1> <Delay = 6.41> <FuncUnit> <Opcode : 'uitofp' 'sitofp'> <InPorts = 1> <OutPorts = 1>
ST_49 : Operation 616 [2/6] (6.41ns)   --->   "%conv_i_2_2_1 = uitofp i32 %zext_ln68_25" [filter.cpp:68->filter.cpp:152]   --->   Operation 616 'uitofp' 'conv_i_2_2_1' <Predicate = true> <Delay = 6.41> <CoreInst = "Int2Float">   --->   Core 62 'Int2Float' <Latency = 5> <II = 1> <Delay = 6.41> <FuncUnit> <Opcode : 'uitofp' 'sitofp'> <InPorts = 1> <OutPorts = 1>
ST_49 : Operation 617 [2/6] (6.41ns)   --->   "%conv_i_2_2_2 = uitofp i32 %zext_ln68_26" [filter.cpp:68->filter.cpp:152]   --->   Operation 617 'uitofp' 'conv_i_2_2_2' <Predicate = true> <Delay = 6.41> <CoreInst = "Int2Float">   --->   Core 62 'Int2Float' <Latency = 5> <II = 1> <Delay = 6.41> <FuncUnit> <Opcode : 'uitofp' 'sitofp'> <InPorts = 1> <OutPorts = 1>

State 50 <SV = 49> <Delay = 7.25>
ST_50 : Operation 618 [5/5] (7.25ns)   --->   "%sum_21 = fadd i32 %sum_18, i32 %mul_i_2_1" [filter.cpp:68->filter.cpp:152]   --->   Operation 618 'fadd' 'sum_21' <Predicate = true> <Delay = 7.25> <CoreInst = "FAddSub_fulldsp">   --->   Core 18 'FAddSub_fulldsp' <Latency = 4> <II = 1> <Delay = 7.25> <FuncUnit> <Opcode : 'fadd' 'fsub'> <InPorts = 2> <OutPorts = 1>
ST_50 : Operation 619 [5/5] (7.25ns)   --->   "%sum_22 = fadd i32 %sum_19, i32 %mul_i_2_1_1" [filter.cpp:68->filter.cpp:152]   --->   Operation 619 'fadd' 'sum_22' <Predicate = true> <Delay = 7.25> <CoreInst = "FAddSub_fulldsp">   --->   Core 18 'FAddSub_fulldsp' <Latency = 4> <II = 1> <Delay = 7.25> <FuncUnit> <Opcode : 'fadd' 'fsub'> <InPorts = 2> <OutPorts = 1>
ST_50 : Operation 620 [5/5] (7.25ns)   --->   "%sum_23 = fadd i32 %sum_20, i32 %mul_i_2_1_2" [filter.cpp:68->filter.cpp:152]   --->   Operation 620 'fadd' 'sum_23' <Predicate = true> <Delay = 7.25> <CoreInst = "FAddSub_fulldsp">   --->   Core 18 'FAddSub_fulldsp' <Latency = 4> <II = 1> <Delay = 7.25> <FuncUnit> <Opcode : 'fadd' 'fsub'> <InPorts = 2> <OutPorts = 1>
ST_50 : Operation 621 [1/6] (6.41ns)   --->   "%conv_i_2_2 = uitofp i32 %zext_ln68_24" [filter.cpp:68->filter.cpp:152]   --->   Operation 621 'uitofp' 'conv_i_2_2' <Predicate = true> <Delay = 6.41> <CoreInst = "Int2Float">   --->   Core 62 'Int2Float' <Latency = 5> <II = 1> <Delay = 6.41> <FuncUnit> <Opcode : 'uitofp' 'sitofp'> <InPorts = 1> <OutPorts = 1>
ST_50 : Operation 622 [1/6] (6.41ns)   --->   "%conv_i_2_2_1 = uitofp i32 %zext_ln68_25" [filter.cpp:68->filter.cpp:152]   --->   Operation 622 'uitofp' 'conv_i_2_2_1' <Predicate = true> <Delay = 6.41> <CoreInst = "Int2Float">   --->   Core 62 'Int2Float' <Latency = 5> <II = 1> <Delay = 6.41> <FuncUnit> <Opcode : 'uitofp' 'sitofp'> <InPorts = 1> <OutPorts = 1>
ST_50 : Operation 623 [1/6] (6.41ns)   --->   "%conv_i_2_2_2 = uitofp i32 %zext_ln68_26" [filter.cpp:68->filter.cpp:152]   --->   Operation 623 'uitofp' 'conv_i_2_2_2' <Predicate = true> <Delay = 6.41> <CoreInst = "Int2Float">   --->   Core 62 'Int2Float' <Latency = 5> <II = 1> <Delay = 6.41> <FuncUnit> <Opcode : 'uitofp' 'sitofp'> <InPorts = 1> <OutPorts = 1>

State 51 <SV = 50> <Delay = 7.25>
ST_51 : Operation 624 [4/5] (7.25ns)   --->   "%sum_21 = fadd i32 %sum_18, i32 %mul_i_2_1" [filter.cpp:68->filter.cpp:152]   --->   Operation 624 'fadd' 'sum_21' <Predicate = true> <Delay = 7.25> <CoreInst = "FAddSub_fulldsp">   --->   Core 18 'FAddSub_fulldsp' <Latency = 4> <II = 1> <Delay = 7.25> <FuncUnit> <Opcode : 'fadd' 'fsub'> <InPorts = 2> <OutPorts = 1>
ST_51 : Operation 625 [4/5] (7.25ns)   --->   "%sum_22 = fadd i32 %sum_19, i32 %mul_i_2_1_1" [filter.cpp:68->filter.cpp:152]   --->   Operation 625 'fadd' 'sum_22' <Predicate = true> <Delay = 7.25> <CoreInst = "FAddSub_fulldsp">   --->   Core 18 'FAddSub_fulldsp' <Latency = 4> <II = 1> <Delay = 7.25> <FuncUnit> <Opcode : 'fadd' 'fsub'> <InPorts = 2> <OutPorts = 1>
ST_51 : Operation 626 [4/5] (7.25ns)   --->   "%sum_23 = fadd i32 %sum_20, i32 %mul_i_2_1_2" [filter.cpp:68->filter.cpp:152]   --->   Operation 626 'fadd' 'sum_23' <Predicate = true> <Delay = 7.25> <CoreInst = "FAddSub_fulldsp">   --->   Core 18 'FAddSub_fulldsp' <Latency = 4> <II = 1> <Delay = 7.25> <FuncUnit> <Opcode : 'fadd' 'fsub'> <InPorts = 2> <OutPorts = 1>
ST_51 : Operation 627 [4/4] (5.70ns)   --->   "%mul_i_2_2 = fmul i32 %conv_i_2_2, i32 %tmp" [filter.cpp:68->filter.cpp:152]   --->   Operation 627 'fmul' 'mul_i_2_2' <Predicate = true> <Delay = 5.70> <CoreInst = "FMul_maxdsp">   --->   Core 30 'FMul_maxdsp' <Latency = 3> <II = 1> <Delay = 5.70> <FuncUnit> <Opcode : 'fmul'> <InPorts = 2> <OutPorts = 1>
ST_51 : Operation 628 [4/4] (5.70ns)   --->   "%mul_i_2_2_1 = fmul i32 %conv_i_2_2_1, i32 %tmp" [filter.cpp:68->filter.cpp:152]   --->   Operation 628 'fmul' 'mul_i_2_2_1' <Predicate = true> <Delay = 5.70> <CoreInst = "FMul_maxdsp">   --->   Core 30 'FMul_maxdsp' <Latency = 3> <II = 1> <Delay = 5.70> <FuncUnit> <Opcode : 'fmul'> <InPorts = 2> <OutPorts = 1>
ST_51 : Operation 629 [4/4] (5.70ns)   --->   "%mul_i_2_2_2 = fmul i32 %conv_i_2_2_2, i32 %tmp" [filter.cpp:68->filter.cpp:152]   --->   Operation 629 'fmul' 'mul_i_2_2_2' <Predicate = true> <Delay = 5.70> <CoreInst = "FMul_maxdsp">   --->   Core 30 'FMul_maxdsp' <Latency = 3> <II = 1> <Delay = 5.70> <FuncUnit> <Opcode : 'fmul'> <InPorts = 2> <OutPorts = 1>

State 52 <SV = 51> <Delay = 7.25>
ST_52 : Operation 630 [3/5] (7.25ns)   --->   "%sum_21 = fadd i32 %sum_18, i32 %mul_i_2_1" [filter.cpp:68->filter.cpp:152]   --->   Operation 630 'fadd' 'sum_21' <Predicate = true> <Delay = 7.25> <CoreInst = "FAddSub_fulldsp">   --->   Core 18 'FAddSub_fulldsp' <Latency = 4> <II = 1> <Delay = 7.25> <FuncUnit> <Opcode : 'fadd' 'fsub'> <InPorts = 2> <OutPorts = 1>
ST_52 : Operation 631 [3/5] (7.25ns)   --->   "%sum_22 = fadd i32 %sum_19, i32 %mul_i_2_1_1" [filter.cpp:68->filter.cpp:152]   --->   Operation 631 'fadd' 'sum_22' <Predicate = true> <Delay = 7.25> <CoreInst = "FAddSub_fulldsp">   --->   Core 18 'FAddSub_fulldsp' <Latency = 4> <II = 1> <Delay = 7.25> <FuncUnit> <Opcode : 'fadd' 'fsub'> <InPorts = 2> <OutPorts = 1>
ST_52 : Operation 632 [3/5] (7.25ns)   --->   "%sum_23 = fadd i32 %sum_20, i32 %mul_i_2_1_2" [filter.cpp:68->filter.cpp:152]   --->   Operation 632 'fadd' 'sum_23' <Predicate = true> <Delay = 7.25> <CoreInst = "FAddSub_fulldsp">   --->   Core 18 'FAddSub_fulldsp' <Latency = 4> <II = 1> <Delay = 7.25> <FuncUnit> <Opcode : 'fadd' 'fsub'> <InPorts = 2> <OutPorts = 1>
ST_52 : Operation 633 [3/4] (5.70ns)   --->   "%mul_i_2_2 = fmul i32 %conv_i_2_2, i32 %tmp" [filter.cpp:68->filter.cpp:152]   --->   Operation 633 'fmul' 'mul_i_2_2' <Predicate = true> <Delay = 5.70> <CoreInst = "FMul_maxdsp">   --->   Core 30 'FMul_maxdsp' <Latency = 3> <II = 1> <Delay = 5.70> <FuncUnit> <Opcode : 'fmul'> <InPorts = 2> <OutPorts = 1>
ST_52 : Operation 634 [3/4] (5.70ns)   --->   "%mul_i_2_2_1 = fmul i32 %conv_i_2_2_1, i32 %tmp" [filter.cpp:68->filter.cpp:152]   --->   Operation 634 'fmul' 'mul_i_2_2_1' <Predicate = true> <Delay = 5.70> <CoreInst = "FMul_maxdsp">   --->   Core 30 'FMul_maxdsp' <Latency = 3> <II = 1> <Delay = 5.70> <FuncUnit> <Opcode : 'fmul'> <InPorts = 2> <OutPorts = 1>
ST_52 : Operation 635 [3/4] (5.70ns)   --->   "%mul_i_2_2_2 = fmul i32 %conv_i_2_2_2, i32 %tmp" [filter.cpp:68->filter.cpp:152]   --->   Operation 635 'fmul' 'mul_i_2_2_2' <Predicate = true> <Delay = 5.70> <CoreInst = "FMul_maxdsp">   --->   Core 30 'FMul_maxdsp' <Latency = 3> <II = 1> <Delay = 5.70> <FuncUnit> <Opcode : 'fmul'> <InPorts = 2> <OutPorts = 1>

State 53 <SV = 52> <Delay = 7.25>
ST_53 : Operation 636 [2/5] (7.25ns)   --->   "%sum_21 = fadd i32 %sum_18, i32 %mul_i_2_1" [filter.cpp:68->filter.cpp:152]   --->   Operation 636 'fadd' 'sum_21' <Predicate = true> <Delay = 7.25> <CoreInst = "FAddSub_fulldsp">   --->   Core 18 'FAddSub_fulldsp' <Latency = 4> <II = 1> <Delay = 7.25> <FuncUnit> <Opcode : 'fadd' 'fsub'> <InPorts = 2> <OutPorts = 1>
ST_53 : Operation 637 [2/5] (7.25ns)   --->   "%sum_22 = fadd i32 %sum_19, i32 %mul_i_2_1_1" [filter.cpp:68->filter.cpp:152]   --->   Operation 637 'fadd' 'sum_22' <Predicate = true> <Delay = 7.25> <CoreInst = "FAddSub_fulldsp">   --->   Core 18 'FAddSub_fulldsp' <Latency = 4> <II = 1> <Delay = 7.25> <FuncUnit> <Opcode : 'fadd' 'fsub'> <InPorts = 2> <OutPorts = 1>
ST_53 : Operation 638 [2/5] (7.25ns)   --->   "%sum_23 = fadd i32 %sum_20, i32 %mul_i_2_1_2" [filter.cpp:68->filter.cpp:152]   --->   Operation 638 'fadd' 'sum_23' <Predicate = true> <Delay = 7.25> <CoreInst = "FAddSub_fulldsp">   --->   Core 18 'FAddSub_fulldsp' <Latency = 4> <II = 1> <Delay = 7.25> <FuncUnit> <Opcode : 'fadd' 'fsub'> <InPorts = 2> <OutPorts = 1>
ST_53 : Operation 639 [2/4] (5.70ns)   --->   "%mul_i_2_2 = fmul i32 %conv_i_2_2, i32 %tmp" [filter.cpp:68->filter.cpp:152]   --->   Operation 639 'fmul' 'mul_i_2_2' <Predicate = true> <Delay = 5.70> <CoreInst = "FMul_maxdsp">   --->   Core 30 'FMul_maxdsp' <Latency = 3> <II = 1> <Delay = 5.70> <FuncUnit> <Opcode : 'fmul'> <InPorts = 2> <OutPorts = 1>
ST_53 : Operation 640 [2/4] (5.70ns)   --->   "%mul_i_2_2_1 = fmul i32 %conv_i_2_2_1, i32 %tmp" [filter.cpp:68->filter.cpp:152]   --->   Operation 640 'fmul' 'mul_i_2_2_1' <Predicate = true> <Delay = 5.70> <CoreInst = "FMul_maxdsp">   --->   Core 30 'FMul_maxdsp' <Latency = 3> <II = 1> <Delay = 5.70> <FuncUnit> <Opcode : 'fmul'> <InPorts = 2> <OutPorts = 1>
ST_53 : Operation 641 [2/4] (5.70ns)   --->   "%mul_i_2_2_2 = fmul i32 %conv_i_2_2_2, i32 %tmp" [filter.cpp:68->filter.cpp:152]   --->   Operation 641 'fmul' 'mul_i_2_2_2' <Predicate = true> <Delay = 5.70> <CoreInst = "FMul_maxdsp">   --->   Core 30 'FMul_maxdsp' <Latency = 3> <II = 1> <Delay = 5.70> <FuncUnit> <Opcode : 'fmul'> <InPorts = 2> <OutPorts = 1>

State 54 <SV = 53> <Delay = 7.25>
ST_54 : Operation 642 [1/5] (7.25ns)   --->   "%sum_21 = fadd i32 %sum_18, i32 %mul_i_2_1" [filter.cpp:68->filter.cpp:152]   --->   Operation 642 'fadd' 'sum_21' <Predicate = true> <Delay = 7.25> <CoreInst = "FAddSub_fulldsp">   --->   Core 18 'FAddSub_fulldsp' <Latency = 4> <II = 1> <Delay = 7.25> <FuncUnit> <Opcode : 'fadd' 'fsub'> <InPorts = 2> <OutPorts = 1>
ST_54 : Operation 643 [1/5] (7.25ns)   --->   "%sum_22 = fadd i32 %sum_19, i32 %mul_i_2_1_1" [filter.cpp:68->filter.cpp:152]   --->   Operation 643 'fadd' 'sum_22' <Predicate = true> <Delay = 7.25> <CoreInst = "FAddSub_fulldsp">   --->   Core 18 'FAddSub_fulldsp' <Latency = 4> <II = 1> <Delay = 7.25> <FuncUnit> <Opcode : 'fadd' 'fsub'> <InPorts = 2> <OutPorts = 1>
ST_54 : Operation 644 [1/5] (7.25ns)   --->   "%sum_23 = fadd i32 %sum_20, i32 %mul_i_2_1_2" [filter.cpp:68->filter.cpp:152]   --->   Operation 644 'fadd' 'sum_23' <Predicate = true> <Delay = 7.25> <CoreInst = "FAddSub_fulldsp">   --->   Core 18 'FAddSub_fulldsp' <Latency = 4> <II = 1> <Delay = 7.25> <FuncUnit> <Opcode : 'fadd' 'fsub'> <InPorts = 2> <OutPorts = 1>
ST_54 : Operation 645 [1/4] (5.70ns)   --->   "%mul_i_2_2 = fmul i32 %conv_i_2_2, i32 %tmp" [filter.cpp:68->filter.cpp:152]   --->   Operation 645 'fmul' 'mul_i_2_2' <Predicate = true> <Delay = 5.70> <CoreInst = "FMul_maxdsp">   --->   Core 30 'FMul_maxdsp' <Latency = 3> <II = 1> <Delay = 5.70> <FuncUnit> <Opcode : 'fmul'> <InPorts = 2> <OutPorts = 1>
ST_54 : Operation 646 [1/4] (5.70ns)   --->   "%mul_i_2_2_1 = fmul i32 %conv_i_2_2_1, i32 %tmp" [filter.cpp:68->filter.cpp:152]   --->   Operation 646 'fmul' 'mul_i_2_2_1' <Predicate = true> <Delay = 5.70> <CoreInst = "FMul_maxdsp">   --->   Core 30 'FMul_maxdsp' <Latency = 3> <II = 1> <Delay = 5.70> <FuncUnit> <Opcode : 'fmul'> <InPorts = 2> <OutPorts = 1>
ST_54 : Operation 647 [1/4] (5.70ns)   --->   "%mul_i_2_2_2 = fmul i32 %conv_i_2_2_2, i32 %tmp" [filter.cpp:68->filter.cpp:152]   --->   Operation 647 'fmul' 'mul_i_2_2_2' <Predicate = true> <Delay = 5.70> <CoreInst = "FMul_maxdsp">   --->   Core 30 'FMul_maxdsp' <Latency = 3> <II = 1> <Delay = 5.70> <FuncUnit> <Opcode : 'fmul'> <InPorts = 2> <OutPorts = 1>

State 55 <SV = 54> <Delay = 7.25>
ST_55 : Operation 648 [5/5] (7.25ns)   --->   "%sum_24 = fadd i32 %sum_21, i32 %mul_i_2_2" [filter.cpp:68->filter.cpp:152]   --->   Operation 648 'fadd' 'sum_24' <Predicate = true> <Delay = 7.25> <CoreInst = "FAddSub_fulldsp">   --->   Core 18 'FAddSub_fulldsp' <Latency = 4> <II = 1> <Delay = 7.25> <FuncUnit> <Opcode : 'fadd' 'fsub'> <InPorts = 2> <OutPorts = 1>
ST_55 : Operation 649 [5/5] (7.25ns)   --->   "%sum_25 = fadd i32 %sum_22, i32 %mul_i_2_2_1" [filter.cpp:68->filter.cpp:152]   --->   Operation 649 'fadd' 'sum_25' <Predicate = true> <Delay = 7.25> <CoreInst = "FAddSub_fulldsp">   --->   Core 18 'FAddSub_fulldsp' <Latency = 4> <II = 1> <Delay = 7.25> <FuncUnit> <Opcode : 'fadd' 'fsub'> <InPorts = 2> <OutPorts = 1>
ST_55 : Operation 650 [5/5] (7.25ns)   --->   "%sum_26 = fadd i32 %sum_23, i32 %mul_i_2_2_2" [filter.cpp:68->filter.cpp:152]   --->   Operation 650 'fadd' 'sum_26' <Predicate = true> <Delay = 7.25> <CoreInst = "FAddSub_fulldsp">   --->   Core 18 'FAddSub_fulldsp' <Latency = 4> <II = 1> <Delay = 7.25> <FuncUnit> <Opcode : 'fadd' 'fsub'> <InPorts = 2> <OutPorts = 1>

State 56 <SV = 55> <Delay = 7.25>
ST_56 : Operation 651 [4/5] (7.25ns)   --->   "%sum_24 = fadd i32 %sum_21, i32 %mul_i_2_2" [filter.cpp:68->filter.cpp:152]   --->   Operation 651 'fadd' 'sum_24' <Predicate = true> <Delay = 7.25> <CoreInst = "FAddSub_fulldsp">   --->   Core 18 'FAddSub_fulldsp' <Latency = 4> <II = 1> <Delay = 7.25> <FuncUnit> <Opcode : 'fadd' 'fsub'> <InPorts = 2> <OutPorts = 1>
ST_56 : Operation 652 [4/5] (7.25ns)   --->   "%sum_25 = fadd i32 %sum_22, i32 %mul_i_2_2_1" [filter.cpp:68->filter.cpp:152]   --->   Operation 652 'fadd' 'sum_25' <Predicate = true> <Delay = 7.25> <CoreInst = "FAddSub_fulldsp">   --->   Core 18 'FAddSub_fulldsp' <Latency = 4> <II = 1> <Delay = 7.25> <FuncUnit> <Opcode : 'fadd' 'fsub'> <InPorts = 2> <OutPorts = 1>
ST_56 : Operation 653 [4/5] (7.25ns)   --->   "%sum_26 = fadd i32 %sum_23, i32 %mul_i_2_2_2" [filter.cpp:68->filter.cpp:152]   --->   Operation 653 'fadd' 'sum_26' <Predicate = true> <Delay = 7.25> <CoreInst = "FAddSub_fulldsp">   --->   Core 18 'FAddSub_fulldsp' <Latency = 4> <II = 1> <Delay = 7.25> <FuncUnit> <Opcode : 'fadd' 'fsub'> <InPorts = 2> <OutPorts = 1>

State 57 <SV = 56> <Delay = 7.25>
ST_57 : Operation 654 [3/5] (7.25ns)   --->   "%sum_24 = fadd i32 %sum_21, i32 %mul_i_2_2" [filter.cpp:68->filter.cpp:152]   --->   Operation 654 'fadd' 'sum_24' <Predicate = true> <Delay = 7.25> <CoreInst = "FAddSub_fulldsp">   --->   Core 18 'FAddSub_fulldsp' <Latency = 4> <II = 1> <Delay = 7.25> <FuncUnit> <Opcode : 'fadd' 'fsub'> <InPorts = 2> <OutPorts = 1>
ST_57 : Operation 655 [3/5] (7.25ns)   --->   "%sum_25 = fadd i32 %sum_22, i32 %mul_i_2_2_1" [filter.cpp:68->filter.cpp:152]   --->   Operation 655 'fadd' 'sum_25' <Predicate = true> <Delay = 7.25> <CoreInst = "FAddSub_fulldsp">   --->   Core 18 'FAddSub_fulldsp' <Latency = 4> <II = 1> <Delay = 7.25> <FuncUnit> <Opcode : 'fadd' 'fsub'> <InPorts = 2> <OutPorts = 1>
ST_57 : Operation 656 [3/5] (7.25ns)   --->   "%sum_26 = fadd i32 %sum_23, i32 %mul_i_2_2_2" [filter.cpp:68->filter.cpp:152]   --->   Operation 656 'fadd' 'sum_26' <Predicate = true> <Delay = 7.25> <CoreInst = "FAddSub_fulldsp">   --->   Core 18 'FAddSub_fulldsp' <Latency = 4> <II = 1> <Delay = 7.25> <FuncUnit> <Opcode : 'fadd' 'fsub'> <InPorts = 2> <OutPorts = 1>

State 58 <SV = 57> <Delay = 7.25>
ST_58 : Operation 657 [2/5] (7.25ns)   --->   "%sum_24 = fadd i32 %sum_21, i32 %mul_i_2_2" [filter.cpp:68->filter.cpp:152]   --->   Operation 657 'fadd' 'sum_24' <Predicate = true> <Delay = 7.25> <CoreInst = "FAddSub_fulldsp">   --->   Core 18 'FAddSub_fulldsp' <Latency = 4> <II = 1> <Delay = 7.25> <FuncUnit> <Opcode : 'fadd' 'fsub'> <InPorts = 2> <OutPorts = 1>
ST_58 : Operation 658 [2/5] (7.25ns)   --->   "%sum_25 = fadd i32 %sum_22, i32 %mul_i_2_2_1" [filter.cpp:68->filter.cpp:152]   --->   Operation 658 'fadd' 'sum_25' <Predicate = true> <Delay = 7.25> <CoreInst = "FAddSub_fulldsp">   --->   Core 18 'FAddSub_fulldsp' <Latency = 4> <II = 1> <Delay = 7.25> <FuncUnit> <Opcode : 'fadd' 'fsub'> <InPorts = 2> <OutPorts = 1>
ST_58 : Operation 659 [2/5] (7.25ns)   --->   "%sum_26 = fadd i32 %sum_23, i32 %mul_i_2_2_2" [filter.cpp:68->filter.cpp:152]   --->   Operation 659 'fadd' 'sum_26' <Predicate = true> <Delay = 7.25> <CoreInst = "FAddSub_fulldsp">   --->   Core 18 'FAddSub_fulldsp' <Latency = 4> <II = 1> <Delay = 7.25> <FuncUnit> <Opcode : 'fadd' 'fsub'> <InPorts = 2> <OutPorts = 1>

State 59 <SV = 58> <Delay = 7.25>
ST_59 : Operation 660 [1/5] (7.25ns)   --->   "%sum_24 = fadd i32 %sum_21, i32 %mul_i_2_2" [filter.cpp:68->filter.cpp:152]   --->   Operation 660 'fadd' 'sum_24' <Predicate = true> <Delay = 7.25> <CoreInst = "FAddSub_fulldsp">   --->   Core 18 'FAddSub_fulldsp' <Latency = 4> <II = 1> <Delay = 7.25> <FuncUnit> <Opcode : 'fadd' 'fsub'> <InPorts = 2> <OutPorts = 1>
ST_59 : Operation 661 [1/5] (7.25ns)   --->   "%sum_25 = fadd i32 %sum_22, i32 %mul_i_2_2_1" [filter.cpp:68->filter.cpp:152]   --->   Operation 661 'fadd' 'sum_25' <Predicate = true> <Delay = 7.25> <CoreInst = "FAddSub_fulldsp">   --->   Core 18 'FAddSub_fulldsp' <Latency = 4> <II = 1> <Delay = 7.25> <FuncUnit> <Opcode : 'fadd' 'fsub'> <InPorts = 2> <OutPorts = 1>
ST_59 : Operation 662 [1/5] (7.25ns)   --->   "%sum_26 = fadd i32 %sum_23, i32 %mul_i_2_2_2" [filter.cpp:68->filter.cpp:152]   --->   Operation 662 'fadd' 'sum_26' <Predicate = true> <Delay = 7.25> <CoreInst = "FAddSub_fulldsp">   --->   Core 18 'FAddSub_fulldsp' <Latency = 4> <II = 1> <Delay = 7.25> <FuncUnit> <Opcode : 'fadd' 'fsub'> <InPorts = 2> <OutPorts = 1>

State 60 <SV = 59> <Delay = 5.43>
ST_60 : Operation 663 [2/2] (5.43ns)   --->   "%tmp_33 = fcmp_olt  i32 %sum_24, i32 0" [filter.cpp:73->filter.cpp:152]   --->   Operation 663 'fcmp' 'tmp_33' <Predicate = true> <Delay = 5.43> <CoreInst = "FCompare">   --->   Core 19 'FCompare' <Latency = 1> <II = 1> <Delay = 5.43> <FuncUnit> <Opcode : 'fcmp'> <InPorts = 2> <OutPorts = 1>
ST_60 : Operation 664 [2/2] (5.43ns)   --->   "%tmp_37 = fcmp_ogt  i32 %sum_24, i32 255" [filter.cpp:73->filter.cpp:152]   --->   Operation 664 'fcmp' 'tmp_37' <Predicate = true> <Delay = 5.43> <CoreInst = "FCompare">   --->   Core 19 'FCompare' <Latency = 1> <II = 1> <Delay = 5.43> <FuncUnit> <Opcode : 'fcmp'> <InPorts = 2> <OutPorts = 1>
ST_60 : Operation 665 [2/2] (5.43ns)   --->   "%tmp_40 = fcmp_olt  i32 %sum_25, i32 0" [filter.cpp:74->filter.cpp:152]   --->   Operation 665 'fcmp' 'tmp_40' <Predicate = true> <Delay = 5.43> <CoreInst = "FCompare">   --->   Core 19 'FCompare' <Latency = 1> <II = 1> <Delay = 5.43> <FuncUnit> <Opcode : 'fcmp'> <InPorts = 2> <OutPorts = 1>
ST_60 : Operation 666 [2/2] (5.43ns)   --->   "%tmp_41 = fcmp_ogt  i32 %sum_25, i32 255" [filter.cpp:74->filter.cpp:152]   --->   Operation 666 'fcmp' 'tmp_41' <Predicate = true> <Delay = 5.43> <CoreInst = "FCompare">   --->   Core 19 'FCompare' <Latency = 1> <II = 1> <Delay = 5.43> <FuncUnit> <Opcode : 'fcmp'> <InPorts = 2> <OutPorts = 1>
ST_60 : Operation 667 [2/2] (5.43ns)   --->   "%tmp_44 = fcmp_olt  i32 %sum_26, i32 0" [filter.cpp:75->filter.cpp:152]   --->   Operation 667 'fcmp' 'tmp_44' <Predicate = true> <Delay = 5.43> <CoreInst = "FCompare">   --->   Core 19 'FCompare' <Latency = 1> <II = 1> <Delay = 5.43> <FuncUnit> <Opcode : 'fcmp'> <InPorts = 2> <OutPorts = 1>
ST_60 : Operation 668 [2/2] (5.43ns)   --->   "%tmp_45 = fcmp_ogt  i32 %sum_26, i32 255" [filter.cpp:75->filter.cpp:152]   --->   Operation 668 'fcmp' 'tmp_45' <Predicate = true> <Delay = 5.43> <CoreInst = "FCompare">   --->   Core 19 'FCompare' <Latency = 1> <II = 1> <Delay = 5.43> <FuncUnit> <Opcode : 'fcmp'> <InPorts = 2> <OutPorts = 1>

State 61 <SV = 60> <Delay = 6.40>
ST_61 : Operation 669 [1/1] (0.00ns)   --->   "%bitcast_ln73 = bitcast i32 %sum_24" [filter.cpp:73->filter.cpp:152]   --->   Operation 669 'bitcast' 'bitcast_ln73' <Predicate = true> <Delay = 0.00>
ST_61 : Operation 670 [1/1] (0.00ns)   --->   "%tmp_29 = partselect i8 @_ssdm_op_PartSelect.i8.i32.i32.i32, i32 %bitcast_ln73, i32 23, i32 30" [filter.cpp:73->filter.cpp:152]   --->   Operation 670 'partselect' 'tmp_29' <Predicate = true> <Delay = 0.00>
ST_61 : Operation 671 [1/1] (0.00ns)   --->   "%trunc_ln73 = trunc i32 %bitcast_ln73" [filter.cpp:73->filter.cpp:152]   --->   Operation 671 'trunc' 'trunc_ln73' <Predicate = true> <Delay = 0.00>
ST_61 : Operation 672 [1/1] (1.91ns)   --->   "%icmp_ln73 = icmp_ne  i8 %tmp_29, i8 255" [filter.cpp:73->filter.cpp:152]   --->   Operation 672 'icmp' 'icmp_ln73' <Predicate = true> <Delay = 1.91> <CoreInst = "Cmp">   --->   Core 9 'Cmp' <Latency = 0> <II = 1> <Delay = 1.91> <FuncUnit> <Opcode : 'seteq' 'setne' 'setle' 'setge' 'setlt' 'setgt'> <InPorts = 2> <OutPorts = 1>
ST_61 : Operation 673 [1/1] (2.28ns)   --->   "%icmp_ln73_1 = icmp_eq  i23 %trunc_ln73, i23 0" [filter.cpp:73->filter.cpp:152]   --->   Operation 673 'icmp' 'icmp_ln73_1' <Predicate = true> <Delay = 2.28> <CoreInst = "Cmp">   --->   Core 9 'Cmp' <Latency = 0> <II = 1> <Delay = 2.28> <FuncUnit> <Opcode : 'seteq' 'setne' 'setle' 'setge' 'setlt' 'setgt'> <InPorts = 2> <OutPorts = 1>
ST_61 : Operation 674 [1/1] (0.97ns)   --->   "%or_ln73 = or i1 %icmp_ln73_1, i1 %icmp_ln73" [filter.cpp:73->filter.cpp:152]   --->   Operation 674 'or' 'or_ln73' <Predicate = true> <Delay = 0.97> <CoreInst = "LogicGate">   --->   Core 74 'LogicGate' <Latency = 0> <II = 1> <Delay = 0.97> <FuncUnit> <Opcode : 'and' 'or' 'xor'> <InPorts = 2> <OutPorts = 1>
ST_61 : Operation 675 [1/2] (5.43ns)   --->   "%tmp_33 = fcmp_olt  i32 %sum_24, i32 0" [filter.cpp:73->filter.cpp:152]   --->   Operation 675 'fcmp' 'tmp_33' <Predicate = true> <Delay = 5.43> <CoreInst = "FCompare">   --->   Core 19 'FCompare' <Latency = 1> <II = 1> <Delay = 5.43> <FuncUnit> <Opcode : 'fcmp'> <InPorts = 2> <OutPorts = 1>
ST_61 : Operation 676 [1/1] (0.97ns)   --->   "%and_ln73 = and i1 %or_ln73, i1 %tmp_33" [filter.cpp:73->filter.cpp:152]   --->   Operation 676 'and' 'and_ln73' <Predicate = true> <Delay = 0.97> <CoreInst = "LogicGate">   --->   Core 74 'LogicGate' <Latency = 0> <II = 1> <Delay = 0.97> <FuncUnit> <Opcode : 'and' 'or' 'xor'> <InPorts = 2> <OutPorts = 1>
ST_61 : Operation 677 [1/2] (5.43ns)   --->   "%tmp_37 = fcmp_ogt  i32 %sum_24, i32 255" [filter.cpp:73->filter.cpp:152]   --->   Operation 677 'fcmp' 'tmp_37' <Predicate = true> <Delay = 5.43> <CoreInst = "FCompare">   --->   Core 19 'FCompare' <Latency = 1> <II = 1> <Delay = 5.43> <FuncUnit> <Opcode : 'fcmp'> <InPorts = 2> <OutPorts = 1>
ST_61 : Operation 678 [1/1] (0.00ns)   --->   "%bitcast_ln74 = bitcast i32 %sum_25" [filter.cpp:74->filter.cpp:152]   --->   Operation 678 'bitcast' 'bitcast_ln74' <Predicate = true> <Delay = 0.00>
ST_61 : Operation 679 [1/1] (0.00ns)   --->   "%tmp_39 = partselect i8 @_ssdm_op_PartSelect.i8.i32.i32.i32, i32 %bitcast_ln74, i32 23, i32 30" [filter.cpp:74->filter.cpp:152]   --->   Operation 679 'partselect' 'tmp_39' <Predicate = true> <Delay = 0.00>
ST_61 : Operation 680 [1/1] (0.00ns)   --->   "%trunc_ln74 = trunc i32 %bitcast_ln74" [filter.cpp:74->filter.cpp:152]   --->   Operation 680 'trunc' 'trunc_ln74' <Predicate = true> <Delay = 0.00>
ST_61 : Operation 681 [1/1] (1.91ns)   --->   "%icmp_ln74 = icmp_ne  i8 %tmp_39, i8 255" [filter.cpp:74->filter.cpp:152]   --->   Operation 681 'icmp' 'icmp_ln74' <Predicate = true> <Delay = 1.91> <CoreInst = "Cmp">   --->   Core 9 'Cmp' <Latency = 0> <II = 1> <Delay = 1.91> <FuncUnit> <Opcode : 'seteq' 'setne' 'setle' 'setge' 'setlt' 'setgt'> <InPorts = 2> <OutPorts = 1>
ST_61 : Operation 682 [1/1] (2.28ns)   --->   "%icmp_ln74_1 = icmp_eq  i23 %trunc_ln74, i23 0" [filter.cpp:74->filter.cpp:152]   --->   Operation 682 'icmp' 'icmp_ln74_1' <Predicate = true> <Delay = 2.28> <CoreInst = "Cmp">   --->   Core 9 'Cmp' <Latency = 0> <II = 1> <Delay = 2.28> <FuncUnit> <Opcode : 'seteq' 'setne' 'setle' 'setge' 'setlt' 'setgt'> <InPorts = 2> <OutPorts = 1>
ST_61 : Operation 683 [1/1] (0.97ns)   --->   "%or_ln74 = or i1 %icmp_ln74_1, i1 %icmp_ln74" [filter.cpp:74->filter.cpp:152]   --->   Operation 683 'or' 'or_ln74' <Predicate = true> <Delay = 0.97> <CoreInst = "LogicGate">   --->   Core 74 'LogicGate' <Latency = 0> <II = 1> <Delay = 0.97> <FuncUnit> <Opcode : 'and' 'or' 'xor'> <InPorts = 2> <OutPorts = 1>
ST_61 : Operation 684 [1/2] (5.43ns)   --->   "%tmp_40 = fcmp_olt  i32 %sum_25, i32 0" [filter.cpp:74->filter.cpp:152]   --->   Operation 684 'fcmp' 'tmp_40' <Predicate = true> <Delay = 5.43> <CoreInst = "FCompare">   --->   Core 19 'FCompare' <Latency = 1> <II = 1> <Delay = 5.43> <FuncUnit> <Opcode : 'fcmp'> <InPorts = 2> <OutPorts = 1>
ST_61 : Operation 685 [1/1] (0.97ns)   --->   "%and_ln74 = and i1 %or_ln74, i1 %tmp_40" [filter.cpp:74->filter.cpp:152]   --->   Operation 685 'and' 'and_ln74' <Predicate = true> <Delay = 0.97> <CoreInst = "LogicGate">   --->   Core 74 'LogicGate' <Latency = 0> <II = 1> <Delay = 0.97> <FuncUnit> <Opcode : 'and' 'or' 'xor'> <InPorts = 2> <OutPorts = 1>
ST_61 : Operation 686 [1/2] (5.43ns)   --->   "%tmp_41 = fcmp_ogt  i32 %sum_25, i32 255" [filter.cpp:74->filter.cpp:152]   --->   Operation 686 'fcmp' 'tmp_41' <Predicate = true> <Delay = 5.43> <CoreInst = "FCompare">   --->   Core 19 'FCompare' <Latency = 1> <II = 1> <Delay = 5.43> <FuncUnit> <Opcode : 'fcmp'> <InPorts = 2> <OutPorts = 1>
ST_61 : Operation 687 [1/1] (0.00ns)   --->   "%bitcast_ln75 = bitcast i32 %sum_26" [filter.cpp:75->filter.cpp:152]   --->   Operation 687 'bitcast' 'bitcast_ln75' <Predicate = true> <Delay = 0.00>
ST_61 : Operation 688 [1/1] (0.00ns)   --->   "%tmp_43 = partselect i8 @_ssdm_op_PartSelect.i8.i32.i32.i32, i32 %bitcast_ln75, i32 23, i32 30" [filter.cpp:75->filter.cpp:152]   --->   Operation 688 'partselect' 'tmp_43' <Predicate = true> <Delay = 0.00>
ST_61 : Operation 689 [1/1] (0.00ns)   --->   "%trunc_ln75 = trunc i32 %bitcast_ln75" [filter.cpp:75->filter.cpp:152]   --->   Operation 689 'trunc' 'trunc_ln75' <Predicate = true> <Delay = 0.00>
ST_61 : Operation 690 [1/1] (1.91ns)   --->   "%icmp_ln75 = icmp_ne  i8 %tmp_43, i8 255" [filter.cpp:75->filter.cpp:152]   --->   Operation 690 'icmp' 'icmp_ln75' <Predicate = true> <Delay = 1.91> <CoreInst = "Cmp">   --->   Core 9 'Cmp' <Latency = 0> <II = 1> <Delay = 1.91> <FuncUnit> <Opcode : 'seteq' 'setne' 'setle' 'setge' 'setlt' 'setgt'> <InPorts = 2> <OutPorts = 1>
ST_61 : Operation 691 [1/1] (2.28ns)   --->   "%icmp_ln75_1 = icmp_eq  i23 %trunc_ln75, i23 0" [filter.cpp:75->filter.cpp:152]   --->   Operation 691 'icmp' 'icmp_ln75_1' <Predicate = true> <Delay = 2.28> <CoreInst = "Cmp">   --->   Core 9 'Cmp' <Latency = 0> <II = 1> <Delay = 2.28> <FuncUnit> <Opcode : 'seteq' 'setne' 'setle' 'setge' 'setlt' 'setgt'> <InPorts = 2> <OutPorts = 1>
ST_61 : Operation 692 [1/1] (0.97ns)   --->   "%or_ln75 = or i1 %icmp_ln75_1, i1 %icmp_ln75" [filter.cpp:75->filter.cpp:152]   --->   Operation 692 'or' 'or_ln75' <Predicate = true> <Delay = 0.97> <CoreInst = "LogicGate">   --->   Core 74 'LogicGate' <Latency = 0> <II = 1> <Delay = 0.97> <FuncUnit> <Opcode : 'and' 'or' 'xor'> <InPorts = 2> <OutPorts = 1>
ST_61 : Operation 693 [1/2] (5.43ns)   --->   "%tmp_44 = fcmp_olt  i32 %sum_26, i32 0" [filter.cpp:75->filter.cpp:152]   --->   Operation 693 'fcmp' 'tmp_44' <Predicate = true> <Delay = 5.43> <CoreInst = "FCompare">   --->   Core 19 'FCompare' <Latency = 1> <II = 1> <Delay = 5.43> <FuncUnit> <Opcode : 'fcmp'> <InPorts = 2> <OutPorts = 1>
ST_61 : Operation 694 [1/1] (0.97ns)   --->   "%and_ln75 = and i1 %or_ln75, i1 %tmp_44" [filter.cpp:75->filter.cpp:152]   --->   Operation 694 'and' 'and_ln75' <Predicate = true> <Delay = 0.97> <CoreInst = "LogicGate">   --->   Core 74 'LogicGate' <Latency = 0> <II = 1> <Delay = 0.97> <FuncUnit> <Opcode : 'and' 'or' 'xor'> <InPorts = 2> <OutPorts = 1>
ST_61 : Operation 695 [1/2] (5.43ns)   --->   "%tmp_45 = fcmp_ogt  i32 %sum_26, i32 255" [filter.cpp:75->filter.cpp:152]   --->   Operation 695 'fcmp' 'tmp_45' <Predicate = true> <Delay = 5.43> <CoreInst = "FCompare">   --->   Core 19 'FCompare' <Latency = 1> <II = 1> <Delay = 5.43> <FuncUnit> <Opcode : 'fcmp'> <InPorts = 2> <OutPorts = 1>

State 62 <SV = 61> <Delay = 7.00>
ST_62 : Operation 696 [1/1] (0.00ns) (grouped into LUT with out node select_ln725_1)   --->   "%and_ln73_1 = and i1 %or_ln73, i1 %tmp_37" [filter.cpp:73->filter.cpp:152]   --->   Operation 696 'and' 'and_ln73_1' <Predicate = true> <Delay = 0.00> <CoreInst = "LogicGate">   --->   Core 74 'LogicGate' <Latency = 0> <II = 1> <Delay = 0.97> <FuncUnit> <Opcode : 'and' 'or' 'xor'> <InPorts = 2> <OutPorts = 1>
ST_62 : Operation 697 [1/1] (0.00ns) (grouped into LUT with out node select_ln725_1)   --->   "%select_ln725 = select i1 %and_ln73, i32 0, i32 1132396544" [filter.cpp:73->filter.cpp:152]   --->   Operation 697 'select' 'select_ln725' <Predicate = true> <Delay = 0.00> <CoreInst = "Sel">   --->   Core 73 'Sel' <Latency = 0> <II = 1> <Delay = 0.69> <FuncUnit> <Opcode : 'select'> <InPorts = 3> <OutPorts = 1>
ST_62 : Operation 698 [1/1] (0.00ns) (grouped into LUT with out node select_ln725_1)   --->   "%or_ln725 = or i1 %and_ln73, i1 %and_ln73_1" [filter.cpp:73->filter.cpp:152]   --->   Operation 698 'or' 'or_ln725' <Predicate = true> <Delay = 0.00> <CoreInst = "LogicGate">   --->   Core 74 'LogicGate' <Latency = 0> <II = 1> <Delay = 0.97> <FuncUnit> <Opcode : 'and' 'or' 'xor'> <InPorts = 2> <OutPorts = 1>
ST_62 : Operation 699 [1/1] (0.97ns) (out node of the LUT)   --->   "%select_ln725_1 = select i1 %or_ln725, i32 %select_ln725, i32 %bitcast_ln73" [filter.cpp:73->filter.cpp:152]   --->   Operation 699 'select' 'select_ln725_1' <Predicate = true> <Delay = 0.97> <CoreInst = "Sel">   --->   Core 73 'Sel' <Latency = 0> <II = 1> <Delay = 0.69> <FuncUnit> <Opcode : 'select'> <InPorts = 3> <OutPorts = 1>
ST_62 : Operation 700 [1/1] (0.00ns)   --->   "%trunc_ln299 = trunc i32 %select_ln725_1" [filter.cpp:73->filter.cpp:152]   --->   Operation 700 'trunc' 'trunc_ln299' <Predicate = true> <Delay = 0.00>
ST_62 : Operation 701 [1/1] (0.00ns)   --->   "%tmp_51 = bitselect i1 @_ssdm_op_BitSelect.i1.i32.i32, i32 %select_ln725_1, i32 31" [filter.cpp:73->filter.cpp:152]   --->   Operation 701 'bitselect' 'tmp_51' <Predicate = true> <Delay = 0.00>
ST_62 : Operation 702 [1/1] (0.00ns)   --->   "%tmp_27 = partselect i8 @_ssdm_op_PartSelect.i8.i32.i32, i32 %select_ln725_1, i32 23" [filter.cpp:73->filter.cpp:152]   --->   Operation 702 'partselect' 'tmp_27' <Predicate = true> <Delay = 0.00>
ST_62 : Operation 703 [1/1] (0.00ns)   --->   "%zext_ln299 = zext i8 %tmp_27" [filter.cpp:73->filter.cpp:152]   --->   Operation 703 'zext' 'zext_ln299' <Predicate = true> <Delay = 0.00>
ST_62 : Operation 704 [1/1] (0.00ns)   --->   "%trunc_ln299_1 = trunc i32 %select_ln725_1" [filter.cpp:73->filter.cpp:152]   --->   Operation 704 'trunc' 'trunc_ln299_1' <Predicate = true> <Delay = 0.00>
ST_62 : Operation 705 [1/1] (0.00ns)   --->   "%trunc_ln299_2 = trunc i32 %select_ln725_1" [filter.cpp:73->filter.cpp:152]   --->   Operation 705 'trunc' 'trunc_ln299_2' <Predicate = true> <Delay = 0.00>
ST_62 : Operation 706 [1/1] (0.00ns)   --->   "%zext_ln299_1_cast = bitconcatenate i24 @_ssdm_op_BitConcatenate.i24.i1.i23, i1 1, i23 %trunc_ln299_1" [filter.cpp:73->filter.cpp:152]   --->   Operation 706 'bitconcatenate' 'zext_ln299_1_cast' <Predicate = true> <Delay = 0.00>
ST_62 : Operation 707 [1/1] (2.52ns)   --->   "%icmp_ln299 = icmp_eq  i31 %trunc_ln299, i31 0" [filter.cpp:73->filter.cpp:152]   --->   Operation 707 'icmp' 'icmp_ln299' <Predicate = true> <Delay = 2.52> <CoreInst = "Cmp">   --->   Core 9 'Cmp' <Latency = 0> <II = 1> <Delay = 2.52> <FuncUnit> <Opcode : 'seteq' 'setne' 'setle' 'setge' 'setlt' 'setgt'> <InPorts = 2> <OutPorts = 1>
ST_62 : Operation 708 [1/1] (1.82ns)   --->   "%sub_ln299 = sub i9 150, i9 %zext_ln299" [filter.cpp:73->filter.cpp:152]   --->   Operation 708 'sub' 'sub_ln299' <Predicate = true> <Delay = 1.82> <CoreInst = "Adder">   --->   Core 1 'Adder' <Latency = 0> <II = 1> <Delay = 1.82> <FuncUnit> <Opcode : 'add' 'sub'> <InPorts = 2> <OutPorts = 1>
ST_62 : Operation 709 [1/1] (0.00ns)   --->   "%sext_ln299 = sext i9 %sub_ln299" [filter.cpp:73->filter.cpp:152]   --->   Operation 709 'sext' 'sext_ln299' <Predicate = true> <Delay = 0.00>
ST_62 : Operation 710 [1/1] (1.91ns)   --->   "%icmp_ln299_1 = icmp_eq  i8 %tmp_27, i8 150" [filter.cpp:73->filter.cpp:152]   --->   Operation 710 'icmp' 'icmp_ln299_1' <Predicate = true> <Delay = 1.91> <CoreInst = "Cmp">   --->   Core 9 'Cmp' <Latency = 0> <II = 1> <Delay = 1.91> <FuncUnit> <Opcode : 'seteq' 'setne' 'setle' 'setge' 'setlt' 'setgt'> <InPorts = 2> <OutPorts = 1>
ST_62 : Operation 711 [1/1] (1.82ns)   --->   "%icmp_ln299_2 = icmp_sgt  i9 %sub_ln299, i9 0" [filter.cpp:73->filter.cpp:152]   --->   Operation 711 'icmp' 'icmp_ln299_2' <Predicate = true> <Delay = 1.82> <CoreInst = "Cmp">   --->   Core 9 'Cmp' <Latency = 0> <II = 1> <Delay = 1.82> <FuncUnit> <Opcode : 'seteq' 'setne' 'setle' 'setge' 'setlt' 'setgt'> <InPorts = 2> <OutPorts = 1>
ST_62 : Operation 712 [1/1] (1.82ns)   --->   "%icmp_ln299_3 = icmp_slt  i9 %sub_ln299, i9 25" [filter.cpp:73->filter.cpp:152]   --->   Operation 712 'icmp' 'icmp_ln299_3' <Predicate = true> <Delay = 1.82> <CoreInst = "Cmp">   --->   Core 9 'Cmp' <Latency = 0> <II = 1> <Delay = 1.82> <FuncUnit> <Opcode : 'seteq' 'setne' 'setle' 'setge' 'setlt' 'setgt'> <InPorts = 2> <OutPorts = 1>
ST_62 : Operation 713 [1/1] (0.00ns)   --->   "%zext_ln299_1 = zext i24 %zext_ln299_1_cast" [filter.cpp:73->filter.cpp:152]   --->   Operation 713 'zext' 'zext_ln299_1' <Predicate = true> <Delay = 0.00>
ST_62 : Operation 714 [1/1] (4.20ns)   --->   "%lshr_ln299 = lshr i32 %zext_ln299_1, i32 %sext_ln299" [filter.cpp:73->filter.cpp:152]   --->   Operation 714 'lshr' 'lshr_ln299' <Predicate = true> <Delay = 4.20> <CoreInst = "Shifter">   --->   Core 75 'Shifter' <Latency = 0> <II = 1> <Delay = 4.20> <FuncUnit> <Opcode : 'shl' 'lshr' 'ashr'> <InPorts = 2> <OutPorts = 1>
ST_62 : Operation 715 [1/1] (0.00ns)   --->   "%trunc_ln299_3 = trunc i32 %lshr_ln299" [filter.cpp:73->filter.cpp:152]   --->   Operation 715 'trunc' 'trunc_ln299_3' <Predicate = true> <Delay = 0.00>
ST_62 : Operation 716 [1/1] (1.82ns)   --->   "%sub_ln299_1 = sub i9 0, i9 %sub_ln299" [filter.cpp:73->filter.cpp:152]   --->   Operation 716 'sub' 'sub_ln299_1' <Predicate = true> <Delay = 1.82> <CoreInst = "Adder">   --->   Core 1 'Adder' <Latency = 0> <II = 1> <Delay = 1.82> <FuncUnit> <Opcode : 'add' 'sub'> <InPorts = 2> <OutPorts = 1>
ST_62 : Operation 717 [1/1] (0.00ns)   --->   "%sext_ln299_1 = sext i9 %sub_ln299_1" [filter.cpp:73->filter.cpp:152]   --->   Operation 717 'sext' 'sext_ln299_1' <Predicate = true> <Delay = 0.00>
ST_62 : Operation 718 [1/1] (0.00ns)   --->   "%tmp_52 = partselect i6 @_ssdm_op_PartSelect.i6.i9.i32.i32, i9 %sub_ln299_1, i32 3, i32 8" [filter.cpp:73->filter.cpp:152]   --->   Operation 718 'partselect' 'tmp_52' <Predicate = true> <Delay = 0.00>
ST_62 : Operation 719 [1/1] (1.82ns)   --->   "%icmp_ln299_4 = icmp_slt  i6 %tmp_52, i6 1" [filter.cpp:73->filter.cpp:152]   --->   Operation 719 'icmp' 'icmp_ln299_4' <Predicate = true> <Delay = 1.82> <CoreInst = "Cmp">   --->   Core 9 'Cmp' <Latency = 0> <II = 1> <Delay = 1.82> <FuncUnit> <Opcode : 'seteq' 'setne' 'setle' 'setge' 'setlt' 'setgt'> <InPorts = 2> <OutPorts = 1>
ST_62 : Operation 720 [1/1] (0.00ns)   --->   "%sext_ln299_1cast = trunc i32 %sext_ln299_1" [filter.cpp:73->filter.cpp:152]   --->   Operation 720 'trunc' 'sext_ln299_1cast' <Predicate = true> <Delay = 0.00>
ST_62 : Operation 721 [1/1] (0.00ns) (grouped into LUT with out node and_ln299_1)   --->   "%or_ln299 = or i1 %icmp_ln299, i1 %icmp_ln299_1" [filter.cpp:73->filter.cpp:152]   --->   Operation 721 'or' 'or_ln299' <Predicate = true> <Delay = 0.00> <CoreInst = "LogicGate">   --->   Core 74 'LogicGate' <Latency = 0> <II = 1> <Delay = 0.97> <FuncUnit> <Opcode : 'and' 'or' 'xor'> <InPorts = 2> <OutPorts = 1>
ST_62 : Operation 722 [1/1] (0.00ns) (grouped into LUT with out node and_ln299_1)   --->   "%xor_ln299_1 = xor i1 %or_ln299, i1 1" [filter.cpp:73->filter.cpp:152]   --->   Operation 722 'xor' 'xor_ln299_1' <Predicate = true> <Delay = 0.00> <CoreInst = "LogicGate">   --->   Core 74 'LogicGate' <Latency = 0> <II = 1> <Delay = 0.97> <FuncUnit> <Opcode : 'and' 'or' 'xor'> <InPorts = 2> <OutPorts = 1>
ST_62 : Operation 723 [1/1] (0.97ns) (out node of the LUT)   --->   "%and_ln299_1 = and i1 %icmp_ln299_2, i1 %xor_ln299_1" [filter.cpp:73->filter.cpp:152]   --->   Operation 723 'and' 'and_ln299_1' <Predicate = true> <Delay = 0.97> <CoreInst = "LogicGate">   --->   Core 74 'LogicGate' <Latency = 0> <II = 1> <Delay = 0.97> <FuncUnit> <Opcode : 'and' 'or' 'xor'> <InPorts = 2> <OutPorts = 1>
ST_62 : Operation 724 [1/1] (0.00ns) (grouped into LUT with out node select_ln725_3)   --->   "%and_ln74_1 = and i1 %or_ln74, i1 %tmp_41" [filter.cpp:74->filter.cpp:152]   --->   Operation 724 'and' 'and_ln74_1' <Predicate = true> <Delay = 0.00> <CoreInst = "LogicGate">   --->   Core 74 'LogicGate' <Latency = 0> <II = 1> <Delay = 0.97> <FuncUnit> <Opcode : 'and' 'or' 'xor'> <InPorts = 2> <OutPorts = 1>
ST_62 : Operation 725 [1/1] (0.00ns) (grouped into LUT with out node select_ln725_3)   --->   "%select_ln725_2 = select i1 %and_ln74, i32 0, i32 1132396544" [filter.cpp:74->filter.cpp:152]   --->   Operation 725 'select' 'select_ln725_2' <Predicate = true> <Delay = 0.00> <CoreInst = "Sel">   --->   Core 73 'Sel' <Latency = 0> <II = 1> <Delay = 0.69> <FuncUnit> <Opcode : 'select'> <InPorts = 3> <OutPorts = 1>
ST_62 : Operation 726 [1/1] (0.00ns) (grouped into LUT with out node select_ln725_3)   --->   "%or_ln725_1 = or i1 %and_ln74, i1 %and_ln74_1" [filter.cpp:74->filter.cpp:152]   --->   Operation 726 'or' 'or_ln725_1' <Predicate = true> <Delay = 0.00> <CoreInst = "LogicGate">   --->   Core 74 'LogicGate' <Latency = 0> <II = 1> <Delay = 0.97> <FuncUnit> <Opcode : 'and' 'or' 'xor'> <InPorts = 2> <OutPorts = 1>
ST_62 : Operation 727 [1/1] (0.97ns) (out node of the LUT)   --->   "%select_ln725_3 = select i1 %or_ln725_1, i32 %select_ln725_2, i32 %bitcast_ln74" [filter.cpp:74->filter.cpp:152]   --->   Operation 727 'select' 'select_ln725_3' <Predicate = true> <Delay = 0.97> <CoreInst = "Sel">   --->   Core 73 'Sel' <Latency = 0> <II = 1> <Delay = 0.69> <FuncUnit> <Opcode : 'select'> <InPorts = 3> <OutPorts = 1>
ST_62 : Operation 728 [1/1] (0.00ns)   --->   "%trunc_ln299_5 = trunc i32 %select_ln725_3" [filter.cpp:74->filter.cpp:152]   --->   Operation 728 'trunc' 'trunc_ln299_5' <Predicate = true> <Delay = 0.00>
ST_62 : Operation 729 [1/1] (0.00ns)   --->   "%tmp_53 = bitselect i1 @_ssdm_op_BitSelect.i1.i32.i32, i32 %select_ln725_3, i32 31" [filter.cpp:74->filter.cpp:152]   --->   Operation 729 'bitselect' 'tmp_53' <Predicate = true> <Delay = 0.00>
ST_62 : Operation 730 [1/1] (0.00ns)   --->   "%tmp_31 = partselect i8 @_ssdm_op_PartSelect.i8.i32.i32, i32 %select_ln725_3, i32 23" [filter.cpp:74->filter.cpp:152]   --->   Operation 730 'partselect' 'tmp_31' <Predicate = true> <Delay = 0.00>
ST_62 : Operation 731 [1/1] (0.00ns)   --->   "%zext_ln299_3 = zext i8 %tmp_31" [filter.cpp:74->filter.cpp:152]   --->   Operation 731 'zext' 'zext_ln299_3' <Predicate = true> <Delay = 0.00>
ST_62 : Operation 732 [1/1] (0.00ns)   --->   "%trunc_ln299_6 = trunc i32 %select_ln725_3" [filter.cpp:74->filter.cpp:152]   --->   Operation 732 'trunc' 'trunc_ln299_6' <Predicate = true> <Delay = 0.00>
ST_62 : Operation 733 [1/1] (0.00ns)   --->   "%trunc_ln299_7 = trunc i32 %select_ln725_3" [filter.cpp:74->filter.cpp:152]   --->   Operation 733 'trunc' 'trunc_ln299_7' <Predicate = true> <Delay = 0.00>
ST_62 : Operation 734 [1/1] (0.00ns)   --->   "%zext_ln299_4_cast = bitconcatenate i24 @_ssdm_op_BitConcatenate.i24.i1.i23, i1 1, i23 %trunc_ln299_6" [filter.cpp:74->filter.cpp:152]   --->   Operation 734 'bitconcatenate' 'zext_ln299_4_cast' <Predicate = true> <Delay = 0.00>
ST_62 : Operation 735 [1/1] (2.52ns)   --->   "%icmp_ln299_5 = icmp_eq  i31 %trunc_ln299_5, i31 0" [filter.cpp:74->filter.cpp:152]   --->   Operation 735 'icmp' 'icmp_ln299_5' <Predicate = true> <Delay = 2.52> <CoreInst = "Cmp">   --->   Core 9 'Cmp' <Latency = 0> <II = 1> <Delay = 2.52> <FuncUnit> <Opcode : 'seteq' 'setne' 'setle' 'setge' 'setlt' 'setgt'> <InPorts = 2> <OutPorts = 1>
ST_62 : Operation 736 [1/1] (1.82ns)   --->   "%sub_ln299_3 = sub i9 150, i9 %zext_ln299_3" [filter.cpp:74->filter.cpp:152]   --->   Operation 736 'sub' 'sub_ln299_3' <Predicate = true> <Delay = 1.82> <CoreInst = "Adder">   --->   Core 1 'Adder' <Latency = 0> <II = 1> <Delay = 1.82> <FuncUnit> <Opcode : 'add' 'sub'> <InPorts = 2> <OutPorts = 1>
ST_62 : Operation 737 [1/1] (0.00ns)   --->   "%sext_ln299_2 = sext i9 %sub_ln299_3" [filter.cpp:74->filter.cpp:152]   --->   Operation 737 'sext' 'sext_ln299_2' <Predicate = true> <Delay = 0.00>
ST_62 : Operation 738 [1/1] (1.91ns)   --->   "%icmp_ln299_6 = icmp_eq  i8 %tmp_31, i8 150" [filter.cpp:74->filter.cpp:152]   --->   Operation 738 'icmp' 'icmp_ln299_6' <Predicate = true> <Delay = 1.91> <CoreInst = "Cmp">   --->   Core 9 'Cmp' <Latency = 0> <II = 1> <Delay = 1.91> <FuncUnit> <Opcode : 'seteq' 'setne' 'setle' 'setge' 'setlt' 'setgt'> <InPorts = 2> <OutPorts = 1>
ST_62 : Operation 739 [1/1] (1.82ns)   --->   "%icmp_ln299_7 = icmp_sgt  i9 %sub_ln299_3, i9 0" [filter.cpp:74->filter.cpp:152]   --->   Operation 739 'icmp' 'icmp_ln299_7' <Predicate = true> <Delay = 1.82> <CoreInst = "Cmp">   --->   Core 9 'Cmp' <Latency = 0> <II = 1> <Delay = 1.82> <FuncUnit> <Opcode : 'seteq' 'setne' 'setle' 'setge' 'setlt' 'setgt'> <InPorts = 2> <OutPorts = 1>
ST_62 : Operation 740 [1/1] (1.82ns)   --->   "%icmp_ln299_8 = icmp_slt  i9 %sub_ln299_3, i9 25" [filter.cpp:74->filter.cpp:152]   --->   Operation 740 'icmp' 'icmp_ln299_8' <Predicate = true> <Delay = 1.82> <CoreInst = "Cmp">   --->   Core 9 'Cmp' <Latency = 0> <II = 1> <Delay = 1.82> <FuncUnit> <Opcode : 'seteq' 'setne' 'setle' 'setge' 'setlt' 'setgt'> <InPorts = 2> <OutPorts = 1>
ST_62 : Operation 741 [1/1] (0.00ns)   --->   "%zext_ln299_4 = zext i24 %zext_ln299_4_cast" [filter.cpp:74->filter.cpp:152]   --->   Operation 741 'zext' 'zext_ln299_4' <Predicate = true> <Delay = 0.00>
ST_62 : Operation 742 [1/1] (4.20ns)   --->   "%lshr_ln299_1 = lshr i32 %zext_ln299_4, i32 %sext_ln299_2" [filter.cpp:74->filter.cpp:152]   --->   Operation 742 'lshr' 'lshr_ln299_1' <Predicate = true> <Delay = 4.20> <CoreInst = "Shifter">   --->   Core 75 'Shifter' <Latency = 0> <II = 1> <Delay = 4.20> <FuncUnit> <Opcode : 'shl' 'lshr' 'ashr'> <InPorts = 2> <OutPorts = 1>
ST_62 : Operation 743 [1/1] (0.00ns)   --->   "%trunc_ln299_8 = trunc i32 %lshr_ln299_1" [filter.cpp:74->filter.cpp:152]   --->   Operation 743 'trunc' 'trunc_ln299_8' <Predicate = true> <Delay = 0.00>
ST_62 : Operation 744 [1/1] (1.82ns)   --->   "%sub_ln299_4 = sub i9 0, i9 %sub_ln299_3" [filter.cpp:74->filter.cpp:152]   --->   Operation 744 'sub' 'sub_ln299_4' <Predicate = true> <Delay = 1.82> <CoreInst = "Adder">   --->   Core 1 'Adder' <Latency = 0> <II = 1> <Delay = 1.82> <FuncUnit> <Opcode : 'add' 'sub'> <InPorts = 2> <OutPorts = 1>
ST_62 : Operation 745 [1/1] (0.00ns)   --->   "%sext_ln299_3 = sext i9 %sub_ln299_4" [filter.cpp:74->filter.cpp:152]   --->   Operation 745 'sext' 'sext_ln299_3' <Predicate = true> <Delay = 0.00>
ST_62 : Operation 746 [1/1] (0.00ns)   --->   "%tmp_54 = partselect i6 @_ssdm_op_PartSelect.i6.i9.i32.i32, i9 %sub_ln299_4, i32 3, i32 8" [filter.cpp:74->filter.cpp:152]   --->   Operation 746 'partselect' 'tmp_54' <Predicate = true> <Delay = 0.00>
ST_62 : Operation 747 [1/1] (1.82ns)   --->   "%icmp_ln299_9 = icmp_slt  i6 %tmp_54, i6 1" [filter.cpp:74->filter.cpp:152]   --->   Operation 747 'icmp' 'icmp_ln299_9' <Predicate = true> <Delay = 1.82> <CoreInst = "Cmp">   --->   Core 9 'Cmp' <Latency = 0> <II = 1> <Delay = 1.82> <FuncUnit> <Opcode : 'seteq' 'setne' 'setle' 'setge' 'setlt' 'setgt'> <InPorts = 2> <OutPorts = 1>
ST_62 : Operation 748 [1/1] (0.00ns)   --->   "%sext_ln299_3cast = trunc i32 %sext_ln299_3" [filter.cpp:74->filter.cpp:152]   --->   Operation 748 'trunc' 'sext_ln299_3cast' <Predicate = true> <Delay = 0.00>
ST_62 : Operation 749 [1/1] (0.00ns) (grouped into LUT with out node and_ln299_3)   --->   "%or_ln299_1 = or i1 %icmp_ln299_5, i1 %icmp_ln299_6" [filter.cpp:74->filter.cpp:152]   --->   Operation 749 'or' 'or_ln299_1' <Predicate = true> <Delay = 0.00> <CoreInst = "LogicGate">   --->   Core 74 'LogicGate' <Latency = 0> <II = 1> <Delay = 0.97> <FuncUnit> <Opcode : 'and' 'or' 'xor'> <InPorts = 2> <OutPorts = 1>
ST_62 : Operation 750 [1/1] (0.00ns) (grouped into LUT with out node and_ln299_3)   --->   "%xor_ln299_3 = xor i1 %or_ln299_1, i1 1" [filter.cpp:74->filter.cpp:152]   --->   Operation 750 'xor' 'xor_ln299_3' <Predicate = true> <Delay = 0.00> <CoreInst = "LogicGate">   --->   Core 74 'LogicGate' <Latency = 0> <II = 1> <Delay = 0.97> <FuncUnit> <Opcode : 'and' 'or' 'xor'> <InPorts = 2> <OutPorts = 1>
ST_62 : Operation 751 [1/1] (0.97ns) (out node of the LUT)   --->   "%and_ln299_3 = and i1 %icmp_ln299_7, i1 %xor_ln299_3" [filter.cpp:74->filter.cpp:152]   --->   Operation 751 'and' 'and_ln299_3' <Predicate = true> <Delay = 0.97> <CoreInst = "LogicGate">   --->   Core 74 'LogicGate' <Latency = 0> <II = 1> <Delay = 0.97> <FuncUnit> <Opcode : 'and' 'or' 'xor'> <InPorts = 2> <OutPorts = 1>
ST_62 : Operation 752 [1/1] (0.00ns) (grouped into LUT with out node select_ln725_5)   --->   "%and_ln75_1 = and i1 %or_ln75, i1 %tmp_45" [filter.cpp:75->filter.cpp:152]   --->   Operation 752 'and' 'and_ln75_1' <Predicate = true> <Delay = 0.00> <CoreInst = "LogicGate">   --->   Core 74 'LogicGate' <Latency = 0> <II = 1> <Delay = 0.97> <FuncUnit> <Opcode : 'and' 'or' 'xor'> <InPorts = 2> <OutPorts = 1>
ST_62 : Operation 753 [1/1] (0.00ns) (grouped into LUT with out node select_ln725_5)   --->   "%select_ln725_4 = select i1 %and_ln75, i32 0, i32 1132396544" [filter.cpp:75->filter.cpp:152]   --->   Operation 753 'select' 'select_ln725_4' <Predicate = true> <Delay = 0.00> <CoreInst = "Sel">   --->   Core 73 'Sel' <Latency = 0> <II = 1> <Delay = 0.69> <FuncUnit> <Opcode : 'select'> <InPorts = 3> <OutPorts = 1>
ST_62 : Operation 754 [1/1] (0.00ns) (grouped into LUT with out node select_ln725_5)   --->   "%or_ln725_2 = or i1 %and_ln75, i1 %and_ln75_1" [filter.cpp:75->filter.cpp:152]   --->   Operation 754 'or' 'or_ln725_2' <Predicate = true> <Delay = 0.00> <CoreInst = "LogicGate">   --->   Core 74 'LogicGate' <Latency = 0> <II = 1> <Delay = 0.97> <FuncUnit> <Opcode : 'and' 'or' 'xor'> <InPorts = 2> <OutPorts = 1>
ST_62 : Operation 755 [1/1] (0.97ns) (out node of the LUT)   --->   "%select_ln725_5 = select i1 %or_ln725_2, i32 %select_ln725_4, i32 %bitcast_ln75" [filter.cpp:75->filter.cpp:152]   --->   Operation 755 'select' 'select_ln725_5' <Predicate = true> <Delay = 0.97> <CoreInst = "Sel">   --->   Core 73 'Sel' <Latency = 0> <II = 1> <Delay = 0.69> <FuncUnit> <Opcode : 'select'> <InPorts = 3> <OutPorts = 1>
ST_62 : Operation 756 [1/1] (0.00ns)   --->   "%trunc_ln299_10 = trunc i32 %select_ln725_5" [filter.cpp:75->filter.cpp:152]   --->   Operation 756 'trunc' 'trunc_ln299_10' <Predicate = true> <Delay = 0.00>
ST_62 : Operation 757 [1/1] (0.00ns)   --->   "%tmp_55 = bitselect i1 @_ssdm_op_BitSelect.i1.i32.i32, i32 %select_ln725_5, i32 31" [filter.cpp:75->filter.cpp:152]   --->   Operation 757 'bitselect' 'tmp_55' <Predicate = true> <Delay = 0.00>
ST_62 : Operation 758 [1/1] (0.00ns)   --->   "%tmp_35 = partselect i8 @_ssdm_op_PartSelect.i8.i32.i32, i32 %select_ln725_5, i32 23" [filter.cpp:75->filter.cpp:152]   --->   Operation 758 'partselect' 'tmp_35' <Predicate = true> <Delay = 0.00>
ST_62 : Operation 759 [1/1] (0.00ns)   --->   "%zext_ln299_6 = zext i8 %tmp_35" [filter.cpp:75->filter.cpp:152]   --->   Operation 759 'zext' 'zext_ln299_6' <Predicate = true> <Delay = 0.00>
ST_62 : Operation 760 [1/1] (0.00ns)   --->   "%trunc_ln299_11 = trunc i32 %select_ln725_5" [filter.cpp:75->filter.cpp:152]   --->   Operation 760 'trunc' 'trunc_ln299_11' <Predicate = true> <Delay = 0.00>
ST_62 : Operation 761 [1/1] (0.00ns)   --->   "%trunc_ln299_12 = trunc i32 %select_ln725_5" [filter.cpp:75->filter.cpp:152]   --->   Operation 761 'trunc' 'trunc_ln299_12' <Predicate = true> <Delay = 0.00>
ST_62 : Operation 762 [1/1] (0.00ns)   --->   "%zext_ln299_7_cast = bitconcatenate i24 @_ssdm_op_BitConcatenate.i24.i1.i23, i1 1, i23 %trunc_ln299_11" [filter.cpp:75->filter.cpp:152]   --->   Operation 762 'bitconcatenate' 'zext_ln299_7_cast' <Predicate = true> <Delay = 0.00>
ST_62 : Operation 763 [1/1] (2.52ns)   --->   "%icmp_ln299_10 = icmp_eq  i31 %trunc_ln299_10, i31 0" [filter.cpp:75->filter.cpp:152]   --->   Operation 763 'icmp' 'icmp_ln299_10' <Predicate = true> <Delay = 2.52> <CoreInst = "Cmp">   --->   Core 9 'Cmp' <Latency = 0> <II = 1> <Delay = 2.52> <FuncUnit> <Opcode : 'seteq' 'setne' 'setle' 'setge' 'setlt' 'setgt'> <InPorts = 2> <OutPorts = 1>
ST_62 : Operation 764 [1/1] (1.82ns)   --->   "%sub_ln299_6 = sub i9 150, i9 %zext_ln299_6" [filter.cpp:75->filter.cpp:152]   --->   Operation 764 'sub' 'sub_ln299_6' <Predicate = true> <Delay = 1.82> <CoreInst = "Adder">   --->   Core 1 'Adder' <Latency = 0> <II = 1> <Delay = 1.82> <FuncUnit> <Opcode : 'add' 'sub'> <InPorts = 2> <OutPorts = 1>
ST_62 : Operation 765 [1/1] (0.00ns)   --->   "%sext_ln299_4 = sext i9 %sub_ln299_6" [filter.cpp:75->filter.cpp:152]   --->   Operation 765 'sext' 'sext_ln299_4' <Predicate = true> <Delay = 0.00>
ST_62 : Operation 766 [1/1] (1.91ns)   --->   "%icmp_ln299_11 = icmp_eq  i8 %tmp_35, i8 150" [filter.cpp:75->filter.cpp:152]   --->   Operation 766 'icmp' 'icmp_ln299_11' <Predicate = true> <Delay = 1.91> <CoreInst = "Cmp">   --->   Core 9 'Cmp' <Latency = 0> <II = 1> <Delay = 1.91> <FuncUnit> <Opcode : 'seteq' 'setne' 'setle' 'setge' 'setlt' 'setgt'> <InPorts = 2> <OutPorts = 1>
ST_62 : Operation 767 [1/1] (1.82ns)   --->   "%icmp_ln299_12 = icmp_sgt  i9 %sub_ln299_6, i9 0" [filter.cpp:75->filter.cpp:152]   --->   Operation 767 'icmp' 'icmp_ln299_12' <Predicate = true> <Delay = 1.82> <CoreInst = "Cmp">   --->   Core 9 'Cmp' <Latency = 0> <II = 1> <Delay = 1.82> <FuncUnit> <Opcode : 'seteq' 'setne' 'setle' 'setge' 'setlt' 'setgt'> <InPorts = 2> <OutPorts = 1>
ST_62 : Operation 768 [1/1] (1.82ns)   --->   "%icmp_ln299_13 = icmp_slt  i9 %sub_ln299_6, i9 25" [filter.cpp:75->filter.cpp:152]   --->   Operation 768 'icmp' 'icmp_ln299_13' <Predicate = true> <Delay = 1.82> <CoreInst = "Cmp">   --->   Core 9 'Cmp' <Latency = 0> <II = 1> <Delay = 1.82> <FuncUnit> <Opcode : 'seteq' 'setne' 'setle' 'setge' 'setlt' 'setgt'> <InPorts = 2> <OutPorts = 1>
ST_62 : Operation 769 [1/1] (0.00ns)   --->   "%zext_ln299_7 = zext i24 %zext_ln299_7_cast" [filter.cpp:75->filter.cpp:152]   --->   Operation 769 'zext' 'zext_ln299_7' <Predicate = true> <Delay = 0.00>
ST_62 : Operation 770 [1/1] (4.20ns)   --->   "%lshr_ln299_2 = lshr i32 %zext_ln299_7, i32 %sext_ln299_4" [filter.cpp:75->filter.cpp:152]   --->   Operation 770 'lshr' 'lshr_ln299_2' <Predicate = true> <Delay = 4.20> <CoreInst = "Shifter">   --->   Core 75 'Shifter' <Latency = 0> <II = 1> <Delay = 4.20> <FuncUnit> <Opcode : 'shl' 'lshr' 'ashr'> <InPorts = 2> <OutPorts = 1>
ST_62 : Operation 771 [1/1] (0.00ns)   --->   "%trunc_ln299_13 = trunc i32 %lshr_ln299_2" [filter.cpp:75->filter.cpp:152]   --->   Operation 771 'trunc' 'trunc_ln299_13' <Predicate = true> <Delay = 0.00>
ST_62 : Operation 772 [1/1] (1.82ns)   --->   "%sub_ln299_7 = sub i9 0, i9 %sub_ln299_6" [filter.cpp:75->filter.cpp:152]   --->   Operation 772 'sub' 'sub_ln299_7' <Predicate = true> <Delay = 1.82> <CoreInst = "Adder">   --->   Core 1 'Adder' <Latency = 0> <II = 1> <Delay = 1.82> <FuncUnit> <Opcode : 'add' 'sub'> <InPorts = 2> <OutPorts = 1>
ST_62 : Operation 773 [1/1] (0.00ns)   --->   "%sext_ln299_5 = sext i9 %sub_ln299_7" [filter.cpp:75->filter.cpp:152]   --->   Operation 773 'sext' 'sext_ln299_5' <Predicate = true> <Delay = 0.00>
ST_62 : Operation 774 [1/1] (0.00ns)   --->   "%tmp_56 = partselect i6 @_ssdm_op_PartSelect.i6.i9.i32.i32, i9 %sub_ln299_7, i32 3, i32 8" [filter.cpp:75->filter.cpp:152]   --->   Operation 774 'partselect' 'tmp_56' <Predicate = true> <Delay = 0.00>
ST_62 : Operation 775 [1/1] (1.82ns)   --->   "%icmp_ln299_14 = icmp_slt  i6 %tmp_56, i6 1" [filter.cpp:75->filter.cpp:152]   --->   Operation 775 'icmp' 'icmp_ln299_14' <Predicate = true> <Delay = 1.82> <CoreInst = "Cmp">   --->   Core 9 'Cmp' <Latency = 0> <II = 1> <Delay = 1.82> <FuncUnit> <Opcode : 'seteq' 'setne' 'setle' 'setge' 'setlt' 'setgt'> <InPorts = 2> <OutPorts = 1>
ST_62 : Operation 776 [1/1] (0.00ns)   --->   "%sext_ln299_5cast = trunc i32 %sext_ln299_5" [filter.cpp:75->filter.cpp:152]   --->   Operation 776 'trunc' 'sext_ln299_5cast' <Predicate = true> <Delay = 0.00>
ST_62 : Operation 777 [1/1] (0.00ns) (grouped into LUT with out node and_ln299_5)   --->   "%or_ln299_2 = or i1 %icmp_ln299_10, i1 %icmp_ln299_11" [filter.cpp:75->filter.cpp:152]   --->   Operation 777 'or' 'or_ln299_2' <Predicate = true> <Delay = 0.00> <CoreInst = "LogicGate">   --->   Core 74 'LogicGate' <Latency = 0> <II = 1> <Delay = 0.97> <FuncUnit> <Opcode : 'and' 'or' 'xor'> <InPorts = 2> <OutPorts = 1>
ST_62 : Operation 778 [1/1] (0.00ns) (grouped into LUT with out node and_ln299_5)   --->   "%xor_ln299_5 = xor i1 %or_ln299_2, i1 1" [filter.cpp:75->filter.cpp:152]   --->   Operation 778 'xor' 'xor_ln299_5' <Predicate = true> <Delay = 0.00> <CoreInst = "LogicGate">   --->   Core 74 'LogicGate' <Latency = 0> <II = 1> <Delay = 0.97> <FuncUnit> <Opcode : 'and' 'or' 'xor'> <InPorts = 2> <OutPorts = 1>
ST_62 : Operation 779 [1/1] (0.97ns) (out node of the LUT)   --->   "%and_ln299_5 = and i1 %icmp_ln299_12, i1 %xor_ln299_5" [filter.cpp:75->filter.cpp:152]   --->   Operation 779 'and' 'and_ln299_5' <Predicate = true> <Delay = 0.97> <CoreInst = "LogicGate">   --->   Core 74 'LogicGate' <Latency = 0> <II = 1> <Delay = 0.97> <FuncUnit> <Opcode : 'and' 'or' 'xor'> <InPorts = 2> <OutPorts = 1>

State 63 <SV = 62> <Delay = 6.10>
ST_63 : Operation 780 [1/1] (1.24ns)   --->   "%select_ln299 = select i1 %icmp_ln299_3, i8 %trunc_ln299_3, i8 0" [filter.cpp:73->filter.cpp:152]   --->   Operation 780 'select' 'select_ln299' <Predicate = true> <Delay = 1.24> <CoreInst = "Sel">   --->   Core 73 'Sel' <Latency = 0> <II = 1> <Delay = 1.24> <FuncUnit> <Opcode : 'select'> <InPorts = 3> <OutPorts = 1>
ST_63 : Operation 781 [1/1] (3.14ns)   --->   "%shl_ln299 = shl i8 %trunc_ln299_2, i8 %sext_ln299_1cast" [filter.cpp:73->filter.cpp:152]   --->   Operation 781 'shl' 'shl_ln299' <Predicate = (icmp_ln299_4)> <Delay = 3.14> <CoreInst = "Shifter">   --->   Core 75 'Shifter' <Latency = 0> <II = 1> <Delay = 3.14> <FuncUnit> <Opcode : 'shl' 'lshr' 'ashr'> <InPorts = 2> <OutPorts = 1>
ST_63 : Operation 782 [1/1] (1.24ns)   --->   "%select_ln299_1 = select i1 %icmp_ln299_4, i8 %shl_ln299, i8 0" [filter.cpp:73->filter.cpp:152]   --->   Operation 782 'select' 'select_ln299_1' <Predicate = true> <Delay = 1.24> <CoreInst = "Sel">   --->   Core 73 'Sel' <Latency = 0> <II = 1> <Delay = 1.24> <FuncUnit> <Opcode : 'select'> <InPorts = 3> <OutPorts = 1>
ST_63 : Operation 783 [1/1] (0.00ns) (grouped into LUT with out node and_ln299)   --->   "%xor_ln299 = xor i1 %icmp_ln299, i1 1" [filter.cpp:73->filter.cpp:152]   --->   Operation 783 'xor' 'xor_ln299' <Predicate = true> <Delay = 0.00> <CoreInst = "LogicGate">   --->   Core 74 'LogicGate' <Latency = 0> <II = 1> <Delay = 0.97> <FuncUnit> <Opcode : 'and' 'or' 'xor'> <InPorts = 2> <OutPorts = 1>
ST_63 : Operation 784 [1/1] (0.97ns) (out node of the LUT)   --->   "%and_ln299 = and i1 %icmp_ln299_1, i1 %xor_ln299" [filter.cpp:73->filter.cpp:152]   --->   Operation 784 'and' 'and_ln299' <Predicate = true> <Delay = 0.97> <CoreInst = "LogicGate">   --->   Core 74 'LogicGate' <Latency = 0> <II = 1> <Delay = 0.97> <FuncUnit> <Opcode : 'and' 'or' 'xor'> <InPorts = 2> <OutPorts = 1>
ST_63 : Operation 785 [1/1] (0.00ns)   --->   "%sel_tmp6 = bitconcatenate i3 @_ssdm_op_BitConcatenate.i3.i1.i1.i1, i1 %icmp_ln299, i1 %and_ln299, i1 %and_ln299_1" [filter.cpp:73->filter.cpp:152]   --->   Operation 785 'bitconcatenate' 'sel_tmp6' <Predicate = true> <Delay = 0.00>
ST_63 : Operation 786 [1/1] (1.70ns)   --->   "%tmp_38 = sparsemux i8 @_ssdm_op_SparseMux.ap_auto.4i8.i8.i3, i3 4, i8 0, i3 2, i8 %trunc_ln299_2, i3 1, i8 %select_ln299, i3 0, i8 %select_ln299_1, i8 0, i3 %sel_tmp6" [filter.cpp:73->filter.cpp:152]   --->   Operation 786 'sparsemux' 'tmp_38' <Predicate = true> <Delay = 1.70> <CoreInst = "OneHotSparseMux_HasDef">   --->   Core 140 'OneHotSparseMux_HasDef' <Latency = 0> <II = 1> <Delay = 1.70> <FuncUnit> <Opcode : 'sparsemux'> <InPorts = 2> <OutPorts = 1>
ST_63 : Operation 787 [1/1] (1.24ns)   --->   "%select_ln299_3 = select i1 %icmp_ln299_8, i8 %trunc_ln299_8, i8 0" [filter.cpp:74->filter.cpp:152]   --->   Operation 787 'select' 'select_ln299_3' <Predicate = true> <Delay = 1.24> <CoreInst = "Sel">   --->   Core 73 'Sel' <Latency = 0> <II = 1> <Delay = 1.24> <FuncUnit> <Opcode : 'select'> <InPorts = 3> <OutPorts = 1>
ST_63 : Operation 788 [1/1] (3.14ns)   --->   "%shl_ln299_1 = shl i8 %trunc_ln299_7, i8 %sext_ln299_3cast" [filter.cpp:74->filter.cpp:152]   --->   Operation 788 'shl' 'shl_ln299_1' <Predicate = (icmp_ln299_9)> <Delay = 3.14> <CoreInst = "Shifter">   --->   Core 75 'Shifter' <Latency = 0> <II = 1> <Delay = 3.14> <FuncUnit> <Opcode : 'shl' 'lshr' 'ashr'> <InPorts = 2> <OutPorts = 1>
ST_63 : Operation 789 [1/1] (1.24ns)   --->   "%select_ln299_4 = select i1 %icmp_ln299_9, i8 %shl_ln299_1, i8 0" [filter.cpp:74->filter.cpp:152]   --->   Operation 789 'select' 'select_ln299_4' <Predicate = true> <Delay = 1.24> <CoreInst = "Sel">   --->   Core 73 'Sel' <Latency = 0> <II = 1> <Delay = 1.24> <FuncUnit> <Opcode : 'select'> <InPorts = 3> <OutPorts = 1>
ST_63 : Operation 790 [1/1] (0.00ns) (grouped into LUT with out node and_ln299_2)   --->   "%xor_ln299_2 = xor i1 %icmp_ln299_5, i1 1" [filter.cpp:74->filter.cpp:152]   --->   Operation 790 'xor' 'xor_ln299_2' <Predicate = true> <Delay = 0.00> <CoreInst = "LogicGate">   --->   Core 74 'LogicGate' <Latency = 0> <II = 1> <Delay = 0.97> <FuncUnit> <Opcode : 'and' 'or' 'xor'> <InPorts = 2> <OutPorts = 1>
ST_63 : Operation 791 [1/1] (0.97ns) (out node of the LUT)   --->   "%and_ln299_2 = and i1 %icmp_ln299_6, i1 %xor_ln299_2" [filter.cpp:74->filter.cpp:152]   --->   Operation 791 'and' 'and_ln299_2' <Predicate = true> <Delay = 0.97> <CoreInst = "LogicGate">   --->   Core 74 'LogicGate' <Latency = 0> <II = 1> <Delay = 0.97> <FuncUnit> <Opcode : 'and' 'or' 'xor'> <InPorts = 2> <OutPorts = 1>
ST_63 : Operation 792 [1/1] (0.00ns)   --->   "%sel_tmp = bitconcatenate i3 @_ssdm_op_BitConcatenate.i3.i1.i1.i1, i1 %icmp_ln299_5, i1 %and_ln299_2, i1 %and_ln299_3" [filter.cpp:74->filter.cpp:152]   --->   Operation 792 'bitconcatenate' 'sel_tmp' <Predicate = true> <Delay = 0.00>
ST_63 : Operation 793 [1/1] (1.70ns)   --->   "%tmp_42 = sparsemux i8 @_ssdm_op_SparseMux.ap_auto.4i8.i8.i3, i3 4, i8 0, i3 2, i8 %trunc_ln299_7, i3 1, i8 %select_ln299_3, i3 0, i8 %select_ln299_4, i8 0, i3 %sel_tmp" [filter.cpp:74->filter.cpp:152]   --->   Operation 793 'sparsemux' 'tmp_42' <Predicate = true> <Delay = 1.70> <CoreInst = "OneHotSparseMux_HasDef">   --->   Core 140 'OneHotSparseMux_HasDef' <Latency = 0> <II = 1> <Delay = 1.70> <FuncUnit> <Opcode : 'sparsemux'> <InPorts = 2> <OutPorts = 1>
ST_63 : Operation 794 [1/1] (1.24ns)   --->   "%select_ln299_6 = select i1 %icmp_ln299_13, i8 %trunc_ln299_13, i8 0" [filter.cpp:75->filter.cpp:152]   --->   Operation 794 'select' 'select_ln299_6' <Predicate = true> <Delay = 1.24> <CoreInst = "Sel">   --->   Core 73 'Sel' <Latency = 0> <II = 1> <Delay = 1.24> <FuncUnit> <Opcode : 'select'> <InPorts = 3> <OutPorts = 1>
ST_63 : Operation 795 [1/1] (3.14ns)   --->   "%shl_ln299_2 = shl i8 %trunc_ln299_12, i8 %sext_ln299_5cast" [filter.cpp:75->filter.cpp:152]   --->   Operation 795 'shl' 'shl_ln299_2' <Predicate = (icmp_ln299_14)> <Delay = 3.14> <CoreInst = "Shifter">   --->   Core 75 'Shifter' <Latency = 0> <II = 1> <Delay = 3.14> <FuncUnit> <Opcode : 'shl' 'lshr' 'ashr'> <InPorts = 2> <OutPorts = 1>
ST_63 : Operation 796 [1/1] (1.24ns)   --->   "%select_ln299_7 = select i1 %icmp_ln299_14, i8 %shl_ln299_2, i8 0" [filter.cpp:75->filter.cpp:152]   --->   Operation 796 'select' 'select_ln299_7' <Predicate = true> <Delay = 1.24> <CoreInst = "Sel">   --->   Core 73 'Sel' <Latency = 0> <II = 1> <Delay = 1.24> <FuncUnit> <Opcode : 'select'> <InPorts = 3> <OutPorts = 1>
ST_63 : Operation 797 [1/1] (0.00ns) (grouped into LUT with out node and_ln299_4)   --->   "%xor_ln299_4 = xor i1 %icmp_ln299_10, i1 1" [filter.cpp:75->filter.cpp:152]   --->   Operation 797 'xor' 'xor_ln299_4' <Predicate = true> <Delay = 0.00> <CoreInst = "LogicGate">   --->   Core 74 'LogicGate' <Latency = 0> <II = 1> <Delay = 0.97> <FuncUnit> <Opcode : 'and' 'or' 'xor'> <InPorts = 2> <OutPorts = 1>
ST_63 : Operation 798 [1/1] (0.97ns) (out node of the LUT)   --->   "%and_ln299_4 = and i1 %icmp_ln299_11, i1 %xor_ln299_4" [filter.cpp:75->filter.cpp:152]   --->   Operation 798 'and' 'and_ln299_4' <Predicate = true> <Delay = 0.97> <CoreInst = "LogicGate">   --->   Core 74 'LogicGate' <Latency = 0> <II = 1> <Delay = 0.97> <FuncUnit> <Opcode : 'and' 'or' 'xor'> <InPorts = 2> <OutPorts = 1>
ST_63 : Operation 799 [1/1] (0.00ns)   --->   "%sel_tmp1 = bitconcatenate i3 @_ssdm_op_BitConcatenate.i3.i1.i1.i1, i1 %icmp_ln299_10, i1 %and_ln299_4, i1 %and_ln299_5" [filter.cpp:75->filter.cpp:152]   --->   Operation 799 'bitconcatenate' 'sel_tmp1' <Predicate = true> <Delay = 0.00>
ST_63 : Operation 800 [1/1] (1.70ns)   --->   "%tmp_46 = sparsemux i8 @_ssdm_op_SparseMux.ap_auto.4i8.i8.i3, i3 4, i8 0, i3 2, i8 %trunc_ln299_12, i3 1, i8 %select_ln299_6, i3 0, i8 %select_ln299_7, i8 0, i3 %sel_tmp1" [filter.cpp:75->filter.cpp:152]   --->   Operation 800 'sparsemux' 'tmp_46' <Predicate = true> <Delay = 1.70> <CoreInst = "OneHotSparseMux_HasDef">   --->   Core 140 'OneHotSparseMux_HasDef' <Latency = 0> <II = 1> <Delay = 1.70> <FuncUnit> <Opcode : 'sparsemux'> <InPorts = 2> <OutPorts = 1>
ST_63 : Operation 811 [1/1] (1.58ns)   --->   "%ret_ln0 = ret"   --->   Operation 811 'ret' 'ret_ln0' <Predicate = (!icmp_ln137)> <Delay = 1.58>

State 64 <SV = 63> <Delay = 4.45>
ST_64 : Operation 801 [1/1] (1.91ns)   --->   "%sub_ln299_2 = sub i8 0, i8 %tmp_38" [filter.cpp:73->filter.cpp:152]   --->   Operation 801 'sub' 'sub_ln299_2' <Predicate = (tmp_51)> <Delay = 1.91> <CoreInst = "Adder">   --->   Core 1 'Adder' <Latency = 0> <II = 1> <Delay = 1.91> <FuncUnit> <Opcode : 'add' 'sub'> <InPorts = 2> <OutPorts = 1>
ST_64 : Operation 802 [1/1] (1.24ns)   --->   "%r = select i1 %tmp_51, i8 %sub_ln299_2, i8 %tmp_38" [filter.cpp:73->filter.cpp:152]   --->   Operation 802 'select' 'r' <Predicate = true> <Delay = 1.24> <CoreInst = "Sel">   --->   Core 73 'Sel' <Latency = 0> <II = 1> <Delay = 1.24> <FuncUnit> <Opcode : 'select'> <InPorts = 3> <OutPorts = 1>
ST_64 : Operation 803 [1/1] (1.91ns)   --->   "%sub_ln299_5 = sub i8 0, i8 %tmp_42" [filter.cpp:74->filter.cpp:152]   --->   Operation 803 'sub' 'sub_ln299_5' <Predicate = (tmp_53)> <Delay = 1.91> <CoreInst = "Adder">   --->   Core 1 'Adder' <Latency = 0> <II = 1> <Delay = 1.91> <FuncUnit> <Opcode : 'add' 'sub'> <InPorts = 2> <OutPorts = 1>
ST_64 : Operation 804 [1/1] (1.24ns)   --->   "%g = select i1 %tmp_53, i8 %sub_ln299_5, i8 %tmp_42" [filter.cpp:74->filter.cpp:152]   --->   Operation 804 'select' 'g' <Predicate = true> <Delay = 1.24> <CoreInst = "Sel">   --->   Core 73 'Sel' <Latency = 0> <II = 1> <Delay = 1.24> <FuncUnit> <Opcode : 'select'> <InPorts = 3> <OutPorts = 1>
ST_64 : Operation 805 [1/1] (1.91ns)   --->   "%sub_ln299_8 = sub i8 0, i8 %tmp_46" [filter.cpp:75->filter.cpp:152]   --->   Operation 805 'sub' 'sub_ln299_8' <Predicate = (tmp_55)> <Delay = 1.91> <CoreInst = "Adder">   --->   Core 1 'Adder' <Latency = 0> <II = 1> <Delay = 1.91> <FuncUnit> <Opcode : 'add' 'sub'> <InPorts = 2> <OutPorts = 1>
ST_64 : Operation 806 [1/1] (1.24ns)   --->   "%b = select i1 %tmp_55, i8 %sub_ln299_8, i8 %tmp_46" [filter.cpp:75->filter.cpp:152]   --->   Operation 806 'select' 'b' <Predicate = true> <Delay = 1.24> <CoreInst = "Sel">   --->   Core 73 'Sel' <Latency = 0> <II = 1> <Delay = 1.24> <FuncUnit> <Opcode : 'select'> <InPorts = 3> <OutPorts = 1>
ST_64 : Operation 807 [1/1] (0.00ns)   --->   "%output_pixel_data = bitconcatenate i24 @_ssdm_op_BitConcatenate.i24.i8.i8.i8, i8 %b, i8 %g, i8 %r" [filter.cpp:80->filter.cpp:152]   --->   Operation 807 'bitconcatenate' 'output_pixel_data' <Predicate = true> <Delay = 0.00>
ST_64 : Operation 808 [1/1] (0.00ns)   --->   "%zext_ln80 = zext i24 %output_pixel_data" [filter.cpp:80->filter.cpp:152]   --->   Operation 808 'zext' 'zext_ln80' <Predicate = true> <Delay = 0.00>
ST_64 : Operation 809 [1/1] (1.29ns)   --->   "%write_ln154 = write void @_ssdm_op_Write.axis.volatile.i32P0A.i4P0A.i4P0A.i1P0A, i32 %output_stream_V_data_V, i4 %output_stream_V_keep_V, i4 %output_stream_V_strb_V, i1 %output_stream_V_last_V, i32 %zext_ln80, i4 0, i4 0, i1 0" [filter.cpp:154]   --->   Operation 809 'write' 'write_ln154' <Predicate = true> <Delay = 1.29> <CoreInst = "regslice">   --->   Core 135 'regslice' <Latency = 0> <II = 1> <Delay = 1.86> <Adapter> <Opcode : 'read' 'write'>
ST_64 : Operation 810 [1/1] (0.00ns)   --->   "%br_ln137 = br void %for.body57" [filter.cpp:137]   --->   Operation 810 'br' 'br_ln137' <Predicate = true> <Delay = 0.00>


============================================================
+ Verbose Summary: Timing violations
============================================================
Target clock period: 10.000ns, clock uncertainty: 2.700ns.

 <State 1>: 5.728ns
The critical path consists of the following:
	'store' operation 0 bit ('store_ln41', filter.cpp:41->filter.cpp:151) of constant 0 on local variable 'src_col', filter.cpp:41->filter.cpp:151 [51]  (1.588 ns)
	'load' operation 31 bit ('col', filter.cpp:137) on local variable 'src_col', filter.cpp:41->filter.cpp:151 [54]  (0.000 ns)
	'icmp' operation 1 bit ('icmp_ln137', filter.cpp:137) [56]  (2.552 ns)
	'store' operation 0 bit ('store_ln41', filter.cpp:41->filter.cpp:151) of variable 'add_ln137', filter.cpp:137 on local variable 'src_col', filter.cpp:41->filter.cpp:151 [423]  (1.588 ns)

 <State 2>: 3.772ns
The critical path consists of the following:
	axis read operation ('empty_31', filter.cpp:144) on port 'input_stream_V_data_V' (filter.cpp:144) [63]  (0.518 ns)
	'store' operation 0 bit ('store_ln19', filter.cpp:19->filter.cpp:145) of variable 'trunc_ln19', filter.cpp:19->filter.cpp:145 on array 'line_buffer_3' [108]  (3.254 ns)

 <State 3>: 3.254ns
The critical path consists of the following:
	'getelementptr' operation 11 bit ('line_buffer_addr_1', filter.cpp:49->filter.cpp:151) [82]  (0.000 ns)
	'load' operation 8 bit ('line_buffer_load', filter.cpp:49->filter.cpp:151) on array 'line_buffer' [123]  (3.254 ns)

 <State 4>: 4.842ns
The critical path consists of the following:
	'load' operation 8 bit ('line_buffer_load', filter.cpp:49->filter.cpp:151) on array 'line_buffer' [123]  (3.254 ns)
	'sparsemux' operation 8 bit ('tmp_3', filter.cpp:49->filter.cpp:151) [126]  (1.588 ns)

 <State 5>: 6.413ns
The critical path consists of the following:
	'uitofp' operation 32 bit ('conv_i', filter.cpp:68->filter.cpp:152) [175]  (6.413 ns)

 <State 6>: 6.413ns
The critical path consists of the following:
	'uitofp' operation 32 bit ('conv_i', filter.cpp:68->filter.cpp:152) [175]  (6.413 ns)

 <State 7>: 6.413ns
The critical path consists of the following:
	'uitofp' operation 32 bit ('conv_i', filter.cpp:68->filter.cpp:152) [175]  (6.413 ns)

 <State 8>: 6.413ns
The critical path consists of the following:
	'uitofp' operation 32 bit ('conv_i', filter.cpp:68->filter.cpp:152) [175]  (6.413 ns)

 <State 9>: 6.413ns
The critical path consists of the following:
	'uitofp' operation 32 bit ('conv_i', filter.cpp:68->filter.cpp:152) [175]  (6.413 ns)

 <State 10>: 6.413ns
The critical path consists of the following:
	'uitofp' operation 32 bit ('conv_i', filter.cpp:68->filter.cpp:152) [175]  (6.413 ns)

 <State 11>: 6.413ns
The critical path consists of the following:
	'uitofp' operation 32 bit ('conv_i_4', filter.cpp:68->filter.cpp:152) [187]  (6.413 ns)

 <State 12>: 6.413ns
The critical path consists of the following:
	'uitofp' operation 32 bit ('conv_i_4', filter.cpp:68->filter.cpp:152) [187]  (6.413 ns)

 <State 13>: 6.413ns
The critical path consists of the following:
	'uitofp' operation 32 bit ('conv_i_4', filter.cpp:68->filter.cpp:152) [187]  (6.413 ns)

 <State 14>: 6.413ns
The critical path consists of the following:
	'uitofp' operation 32 bit ('conv_i_4', filter.cpp:68->filter.cpp:152) [187]  (6.413 ns)

 <State 15>: 7.256ns
The critical path consists of the following:
	'fadd' operation 32 bit ('sum', filter.cpp:68->filter.cpp:152) [177]  (7.256 ns)

 <State 16>: 7.256ns
The critical path consists of the following:
	'fadd' operation 32 bit ('sum', filter.cpp:68->filter.cpp:152) [177]  (7.256 ns)

 <State 17>: 7.256ns
The critical path consists of the following:
	'fadd' operation 32 bit ('sum', filter.cpp:68->filter.cpp:152) [177]  (7.256 ns)

 <State 18>: 7.256ns
The critical path consists of the following:
	'fadd' operation 32 bit ('sum', filter.cpp:68->filter.cpp:152) [177]  (7.256 ns)

 <State 19>: 7.256ns
The critical path consists of the following:
	'fadd' operation 32 bit ('sum', filter.cpp:68->filter.cpp:152) [177]  (7.256 ns)

 <State 20>: 7.256ns
The critical path consists of the following:
	'fadd' operation 32 bit ('sum', filter.cpp:68->filter.cpp:152) [189]  (7.256 ns)

 <State 21>: 7.256ns
The critical path consists of the following:
	'fadd' operation 32 bit ('sum', filter.cpp:68->filter.cpp:152) [189]  (7.256 ns)

 <State 22>: 7.256ns
The critical path consists of the following:
	'fadd' operation 32 bit ('sum', filter.cpp:68->filter.cpp:152) [189]  (7.256 ns)

 <State 23>: 7.256ns
The critical path consists of the following:
	'fadd' operation 32 bit ('sum', filter.cpp:68->filter.cpp:152) [189]  (7.256 ns)

 <State 24>: 7.256ns
The critical path consists of the following:
	'fadd' operation 32 bit ('sum', filter.cpp:68->filter.cpp:152) [189]  (7.256 ns)

 <State 25>: 7.256ns
The critical path consists of the following:
	'fadd' operation 32 bit ('sum', filter.cpp:68->filter.cpp:152) [201]  (7.256 ns)

 <State 26>: 7.256ns
The critical path consists of the following:
	'fadd' operation 32 bit ('sum', filter.cpp:68->filter.cpp:152) [201]  (7.256 ns)

 <State 27>: 7.256ns
The critical path consists of the following:
	'fadd' operation 32 bit ('sum', filter.cpp:68->filter.cpp:152) [201]  (7.256 ns)

 <State 28>: 7.256ns
The critical path consists of the following:
	'fadd' operation 32 bit ('sum', filter.cpp:68->filter.cpp:152) [201]  (7.256 ns)

 <State 29>: 7.256ns
The critical path consists of the following:
	'fadd' operation 32 bit ('sum', filter.cpp:68->filter.cpp:152) [201]  (7.256 ns)

 <State 30>: 7.256ns
The critical path consists of the following:
	'fadd' operation 32 bit ('sum', filter.cpp:68->filter.cpp:152) [213]  (7.256 ns)

 <State 31>: 7.256ns
The critical path consists of the following:
	'fadd' operation 32 bit ('sum', filter.cpp:68->filter.cpp:152) [213]  (7.256 ns)

 <State 32>: 7.256ns
The critical path consists of the following:
	'fadd' operation 32 bit ('sum', filter.cpp:68->filter.cpp:152) [213]  (7.256 ns)

 <State 33>: 7.256ns
The critical path consists of the following:
	'fadd' operation 32 bit ('sum', filter.cpp:68->filter.cpp:152) [213]  (7.256 ns)

 <State 34>: 7.256ns
The critical path consists of the following:
	'fadd' operation 32 bit ('sum', filter.cpp:68->filter.cpp:152) [213]  (7.256 ns)

 <State 35>: 7.256ns
The critical path consists of the following:
	'fadd' operation 32 bit ('sum', filter.cpp:68->filter.cpp:152) [225]  (7.256 ns)

 <State 36>: 7.256ns
The critical path consists of the following:
	'fadd' operation 32 bit ('sum', filter.cpp:68->filter.cpp:152) [225]  (7.256 ns)

 <State 37>: 7.256ns
The critical path consists of the following:
	'fadd' operation 32 bit ('sum', filter.cpp:68->filter.cpp:152) [225]  (7.256 ns)

 <State 38>: 7.256ns
The critical path consists of the following:
	'fadd' operation 32 bit ('sum', filter.cpp:68->filter.cpp:152) [225]  (7.256 ns)

 <State 39>: 7.256ns
The critical path consists of the following:
	'fadd' operation 32 bit ('sum', filter.cpp:68->filter.cpp:152) [225]  (7.256 ns)

 <State 40>: 7.256ns
The critical path consists of the following:
	'fadd' operation 32 bit ('sum', filter.cpp:68->filter.cpp:152) [237]  (7.256 ns)

 <State 41>: 7.256ns
The critical path consists of the following:
	'fadd' operation 32 bit ('sum', filter.cpp:68->filter.cpp:152) [237]  (7.256 ns)

 <State 42>: 7.256ns
The critical path consists of the following:
	'fadd' operation 32 bit ('sum', filter.cpp:68->filter.cpp:152) [237]  (7.256 ns)

 <State 43>: 7.256ns
The critical path consists of the following:
	'fadd' operation 32 bit ('sum', filter.cpp:68->filter.cpp:152) [237]  (7.256 ns)

 <State 44>: 7.256ns
The critical path consists of the following:
	'fadd' operation 32 bit ('sum', filter.cpp:68->filter.cpp:152) [237]  (7.256 ns)

 <State 45>: 7.256ns
The critical path consists of the following:
	'fadd' operation 32 bit ('sum', filter.cpp:68->filter.cpp:152) [249]  (7.256 ns)

 <State 46>: 7.256ns
The critical path consists of the following:
	'fadd' operation 32 bit ('sum', filter.cpp:68->filter.cpp:152) [249]  (7.256 ns)

 <State 47>: 7.256ns
The critical path consists of the following:
	'fadd' operation 32 bit ('sum', filter.cpp:68->filter.cpp:152) [249]  (7.256 ns)

 <State 48>: 7.256ns
The critical path consists of the following:
	'fadd' operation 32 bit ('sum', filter.cpp:68->filter.cpp:152) [249]  (7.256 ns)

 <State 49>: 7.256ns
The critical path consists of the following:
	'fadd' operation 32 bit ('sum', filter.cpp:68->filter.cpp:152) [249]  (7.256 ns)

 <State 50>: 7.256ns
The critical path consists of the following:
	'fadd' operation 32 bit ('sum', filter.cpp:68->filter.cpp:152) [261]  (7.256 ns)

 <State 51>: 7.256ns
The critical path consists of the following:
	'fadd' operation 32 bit ('sum', filter.cpp:68->filter.cpp:152) [261]  (7.256 ns)

 <State 52>: 7.256ns
The critical path consists of the following:
	'fadd' operation 32 bit ('sum', filter.cpp:68->filter.cpp:152) [261]  (7.256 ns)

 <State 53>: 7.256ns
The critical path consists of the following:
	'fadd' operation 32 bit ('sum', filter.cpp:68->filter.cpp:152) [261]  (7.256 ns)

 <State 54>: 7.256ns
The critical path consists of the following:
	'fadd' operation 32 bit ('sum', filter.cpp:68->filter.cpp:152) [261]  (7.256 ns)

 <State 55>: 7.256ns
The critical path consists of the following:
	'fadd' operation 32 bit ('sum', filter.cpp:68->filter.cpp:152) [273]  (7.256 ns)

 <State 56>: 7.256ns
The critical path consists of the following:
	'fadd' operation 32 bit ('sum', filter.cpp:68->filter.cpp:152) [273]  (7.256 ns)

 <State 57>: 7.256ns
The critical path consists of the following:
	'fadd' operation 32 bit ('sum', filter.cpp:68->filter.cpp:152) [273]  (7.256 ns)

 <State 58>: 7.256ns
The critical path consists of the following:
	'fadd' operation 32 bit ('sum', filter.cpp:68->filter.cpp:152) [273]  (7.256 ns)

 <State 59>: 7.256ns
The critical path consists of the following:
	'fadd' operation 32 bit ('sum', filter.cpp:68->filter.cpp:152) [273]  (7.256 ns)

 <State 60>: 5.431ns
The critical path consists of the following:
	'fcmp' operation 1 bit ('tmp_33', filter.cpp:73->filter.cpp:152) [288]  (5.431 ns)

 <State 61>: 6.409ns
The critical path consists of the following:
	'fcmp' operation 1 bit ('tmp_33', filter.cpp:73->filter.cpp:152) [288]  (5.431 ns)
	'and' operation 1 bit ('and_ln73', filter.cpp:73->filter.cpp:152) [289]  (0.978 ns)

 <State 62>: 7.005ns
The critical path consists of the following:
	'and' operation 1 bit ('and_ln73_1', filter.cpp:73->filter.cpp:152) [291]  (0.000 ns)
	'or' operation 1 bit ('or_ln725', filter.cpp:73->filter.cpp:152) [293]  (0.000 ns)
	'select' operation 32 bit ('select_ln725_1', filter.cpp:73->filter.cpp:152) [294]  (0.978 ns)
	'sub' operation 9 bit ('sub_ln299', filter.cpp:73->filter.cpp:152) [303]  (1.823 ns)
	'lshr' operation 32 bit ('lshr_ln299', filter.cpp:73->filter.cpp:152) [309]  (4.204 ns)

 <State 63>: 6.105ns
The critical path consists of the following:
	'shl' operation 8 bit ('shl_ln299', filter.cpp:73->filter.cpp:152) [317]  (3.150 ns)
	'select' operation 8 bit ('select_ln299_1', filter.cpp:73->filter.cpp:152) [318]  (1.248 ns)
	'sparsemux' operation 8 bit ('tmp_38', filter.cpp:73->filter.cpp:152) [325]  (1.707 ns)

 <State 64>: 4.453ns
The critical path consists of the following:
	'sub' operation 8 bit ('sub_ln299_2', filter.cpp:73->filter.cpp:152) [326]  (1.915 ns)
	'select' operation 8 bit ('r', filter.cpp:73->filter.cpp:152) [327]  (1.248 ns)
	axis write operation ('write_ln154', filter.cpp:154) on port 'output_stream_V_data_V' (filter.cpp:154) [422]  (1.290 ns)


============================================================
+ Verbose Summary: Binding
============================================================
N/A
* FSMD analyzer results:
  - Output states:
 - Input state : 
  - Chain level:
	State 1
	State 2
	State 3
	State 4
	State 5
	State 6
	State 7
	State 8
	State 9
	State 10
	State 11
	State 12
	State 13
	State 14
	State 15
	State 16
	State 17
	State 18
	State 19
	State 20
	State 21
	State 22
	State 23
	State 24
	State 25
	State 26
	State 27
	State 28
	State 29
	State 30
	State 31
	State 32
	State 33
	State 34
	State 35
	State 36
	State 37
	State 38
	State 39
	State 40
	State 41
	State 42
	State 43
	State 44
	State 45
	State 46
	State 47
	State 48
	State 49
	State 50
	State 51
	State 52
	State 53
	State 54
	State 55
	State 56
	State 57
	State 58
	State 59
	State 60
	State 61
	State 62
	State 63
	State 64


============================================================
+ Verbose Summary: Datapath Resource usage 
============================================================
N/A
